split,address,num_nodes,num_edges
train,0x0000000000b3F879cb30FE243b4Dfee438691c04,717,716
train,0x0016e71c7ced04b51a1fd8bb5c36d9e0cee9e1bb,551,550
train,0x001ea8150f4965195e10e5b5568047e1555a6dcd,485,484
train,0x001f0aa5da15585e5b2305dbab2bac425ea71007,741,740
train,0x002842529757eab873cce9c251087e1b993f9200,364,363
train,0x003ea7f54b6dcf6cee86986edc18143a35f15505,1280,1279
train,0x003f79d7be15dc1ad90ce00e6ea68f335e2b789b,385,384
train,0x00416B9d728069eDB0cEb04bC2b203fA7336d1F1,955,954
train,0x00430f32b8e77a456d0ab7e6f1dc1b84f4ae62e0,409,408
train,0x00539863217abd04b374a422c855e4c71ed1019a,77,76
train,0x0056A6Ac46C0540b9b39BFEecae0C9482f80F809,595,594
train,0x00571808479CEd690a6948992E32b1F3E69DF557,357,356
train,0x0061fde3dc2ec7a24b1e9683e94db91fd52ab709,515,514
train,0x0062179227c03efc81301ade144f447f2561edd5,1675,1674
train,0x0064fbb3f58de455a07b674b9ef6da96553ef9be,352,351
train,0x006b4425ba57148466c0c54af1c484348a14a8a4,2092,2091
train,0x006bea43baa3f7a6f765f14f10a1a1b08334ef45,1916,1915
train,0x00755562dfc1f409ec05d38254158850e4e8362a,613,612
train,0x0078bd770f55a3c6b8f3b3d2a0c21fcac8a92394,322,321
train,0x007df6ad281cbbb9e0e9373654fe588b2bd3b9af,520,519
train,0x007fa227d5d693f7f29e27b1fa028fd2051ed072,1143,1142
train,0x008a8d41c2cb3054504a61e1d54a06fd83560254,495,494
train,0x009449c99a2822914d68691d87b0177292fb5a6c,567,566
train,0x009da0220bf71a5443e396c472f575d402b2d974,350,349
train,0x009f0e67dbaf4644603c0660e974cf5e34726481,440,439
train,0x00a0cbe98e4d110b0fa82646152d77babf2951d0,400,399
train,0x00a9f7d093c46d95f0318e4a6ffc6ed68f73044c,972,971
train,0x00b3ea4b9e28d2914f376cb0463c0f473c2e6179,467,466
train,0x00bef2b6b0948de9e97e2038a1dd87af0b1bcf14,1741,1740
train,0x00d18a886e30234f8aa9b6d3a349b3bc981deda0,1880,1879
train,0x00e9bcfab52c108505411849faba90e83c98101b,641,640
train,0x00f90986cdd79744409f8a3c7747064afa4473b5,2688,2687
train,0x00fa44d91d7541d16dd18a48dd6a011de5e887df,266,265
train,0x00fdd4b5f4e4cc7d6ac02eafb6ef893f1e4d4723,359,358
train,0x00ff9c740bac8cad80f1a3b1c4f20d7ea1c92637,342,341
train,0x010583963f3ae4929253975ebd6bab0066870828,558,557
train,0x011ea78cadd45e578bfe8e6897a4c29f84821c47,325,324
train,0x0127889d6061837ccb9859f79eba77c00b077c87,350,349
train,0x0130fe407729f9781b7006de7589d4d239ac0612,701,700
train,0x0135ff54aa9547d0305528dd06275bc5fb174cbd,350,349
train,0x0142c3b2fc51819b5af5dfc4aa52df9722790851,731,730
train,0x014b50466590340d41307cc54dcee990c8d58aa8,598,597
train,0x0156888f51d68f858ac88aba45df699e2af2e4cc,398,397
train,0x01617196358c14628d032f9c5f7188f2fbcafd78,350,349
train,0x0167ea36024d646ee38062cd07f041e1e1d3a89a,764,763
train,0x0168703872fa06741ecaa9dff7803168e83f7ae0,614,613
train,0x017214d55f5daac38f5f7547629f29ead7fa1c3c,623,622
train,0x01851201a93510ff29f1f3cd9a719e43dc97cab3,350,349
train,0x018595b9622c574abc59eb0723b1c712c028ea5f,1586,1585
train,0x018c4031426917a769fe9964ab2650621642b8d7,1161,1160
train,0x018f01b4cb44ed29f4d91e7e28b1c1f4abc8a060,2325,2324
train,0x0197E6c839925CdCb701F9F4e98198B4E39f42C2,508,507
train,0x019d7e5ae8d2ba9a292244311dc7355058ab1b08,162,161
train,0x01aa8709b876a5896a6f299878e1c35b184084c1,399,398
train,0x01afc37f4f85babc47c0e2d0eababc7fb49793c8,575,574
train,0x01b6f09b54d246670627a009a7dc85bd54354eed,930,929
train,0x01c1103d765f62a0d909499d7b615c382cdb072d,5315,5314
train,0x01d5d0108589f3c52fcce6e65503bb6515e66698,1394,1393
train,0x01d9895bd853dc50ba4229c098b86f122dec5ceb,350,349
train,0x01dae2898900622f79c5d09e7363693cd1f48be8,538,537
train,0x01dd8186B8f38DFA01eA2c044355EA95206a4481,193,192
train,0x020357707453376823f2fa427243d8906e4d8a20,367,366
train,0x02135140a3ecce81711460bac817060a6e4a96d7,1009,1008
train,0x0214d7faA8145bDdb0fb4977980cE26AA1f95cEE,1547,1546
train,0x0215c96d7badf65cfe9b897d232e53451c3876d3,659,658
train,0x022de2e28a61f9d197f8966dd0fc8f7ddf70f2dc,397,396
train,0x022de5f5d6df5624487d9c51b0d496f9d8721878,1258,1257
train,0x0230CfC895646d34538aE5b684d76Bf40a8B8B89,34,33
train,0x0235fe624e044a05eed7a43e16e3083bc8a4287a,705,704
train,0x023c601fc2f0943ff9f2c88f22b23e95c666a174,848,847
train,0x0248f089a622b74cebaa62573605af9a44966bf1,434,433
train,0x024cb480c6bf81eea0067c2682a706e5da5c6024,1506,1505
train,0x025460864660f4651483b07d47c16e52aeb6dd4b,185,184
train,0x02585e4a14da274d02df09b222d4606b10a4e940,912,911
train,0x025abAD9e518516fdaAFBDcdB9701b37fb7eF0FA,526,525
train,0x025db0ad4f49ae49102246bbb5120a619e9562c0,1319,1318
train,0x0260c78d494f0fefc7f42ebab710768feeebc017,350,349
train,0x0263e76b500a3cf6b31753a70055d9a05a3e655b,656,655
train,0x0266151c5b5ba83fb1d7abedd70da3736180f4a2,350,349
train,0x026e39be56bd57657204e34d5bdb80c85709d0ee,544,543
train,0x026eb3120e81270dd7aeb0c240851c0b82407693,346,345
train,0x0279f2882d32f19661649535d802a8df9efd7d6f,411,410
train,0x0281d3d07af19c504d4dde8af899c12781f89a69,350,349
train,0x0297c3970da02bb88a411d3665e0e2ecfad20206,203,202
train,0x02aa481223f81b30ae9ccd4845ebfc3d4f4be068,349,348
train,0x02b0cfdc2ce5775feb68be62a7df3bba56598817,1114,1113
train,0x02b35b885595427f28c46066c61b73ad957ac2f8,417,416
train,0x02b6700c0282a687d66f3e09723bed55f23d5b83,352,351
train,0x02c56f1e280fd64cb034385dbb26ede7517b6198,953,952
train,0x02cb1adc98e984a67a3d892dbb7ed72b36da7b07,999,998
train,0x02cf57be43971ce5446f7893d9a73d3571976e06,272,271
train,0x02d91ac9fd1c0c9762f9591c7acb37d23f6fc927,350,349
train,0x02dbe2f315e059743376abcd22ab4908ea9fb02d,760,759
train,0x02dc5c6317cb81fc1ba5fd7fcb773f5a42deb700,1335,1334
train,0x02e2c4e6b91734f1f3d2cf4bc4ec4db4a51bf04f,318,317
train,0x02f2563fadac788ce0965443b232d1e26e50e5fe,350,349
train,0x02f63293d2028a6de37f1d9545e66246a0a45911,55,54
train,0x02fef77de4bbaf4adfb5ff7b81312e3cdebde646,350,349
train,0x0301256716f6a18666db5a6009c2bff7c98fdde9,102,101
train,0x0326ade59900f4e99e029362a076063a6d542a58,1868,1867
train,0x0339f0a4ebd50da09aa623e1d3e341c5b66851cf,471,470
train,0x033e698da77de33120c703e373f43525b10f8e68,6826,6825
train,0x033fd9f42f7e1566b893b31078a62b2b959ebd72,1509,1508
train,0x03425fA34130C148Fe922Ff8880409C79410A879,429,428
train,0x0353813310f99e7f26cbee085917d0de5964d386,308,307
train,0x0356a7871e3ab819a5183bd367ea6187f6e3acc8,3719,3718
train,0x0356e14C2f8De339131C668c1747dEF594467a9A,330,329
train,0x035a401972f228b58dcae76bf318b54ed036d680,957,956
train,0x035c8119a68a8f762fe2731fa190a5afcba653a3,349,348
train,0x036407F23D5E1C1486F7488332CF54bf06E5F09F,550,549
train,0x038cabdd362c5a5192f968caedfa8ce8777b312d,613,612
train,0x038cf0fe8b400538211b0cdc2dbf4e9a8a36bda4,170,169
train,0x038Da599A137f89f49b43cd0d561d5E159058b60,453,452
train,0x0396340f16bbec973280ab053efc3f208fa37795,402,401
train,0x03a6290b5c0875313422ee003bd323979c8d1ac2,112,111
train,0x03a6d45820edb4e66e41ece0dc96170e875a1d16,613,612
train,0x03a7b9266b98904a7807ee3f5d03b272d614e064,350,349
train,0x03ab37e5754f55c965101ba1623b3bc91e819b28,23,22
train,0x03abf8b032feebef9f3ad74459d4a951f8cc84ba,2046,2045
train,0x03ad838d4d962fa6b187dc10e8513e595a32f889,470,469
train,0x03b0be689f36f383568d0a2486834cc6ceddda50,985,984
train,0x03B2DC629520693e69339BAF84fD74CDcCCB275C,829,828
train,0x03bb85e156a5daf4b1e3357f251310a0e7e78b18,350,349
train,0x03c18d649e743ee0b09f28a81d33575f03af9826,1873,1872
train,0x03cf94938696812a3615a98cdfcf82598ef30158,4121,4120
train,0x03e9aa975f78447e525bdacf9b78d203d55ad89a,526,525
train,0x03fda8d2b2cb20a72e1fa6ee87f7356153b7123c,350,349
train,0x041b3eb05560ba2670def3cc5eec2aeef8e5d14b,1032,1031
train,0x041d26dcceda7fd82898cd7dce0ae7da6031ee51,181,180
train,0x0429047892b8a903c0b4fbbd26e85d288f7af958,480,479
train,0x042a277368cb43A70b06361E7ab7D1D0A2096B0e,252,251
train,0x042c2d72F48bC09B7b7078d4ba6f6a8DdCaef838,453,452
train,0x0434466d3e9f8b9e01e6cf719eb5d266959b4f08,355,354
train,0x0436d3110dee47f177bb5d9b7ea5ce5d712522e8,285,284
train,0x04377099cc9dfec0f4bb55189a142959eae293a8,287,286
train,0x043a0f6f167c81d6bc22066c0525fe88a2da3c5a,296,295
train,0x043bef377cb396756d177fda57f1ff941959a0cd,342,341
train,0x0445ae32d33066a29e4573bf15d4a2a9690ab754,361,360
train,0x045017b207afbac0b104acbe2114c8dca369f305,350,349
train,0x045129cba354a107eceb686300dabe2bdee6e453,548,547
train,0x045c60df00aa2b7ff1753ee81b57bfe5e290e732,535,534
train,0x046ca79f69c12a443eba6570610cb53030e66ef0,103,102
train,0x047b992d4f5c5ef58fc77b76708aa9bd35ad1cd8,1358,1357
train,0x047BE01729131132D47e54c95cA1F3E14044DFBf,344,343
train,0x04811b269ce3feccf2dffb13a79aed13b1cbf296,695,694
train,0x0482bd68cdba85abe413db123985fb46deb25a4e,407,406
train,0x04830e45762f09853b398d1d03003fda7c978597,1903,1902
train,0x048431fe46a02ee28497919224ef3144f68a872b,288,287
train,0x048717ea892f23fb0126f00640e2b18072efd9d2,8537,8536
train,0x04874548a2c233f57ba13c4d4cdee73c29811322,350,349
train,0x049399a6b048d52971f7d122ae21a1532722285f,393,392
train,0x049509cb0e5720a3eadd7e7f736a5a05cf810070,523,522
train,0x049a5bf874f241d94232137ef728a9c7dd0d7550,470,469
train,0x04b14c31c9fe219a16c62686cac58b4f702ce73f,354,353
train,0x04bf44a0159f900328173edc39eb472ec1c2faa9,352,351
train,0x04c39e68215a42d697d72ffcd8345a0155003b25,350,349
train,0x04cd5f369825c0b2ae1e7a6e8559734f6080fbb5,613,612
train,0x04d01b6145bc9db925ec1e80bc85f936a961210e,3563,3562
train,0x04daec4e1fc6a4b4555b509b7c5c673ebad29f1f,829,828
train,0x04e7eefd4f5831409cd7fdd0821bde32d9c800c5,513,512
train,0x04eadaa51c080391bf0c415420e2324b9a006848,466,465
train,0x04eb6febda6646032c6de98554e607f430c39797,1168,1167
train,0x04ed15fa8c47778589c1bf3451e0de25c1eed3ae,553,552
train,0x050663fa3f625e9accf534fb188bcb1dca0579b5,1143,1142
train,0x0507567f1ce102b70b27da7d74d52daa2d9b3011,544,543
train,0x0509a863569f2e9253a1fc8d4bc90a7a0cf9d2e4,741,740
train,0x050a0bb563e7cf21eb29df0bb39e9f092fa2cd3f,893,892
train,0x051fda7486480dd5abcf5dd742ef002a2ebb9ea0,2297,2296
train,0x0520959c7b38a2db9f9ed0f7b0fc621cf22c07a0,1288,1287
train,0x0525b2bF24ec0Bc5D8514747F250010E240207EA,335,334
train,0x052b7112f050a3fb79ee2afdc1c9e821a2b1f0c2,350,349
train,0x052d01d58729839b0fb9e321c63caf4f7a3de7fe,1103,1102
train,0x0532dd9ecb00c424c72335df4f60c11c03229ec0,679,678
train,0x0533FA1D4b6CB6FB0be65edFeAA03b11Dcd172C4,1358,1357
train,0x0535e6410a82B7a4185AB864e4edc83c1bDaF2c5,335,334
train,0x053c45e82c3b78aaf3303c1385dced942b2ea719,526,525
train,0x053e43d155519efc4616bdc2a8fef5a4eb4cec4e,596,595
train,0x05435983b4736d18d3c56e860d607f2825dc5d64,1441,1440
train,0x054ad3cd4a66f14bf5c0de2548a53be66995a4f6,617,616
train,0x054bbeffef8b77640fb1b3955c4f12f19cd0a8cc,291,290
train,0x054e9fc67e4bfeee098576f6d46dbbcc232745a2,102,101
train,0x0550CA1315DD195Cf5AA1c675A4611ac5ac8988A,335,334
train,0x0565043602218b8bcc3b1470a33de427561d9f79,499,498
train,0x0566c17dc2a9efcaa2f63e04cf06a69e8fc77f60,551,550
train,0x056c571b521a2e1545f99d8340990403b6c7abe9,613,612
train,0x0570318951cfb0e0c4c2af3070c1c040e0e8790b,927,926
train,0x05711090b4d375431e841ea79e52666f623d3353,2671,2670
train,0x0573e5acb7d65848564cd81b69d1046bdf870244,544,543
train,0x057bfea37ba2637dc00abd2ef0eab5abfbf31076,355,354
train,0x058306004a2acfcaf5160142adcb71e9bb6d38e9,400,399
train,0x05852E51E7c86333510327C64D8dDDC9D2264D24,6927,6926
train,0x058f4de2ce00b8d68905ca9eae550b326bd9d691,545,544
train,0x059468db0af9a1c0079ee0fc1d5773aec585cc72,740,739
train,0x05a0b0eadd54d13ef3fe015f2ede197a822bc8fc,829,828
train,0x05a0ea0e87d273e6a1fe04ca8b5a795422d7507b,587,586
train,0x05a271f117c42d77f77b0e4491f603c0370806e9,365,364
train,0x05a2f46b2409fe46b8c1f87af2508e7aef5aa8fa,89,88
train,0x05a632dab15b1f3e012ad1ac6a23c6f0a1edd48b,544,543
train,0x05a9bd0d2d04ba1b2a4706c5a99397a2c7e8c89e,350,349
train,0x05acecc73ff68c850e0ff5a068262678966d9f4d,644,643
train,0x05b3abd9031a31a45121bda59c7bb52fc7db2590,308,307
train,0x05b9f9f8868631c4afd2b7f14600bfa3a64524be,350,349
train,0x05c7065d644096a4e4c3fe24af86e36de021074b,1200,1199
train,0x05cf67329a262818e67c080e9d511a34d36152c0,966,965
train,0x05d199c8a245d03c30b0b920e64dba76ea6d9710,544,543
train,0x05d379b48A8622ae4018309E116420Db4a38A225,306,305
train,0x05d3f719b45866da98059436a4baa33596bf2ad0,772,771
train,0x05d5cd67b6274ace2eb72a17beafdb06bdd9fca3,216,215
train,0x05e2555a234c5cc36d86406211fb2dd7fa6a5f63,421,420
train,0x05e75b895d04b4026ec5567296790d63c917323a,350,349
train,0x05eb2cd16d6407d69081d4748716e8bc6fc9d72f,350,349
train,0x05f4d78f7f42cc62a5b3a7e5abfe5eb3ff4ca1d3,523,522
train,0x05fa56daf3c7496854bf685e7f3f435f87589e58,662,661
train,0x05fab99daeb0b9179d66d4dfd5cbb57a9d73c4e5,544,543
train,0x05fceB069136e291f5241753E8E5ad2B55a372d6,442,441
train,0x05feb3b6c5fc0226eaba3f2354de0a79eb7d961a,497,496
train,0x060d0b85c8a352255cdfbbe8c910a00288f2a85a,353,352
train,0x06117df6a48d94402a2ccace1fb01c78328c95e4,350,349
train,0x06147110022b768ba8f99a8f385df11a151a9cc8,1104,1103
train,0x0614e57bbc71cd0b15217152d4b07af5e717d4ef,661,660
train,0x06295aDBd4D822Cf7CD033B597093c2dD06D349D,357,356
train,0x062d6ec3099208fd4a0e0ce4773e81f2b322d9d4,586,585
train,0x06300cec31cf8edf74a17dac79cbc66355113179,1083,1082
train,0x06308b924dc8fe805bd28d3170b7c8b9909e4eba,718,717
train,0x06490802a5628eea6d701d02bd7db7f42b9208dc,350,349
train,0x064ccc4e93d4fd48b4064c76a15da17247528b23,1341,1340
train,0x0661f61a286eb1f4383c5128b3178a6809eebf6c,477,476
train,0x066420ff2af331b3f7c1a5925121e068c69614df,789,788
train,0x066b2063d4bd8cade177c55de659884c40bf2b8f,497,496
train,0x066dc885fd8ed7a6e8adcafcea40621a86367fd3,345,344
train,0x066eee2be6388f8c19983185906ed89724c7b4cd,542,541
train,0x068696A3cf3c4676B65F1c9975dd094260109d02,1669,1668
train,0x06a336b88d72f471bb54438c42ecb1f9f3cf7df7,711,710
train,0x06a7b44045c0d7999bdc711d3b04fbe1d5490796,438,437
train,0x06b39e8fddaa73813ac07a1e9752dc4249f9c88a,1637,1636
train,0x06ba669680584b8bf8be2df362cfcf10a7430085,297,296
train,0x06Bb6701983E126f31a4C20d6bECB12dfD70709E,370,369
train,0x06be72c75867bb31e546575cc79317cf82cc4115,613,612
train,0x06Cd2eEF7497911037ed631CAe1ecb307B4D4de1,617,616
train,0x06d191c4bc47138d5d79eb881deea86c93e6603b,544,543
train,0x06d3c687d94a6b15076fbbaff1ca73e3a674b402,1214,1213
train,0x06d70ba8fb76c0f86896d82a78a4b8da85462906,399,398
train,0x06ddef90c123b166769c2b4dfdfdf7854a72b036,1177,1176
train,0x06ecbdacda591a378c66dfd297a911b3ca6f3217,268,267
train,0x06Ee3390532f493B4C3a41aA6E396ec750C038d7,350,349
train,0x070ab8286ccb4ff37c1945a0f17fa69347453169,348,347
train,0x0712e1506f9bf1c66c8ba997ff1bf998a057d536,350,349
train,0x071d9bb8f35685137633134dfe41415dd0b4308d,285,284
train,0x0723105914f7050151e5f8b941e09f826b11f6b8,580,579
train,0x0729377becbd653b9f14fbf2956cfd317bf2afdd,287,286
train,0x072e07394a4a0446b3c8f6cb6675f315c8729501,1213,1212
train,0x0732673feae6ac9899cf078146ebb157ab264099,3,2
train,0x073d13fe4d79896a59fe904b8d8ebf7a2f607378,399,398
train,0x073D6621E9150bFf9d1D450caAd3c790b6F071F2,3302,3301
train,0x07536201e0c4c7751c9cfed79f1bf5dba4772c9e,85,84
train,0x075a0f607a3072e748ef4bde2cbffe4db60268e9,565,564
train,0x075a5d77E17502ABa0388746aA229BB33682f521,1171,1170
train,0x075e3b0912f61fd347900c8130a253f29e4c7201,285,284
train,0x0766315FC8257F890B683b5F9fAA9875c7846b4D,738,737
train,0x076719c05961a0c3398e558e2199085d32717ca6,3870,3869
train,0x076C97e1c869072eE22f8c91978C99B4bcB02591,468,467
train,0x076ce20cafa1eed53dea8f34079b4bb31cc5c503,696,695
train,0x0772928b3dC59ACAD8783F01506fE2CbA4f6A775,1990,1989
train,0x0776aa01b3e5efc2c403d548ca26007c155f1bc9,572,571
train,0x07837872a605461981127653c6d21e45c9cf1805,1292,1291
train,0x0783e1ab0f36512ca4b1c883a98cbea98566946d,3360,3359
train,0x078886b1cbd81941a88cee842971bbc7cd91e069,350,349
train,0x07995e463F8957B70d683ADDd00a695ba83bb324,470,469
train,0x079b9e911109ee8518A71266fEBA7CAfB748EE5A,516,515
train,0x079c8219eb6d9a3ac71035b365a6f61133fca05d,613,612
train,0x07a58629AAF3e1A0d07D8f43114B76BD5EEe3B91,840,839
train,0x07be17b2695881fa100e92815edcff0b042b4a8c,350,349
train,0x07c5b1e4391fcdfc6c12548448aeee30a3793079,453,452
train,0x07c832778f2b54ff373b0a59d848b3fbc4939f34,664,663
train,0x07d6c9b63dc0af6bdb32e924fc4e1a689391d230,17,16
train,0x07d8302a5115653408f97d2f59c65be88ec1a352,483,482
train,0x07E040D474a584cD2E7e4A819fA18420BeB5Eb4f,780,779
train,0x07e76a4c93ea197cb578fef37d046972890df61b,1409,1408
train,0x07f2a3ac67517b1d2b777d7f61d943c4b9d359d0,456,455
train,0x07f8290737585459df99f20aa322d6cc8eda93c3,613,612
train,0x0824d3c0445a0200ed69aeb129e5601108af2192,350,349
train,0x082731cfe45a50e43eb7af6fda41ecefd497f25c,422,421
train,0x083da6ad785894d4f249236ec52c13ca3c689ca7,211,210
train,0x0848078b2fdd325f56c7d4dc1856e06ece831fa8,544,543
train,0x0848e84Aa70274c1E51D71564bde2211eE0406F7,1034,1033
train,0x0850fd76fa34a1009e31a689b45aee9d3c71b121,778,777
train,0x085bf17D6c557254D0370514B97d16307B8f0775,1122,1121
train,0x08776f41d8507ae16327a2edb86069c74e3453d2,707,706
train,0x089431F295b58c17C0b1754Be2e15d706e990151,256,255
train,0x089a6d83282fb8988a656189f1e7a73fa6c1cac2,1298,1297
train,0x08AD34f1A18285Bf7BAC2c68d0B7017a423FE1de,187,186
train,0x08aecd1d0470cd6facd1df229f8763e40e830ca3,436,435
train,0x08B63cBC9589CcDcaf8c801053E6FA9663331250,955,954
train,0x08c5a77bf3d3bf96fcad0f17d5a44f013f983af1,342,341
train,0x08cdcf9ba0a4b5667f5a59b78b60fbefb145e64c,1000,999
train,0x08cee0ab11fe46e29c539509f25bcbda2f70e2bf,3737,3736
train,0x08d01228a985b3a86a993342436fcb411b43a312,91,90
train,0x08d109b4be6d131acacddd6fb6fa6f93e7ec72fe,193,192
train,0x08d32b0da63e2C3bcF8019c9c5d849d7a9d791e6,924,923
train,0x08df2b3be10f7e09881dc2cbdd9afafe048607ed,523,522
train,0x08e1b742aa2b585eaa6021fbe380f3b6fef5d914,775,774
train,0x08e836f7d4804d39e798b6459fa54543f260d4c0,617,616
train,0x08ec0c80d98ffc16397b09db8b69b9fae9714915,403,402
train,0x08f098fe15179a9e3406fb30c49ee8ff4ae7d42f,552,551
train,0x08f5a9235b08173b7569f83645d2c7fb55e8ccd8,579,578
train,0x08fa47c50bc9c05ec1a16d310d08f9c40beedf94,906,905
train,0x08fc9307e928076062460a0c4db0d2461591ed71,1202,1201
train,0x08fca9bfaed36c29ee3435206158f13dedf4a859,986,985
train,0x08fd34559f2ed8585d3810b4d96ab8a05c9f97c5,1249,1248
train,0x0907fe14b47cecde6138b48ad33469495bf8f295,68,67
train,0x0908f1678ea2aa69912ed9b45861e2cfe5c41c35,485,484
train,0x090fC358FA1a992C083590c7dd33Ad5208A02e9d,704,703
train,0x0911ccc23dab34d2aed4b6d1cc00f49ab2451e1f,350,349
train,0x09133d5AcFF2353d3860F1dc455589A941cF5EBd,1145,1144
train,0x09181c5e6f1bb206d1d1df5a43be922322b378bf,869,868
train,0x0920eab34b13eabdef261a68e2883713ed620946,274,273
train,0x09263d1a5ed92e2576b455a409676cfbc4f7d275,448,447
train,0x0927feb960012fbceaac13612300d565ed50ae57,667,666
train,0x09287b5f9eb273023facd94ab5a61f5af749ecc8,778,777
train,0x092cc215a5018f0ee10ade9ebec4db6ce25264b0,350,349
train,0x09617f6fd6cf8a71278ec86e23bbab29c04353a7,967,966
train,0x0961ab89e7a6e557c30f30368480b55bc8fa41f1,350,349
train,0x0964f4a42f902ce85973f3083541fd080369b87e,804,803
train,0x09678741bd50c3e74301f38fbd0136307099ae5d,1617,1616
train,0x096d7ce60278e623c0b5763a0d04fde844d2c537,3913,3912
train,0x096f35b262b4785876f1ed04fc7c474ae58a21b6,350,349
train,0x096f4002747bde03416dc979e8a9bab48cf8ed85,553,552
train,0x098af9afa803e2598bda464ea2fa0e144649f3f9,249,248
train,0x0994B7e142C0AC1B6554DaA64c7865dDC4e54DF7,683,682
train,0x09971fb3ebd22e3afea9f214ddbc85a03f993fe9,859,858
train,0x09a347a9d6ea6f319b3ff05b14cee12a8c2d3d6e,738,737
train,0x09a9b53a3c0aa29004b91b3e7448fc9fc8aae300,350,349
train,0x09c93ba00e0f908a8b6853357321b418eb4fe787,669,668
train,0x09d8b66c48424324b25754a873e290cae5dca439,551,550
train,0x09debe702678140c1be278213109719fab98d0d8,350,349
train,0x09e33737e4b56ffd7fa092fae2109662141ab87f,118,117
train,0x09e974b6e99293f5f53c595e8cedda7965611e69,358,357
train,0x09f12bec5a14ca52cce842d8b885664299ba5ac8,499,498
train,0x09f5ee84f440eeba099fcfa6bcf421811a051168,371,370
train,0x09fe365076429a478f8b5391de59c362d3ab5004,617,616
train,0x0a0af8a0604ba0c40d81e6b766a0f44aa6616431,350,349
train,0x0a1524bfbb8905de0a3b15bdf8d678e7fb9c8c68,953,952
train,0x0a18fcacf80a205119f6dace51e9119f2f1c0e5f,1703,1702
train,0x0a26eccb83e056bb31cbe38c4d1a73c23b572191,350,349
train,0x0a283ed40e2f050b53094d08bde36f67db50bcfa,434,433
train,0x0a2a94Ded0b8C9cB3BD4Ec2ef86eeEE637A4Db7C,338,337
train,0x0a2b7fd09f82b221f4704dc2501eb4c12cce346d,728,727
train,0x0a2d553217e92c6553334723f0669cc3f61fd569,542,541
train,0x0a2e310409f7589c9e8640abf98ca2b7b35f938c,933,932
train,0x0a313162fa66c21ea2641040e7e43933e6904880,881,880
train,0x0a370f465c4d80a2e0131b7e76fec8decf3629c7,1140,1139
train,0x0a38971163ebc064e8dc8df334e13ea8c917d06b,350,349
train,0x0a40E12618c3bd5295F39416506b86A70b52e08f,685,684
train,0x0a61c13945cf8dc008097464534e3b0aeee557d6,770,769
train,0x0a630de26e5b41eaef08741e74da4018a6c2e14c,177,176
train,0x0a7458ee9ba969ea5959f656047085d7e99dd3dc,2666,2665
train,0x0a7fe56109bacbcc525142aede71ab5bf8934cf2,419,418
train,0x0a9Aa2003215BfBc6caf9a49256e9F4EC42b3c3D,620,619
train,0x0a9b6bf5093a934c87ec8ae90e2173982946934e,295,294
train,0x0a9b9d976de8e09f0b57d1d7f344abe77925145c,716,715
train,0x0a9d1a2ef992d5d9fa366d287bfaba5994ebb9ef,725,724
train,0x0aa4e6e25a76f81f079aa300c33621e20c632e6a,750,749
train,0x0aac84ef458e67758a2991a769d979981cd41fc4,1021,1020
train,0x0aaf8865a6cbf417e7ad51fe71fe60f1a0c192f8,8419,8418
train,0x0aBCe3Be0075d067E12dA8d266De752E20ff9842,239,238
train,0x0ac1eb22b98cdd76796401ff462a96da9dbf07d4,823,822
train,0x0acd8381190a3506407ac5e7409a9205e3aa1a08,617,616
train,0x0adc6711e770f6354d18f2c7c4054ed4b8402f19,350,349
train,0x0adcae90088fae1007555733b4d3d63f24f4a2a3,249,248
train,0x0aecaad227f0c0dbddddef7e9a841d19c61b2724,1398,1397
train,0x0af1b410a7915ce6b4754b355d37cc38e59b7edd,1069,1068
train,0x0af46b0c6d12f6d498f623f9184ee9ac58c2b806,410,409
train,0x0b03f47040ade1a693342b14a76127ef040903db,520,519
train,0x0b041df86f8d869c6e0cafb211d11d8c58394d95,350,349
train,0x0b1225323ff8dafee69643068bedbb0e351b8271,350,349
train,0x0b1724cc9fda0186911ef6a75949e9c0d3f0f2f3,1144,1143
train,0x0b1e9e95f0655716ee00ae455caf9ba01364491a,742,741
train,0x0B315cb0A44835a5582d1c6Da3510B85Bdc01626,3403,3402
train,0x0b38bcec2b7404490a16a9fbbd3a87e14dac0367,189,188
train,0x0b3cedf1fb7f835cd4b7bd49b8a14f8c388bc24f,399,398
train,0x0b444993e305016f213a030c9af4013a8c537b63,227,226
train,0x0b4bdc478791897274652dc15ef5c135cae61e60,226,225
train,0x0b4ce72a70e87bee66e0f43e9c861366e9d7de19,789,788
train,0x0b5cba1bc5ec084e82fadc4e2c3a43a94660b6c4,1147,1146
train,0x0b5dcd8cf2e32c2cebead397ea857d2e8547f297,114,113
train,0x0b5f57467db959b959410f83e3810fcfaa592f5b,508,507
train,0x0b6ddd1c0b7ab2dffccbbf95002713774677cbec,502,501
train,0x0b6f6e073a08ab8fd458527c47ed83982ff26851,295,294
train,0x0b75fbcb65d6a022e4c0be96a5e64159bb43e869,434,433
train,0x0b76544f6c413a555f309bf76260d1e02377c02a,604,603
train,0x0b7c723afbd859a2b9eebb7a0b674ab38d79c027,421,420
train,0x0b983fa1bcbdf24bdbfacb660faa76c586a16c64,397,396
train,0x0b9cab17883e721888c22b2bcb5a00f91a711989,585,584
train,0x0b9e9c56ec900fbea85546444458d3c31ab60572,513,512
train,0x0bab6f620063cbb684c06877957f89f1bb10616f,540,539
train,0x0bb217E40F8a5Cb79Adf04E1aAb60E5abd0dfC1e,609,608
train,0x0bB3B818A83cFd8c1c86082a4ce191188EBD8f12,2955,2954
train,0x0BB622A8C564BDc98e8F40F23e5077CD4a8699Ea,2181,2180
train,0x0bB664f7b6FC928B2d1e5aA32182Ae07023Ed4aA,334,333
train,0x0bbca72ed61d12dfbf4e6d534a45474a0b1e51f9,477,476
train,0x0bbd9c1ed2579da8e71b1b94e76a1b59a2133ac0,350,349
train,0x0bd6e76d1262b9e8ac056eca3f695167efbdd297,342,341
train,0x0be8d3261cd699fc5ae124b3f8d38d568fd461b5,478,477
train,0x0BeA4f7Ee7DbD9CCcFBa4b2E7A178dfC1e877723,1490,1489
train,0x0bebbf0584cad1c8957bba098306b703e4a22952,757,756
train,0x0bec4767cd170242895d244d7ff73feaff6c2598,21,20
train,0x0bee1b7287969e1e8afb50eb587e93217ffab3a3,1112,1111
train,0x0bee5ca8dda2c0b8edd1c4369f7cc35d243e547f,1007,1006
train,0x0c04081a9d7baab199b416aaadb68fbb3de7332f,2671,2670
train,0x0c04d4f331da8df75f9e2e271e3f3f1494c66c36,632,631
train,0x0c244b55c31327b76d595179d81527aa94ffe4e7,647,646
train,0x0c36d834a50e9149ff38ea6221cfaeabf607d57d,838,837
train,0x0c3dfe0a6940b2aa81d81418776012d7385c521e,999,998
train,0x0c3dffb69463b7d654bd930cf6a1f69c5490e6e1,399,398
train,0x0c43e86cadccef20d52d4d14accc38a0f896b014,361,360
train,0x0c4414549531fb8834b247411a763764dfb6c8c2,280,279
train,0x0c47e8028d5452fcc1ad577b3212c1e63de72b50,768,767
train,0x0c4911ba2a7ef0a82e7bfce61b7e358121196ba1,1521,1520
train,0x0c495b4716462d89c564ba79e7de477b543e0e30,1010,1009
train,0x0c52acf0921cf56c56d5737fe32f3ec2d2be30a2,350,349
train,0x0c54df61bb9e1c6b532899e0d5e818fc10763849,798,797
train,0x0c5876bc9765ee15fc3378100c070453186db8f3,221,220
train,0x0c6c78e9D5576818e6638E198bFf0ce9764098b1,652,651
train,0x0c96f49d723b95561170a96339904305ea98819d,996,995
train,0x0cbe050f75bc8f8c2d6c0d249fea125fd6e1acc9,13,12
train,0x0ccD5eA595a3E7537e471F40a4d90F88eD0cf5ec,421,420
train,0x0cd103a98a13025871d006793bd4ab69fdf34d74,385,384
train,0x0cd161ef9eb19a95fefa69c36f9cf552c19e6b8f,531,530
train,0x0cd6c421a95d0da8adfc65417482162b5916ebbb,497,496
train,0x0cdda8c273db5340eef9c6e29cf63343ab54376f,350,349
train,0x0cf0A2a4Bc1CcAA0E3CA2048E2E04E972E3F84b4,216,215
train,0x0cFae4866c11cf6194D787CF76D479e28A7CC577,381,380
train,0x0d156d99f8edd92488ccad789efe35a575803043,533,532
train,0x0d1b68d4d65f6ba3f2b9600d1b2682d98e055a62,1168,1167
train,0x0d1c9f761794cf56c51d1f666e808681207f34a0,350,349
train,0x0d276a2f26a4f508276739ba7f4716eb6ee2ea27,620,619
train,0x0d2d64c2c4ba21d08252661c3ca159982579b640,440,439
train,0x0d30e0c083855ac5d3748d3cab4e981be02d2e7b,350,349
train,0x0d324b2e732c35162b99bafc63e35b16e6ec54cd,598,597
train,0x0d42fb07a685d2ff9d6bb93df0389946192cd322,1069,1068
train,0x0d47d4aea9da60953fd4ae5c47d2165977c7fbea,413,412
train,0x0d547f8b8d7201523a834addbb27e40140ee6f18,429,428
train,0x0d5516103752b3954d95621f470a8261151da2e4,1253,1252
train,0x0d623823d2aa4540f335bb926447dc582dc5bd64,1123,1122
train,0x0d62442a4b931ac1243997d96bfe37fef4fb03e7,610,609
train,0x0d68560012c430c367e86c4a7d95e3bcd53802d5,350,349
train,0x0d70db256cae067326eb63c09583afddf75f117b,342,341
train,0x0d7613cd6b6681928ade30c4fd3ebcc2c2f68621,350,349
train,0x0d7cd0dda462432bb8c15d59e5503ca17b3cc2eb,350,349
train,0x0D8775F648430679A709E98d2b0Cb6250d2887EF,630,629
train,0x0d8d860c117ed7d41a73bd3abb10a8b250c38b1a,173,172
train,0x0D9A437282bA395664ed7d26Df2377659a7e16AF,357,356
train,0x0dadf584229a468a0ad29d6e22a56a65fe7b86f6,546,545
train,0x0Dae0a0d130F053fE4bbbec4927539E5f06d2684,864,863
train,0x0dae5dc78cc470a5e2f7c7c6b63ae7298e65853f,2938,2937
train,0x0db8d8b76bc361bacbb72e2c491e06085a97ab31,400,399
train,0x0dc44fb8cfb88cd58628846cdcefff4089d9ac7e,337,336
train,0x0dc47b5a5fa98a5a873a26c74f529e4367dc1195,350,349
train,0x0dc499a28bfa8d2d95fdcf01e39ad9a9b18f5357,350,349
train,0x0DC568Fc30EB731B6551848382e53bDF2c47A230,1156,1155
train,0x0dD1C99aC9BC48A1d482878ECC8B9760Aa1e8De2,2480,2479
train,0x0dd7737d622af4efe86cec8d19f55ff2f1c2336b,350,349
train,0x0dd85300caae26fcf0547231c63c68ea212223b3,742,741
train,0x0dee19332fb83fb343a9fbb722b5395b8e7c9d8d,341,340
train,0x0e05e9dafba305198c9f1b7b5de0da98b4d4da87,350,349
train,0x0e0989b1f9b8a38983c2ba8053269ca62ec9b195,886,885
train,0x0e196756338053ba6a4e17cf2114b34cd7c967f7,350,349
train,0x0e1da7630e962ec7306581b33d99d050622262b5,483,482
train,0x0e1ecfeb0f609f0515021033917514e9bde95701,320,319
train,0x0e33ca464b1c76a384039eb1b7e9dc3b0416b5ae,5401,5400
train,0x0e416dd32359a7825ef580ff2527c3280c1e07fa,990,989
train,0x0e4409f16249ff7b3ca122ec4d623a389e841474,350,349
train,0x0e6fc41039de5413f7cb9d2165248d41891bed89,342,341
train,0x0e73754a21442d1bd8f945669ac4aae0cd2b0934,2674,2673
train,0x0e752b742f744fdc2d93774da44c37b72c3e6952,1462,1461
train,0x0e7c566229b38cf533d4af19169c1a5e4f892c1d,489,488
train,0x0e7E4cD7495a91f30A949B9be575Fdb098a923aa,404,403
train,0x0E8160745966D2109c568230Ef515B0ddDea1599,480,479
train,0x0e8fa440e748be4c8bcab45577c07ba7eadc22bc,350,349
train,0x0E915b35cC269b2DfC8BbD8E4A88Ed4884a53EfC,344,343
train,0x0e935e976a47342a4aee5e32ecf2e7b59195e82f,617,616
train,0x0e9841d84e896edf6872529559eb644bcb533fbd,296,295
train,0x0E9E062D7e60C8a6A406488631DAE1c5f6dB0e7D,169,168
train,0x0ea590ed0f451a5e3e8021681c1384fce09d72b5,463,462
train,0x0eadbb0a6afc326db81696c5a5a04742539e565a,532,531
train,0x0Eb701f21d1d0AeA0b1FD99275555dD3999173bf,781,780
train,0x0ec6bbb00e3df05b1ef99dd87a4c14db9966fc7b,676,675
train,0x0f0b6cecfd03b847ad45a4d488f6c703af85af00,2242,2241
train,0x0f0f3c0d90019001934167858344b69a5912b8b0,350,349
train,0x0f1c79cf0458160e2B41e94065a7dF9A452C6579,362,361
train,0x0f1cf136dd546a6957f0c2d3b4312685770378c4,642,641
train,0x0f2451e0ce93c39025b1693038d71ba2289b2008,731,730
train,0x0f2f3d4937579a7feafa477a46666326910881b7,342,341
train,0x0f33bb20a282a7649c7b3aff644f084a9348e933,982,981
train,0x0f36A697f736e736Be543966272b81Be9526743D,546,545
train,0x0f4546bb7fdb5929eee6736ed5794d3e6f5a9fa1,886,885
train,0x0f4f2ce52a8966fee317ed56550ad9a233d14f6b,48,47
train,0x0f587d0b7b1c1ef68b432936b75c4d6c4d12b647,1245,1244
train,0x0f5d2fb29fb7d3cfee444a200298f468908cc942,672,671
train,0x0f6029ebde2ecd9ab4d60dd5d0a297e9e59bf77a,1831,1830
train,0x0f63aad989e402e06f361e7df51116732d3efa1b,20,19
train,0x0f641b9f7329ba4706580d086d8063c5a3c23dbb,687,686
train,0x0f67deb4fbfdbc0512fc207edce73d28e05239d4,269,268
train,0x0f690a76ad438222ce694d84b2902b0ee2270e69,540,539
train,0x0f71fda4987069d5cc1d0e6c234fd01675947b5e,806,805
train,0x0f7524d64ceb92dae1d1a56b20b6d520134795d4,985,984
train,0x0F771AA18C5003aBa1B0feEE082a0dd6acd29956,400,399
train,0x0f8019c51423a388a79e414f1dffbcb802db8962,102,101
train,0x0f82c7eab8f7efb577a2de9d2b7e1da1d0b6870e,326,325
train,0x0f841bf48196e320346b3753b5a4e45fe7bb3023,348,347
train,0x0f89907cc8553150a5a79db37dd03e97bc5f8474,361,360
train,0x0fa9198bb9ca66260fa9a182f27ebbaab55430ff,161,160
train,0x0fbba75c832aff4146f6af86db1c0729e066987d,399,398
train,0x0fc2d0bbb7e5a9964d0cd829e242d434dde4c1c7,350,349
train,0x0FcF5C6b20577d48bA209e077975b9F2EaC55798,821,820
train,0x0fd9214c147ef20b562ecf8f8298f732fe89558c,992,991
train,0x0fde319e9d98f84993723cd3408d32be2251761e,1297,1296
train,0x0fdeb77225657a60e74f3a08f1bb6e69c8193de4,316,315
train,0x0Fe0Fbc6A4cA1845f6fcE02B99A285314Ca90505,335,334
train,0x0fe213bac9e8308fa05fc7d53926c6c597f97410,1238,1237
train,0x0fe61116f781f26a67d8618bd11abf2de00b6f0f,673,672
train,0x0fe70e559f825a3d548f44e51d2812d266099828,988,987
train,0x0fed331b64e6e179bb6a771765895102073cc1f7,1391,1390
train,0x0ff148e115e5b47dc73577a815549ff3aabad18c,541,540
train,0x0ff1b8bb68f9421e682730188238b27bc1ca24ff,850,849
train,0x0ff1bf1a478d414c70de638e7f63cb89e23eb414,280,279
train,0x0ff40d701e0bec9e79e1cbcb281d3f34376da740,2484,2483
train,0x0Ff758756e8f594fF463c9e7A41802e9Ef717265,502,501
train,0x0ffAB58EA5A71CC3cA40217706C3C401407fA4a8,450,449
train,0x0ffe7e501745731b3d511cb343766602319137d6,350,349
train,0x100c77a6b266cf455bfc8c8c0321fa5499408a31,345,344
train,0x1014613e2b3cbc4d575054d4982e580d9b99d7b1,376,375
train,0x101d2da95a784b2c5c3b2d33f942b8e3244332e1,71,70
train,0x1020e32c0f831f61cc5be9e16ccc2fbc6c6c8369,350,349
train,0x1037cd8cd8c62c21d44c3c0dda389d8405e9846a,350,349
train,0x103bc32dc89f39a475154e53b9ab58295c3940f6,361,360
train,0x103c2c150a2dbcc277ee084c59881978060c8c22,2773,2772
train,0x103c3a209da59d3e7c4a89307e66521e081cfdf0,673,672
train,0x104bbbea41b98f4a2613f491306e608041a6aad5,350,349
train,0x10588f6fc5cb3ee3fbb374d9ed8a5e91285e0fa7,350,349
train,0x108116d36907223e13ba244b5bde5893cd5e730b,1233,1232
train,0x1081cd1adca45adb90a407a1acadbef985d637ff,1124,1123
train,0x108284702b23504de29d3293f2530255c6b3ccea,3369,3368
train,0x1088eec81b9aa8edb5937fdfc9aa5556bcd3ebcb,697,696
train,0x10974dbeab93b7ca144bc31a630ab122a5b3c1f5,348,347
train,0x1098aa6de456713e11f8a3abff02a21830350c24,1227,1226
train,0x10a0f62ee681d9267229db60031b58c484099f1b,363,362
train,0x10b0882603c24af9f1c07cde9f5a06b1300a8c00,530,529
train,0x10b7d09dca7f9c6d33a9aeef5bf2bb5ce3ec1550,293,292
train,0x10c0337c42843e0b8ce743d7d5ff39b711f3ad82,1357,1356
train,0x10cc060f6f9b2e5dcdb23f1361e4b368a7daec73,1048,1047
train,0x10d4b24938f6de7ae4048c7273f09c50d5caf4d9,1272,1271
train,0x10D6fCf71a3f702df06C443B812b187f6c7D5d6B,2801,2800
train,0x10d86e33c2f8a4dc8d60315bcdbade330c2b5678,350,349
train,0x10d8921cec5ac6b83db6abdb5773d1bc44972da7,1527,1526
train,0x10e32d84d8bd44b68e99c6fe147ef2ba63e6ae22,217,216
train,0x11047548cd0d4ce66c9e9ba45f505896269946de,350,349
train,0x111501403818F9E1C59fa25BbDcEbC900d246f02,2432,2431
train,0x11175e64c6082fa06daf689c59a510c2774253a1,350,349
train,0x114154995d5a95a7d7f8e4393b6d3727d7e08217,655,654
train,0x1142e1f922cde42756741b4e16ddc5a87ee94b3d,1128,1127
train,0x11468d142559f6ab61e69b47f30fa6a36c93ee92,566,565
train,0x1159b63ce3bbf073217cbed51c0b11b0aa227f2e,1306,1305
train,0x1175a66a5c3343bbf06aa818bb482ddec30858e0,348,347
train,0x117820a67905555d4203d6915807d39921636b8d,576,575
train,0x117ca39dffc4da6fb3af6145dfff246830637fe2,1227,1226
train,0x117cb292e97a593fbca38b5cd60ec7144d4ca8c9,1192,1191
train,0x117e8065b28af271012dbfef73e16f99935cea71,397,396
train,0x1186251d10771c40a4d7780b7bd9eb6957afd4d3,350,349
train,0x118827C3da7ABEf62c3899531fCF75478DAd5a4A,1085,1084
train,0x119B721777598F3ee7A7e63babA09cc2a0B0B0b5,1179,1178
train,0x11a7a1afb7e1a725640736b009b3d796b75df6e8,147,146
train,0x11b03e05219522c6d1ba115391ba1066dae7932f,182,181
train,0x11b4591dc55d0fb44ce2ab7abe5536ab6e19cf78,657,656
train,0x11b7890de965ed96dbd1af3f96f584ade732ecf6,373,372
train,0x11bf94107fcd20f1c041dccf858f189c319ee75d,350,349
train,0x11d4ec0991951b5ea20a1f3bf0c9e36e054b1e55,350,349
train,0x11D635bbba3f9B8f7C9b91cA9f315a2207cb5AD5,3233,3232
train,0x11e44037A60dA9b76Bf928b33d3D6DED0A6730ab,961,960
train,0x11e62440475536fA49C0A42c83b6E2C9AF84Ae3A,330,329
train,0x11f29ded1a1ed54f4e4d666334d33b80fbeaab79,949,948
train,0x11fc42be8b14aeecfc371af217c4648e6423fa60,996,995
train,0x1202623900415d90fF4c30d297557382bfe226aB,3339,3338
train,0x1203b2abad9da219ed7321f2c595fc72d462266d,544,543
train,0x1207279f443020e7719613dec54738c575999460,350,349
train,0x1208cc6e015122e8ec883b77bd4c621f01e69eb0,448,447
train,0x12110e20309491db874219613f597de587861b57,308,307
train,0x1218113304d8ffb12f4641ba7475975972381f8a,650,649
train,0x121c6e0613317a98cc14a9d379e2abe546ba980c,2196,2195
train,0x1221434a6a5d04feF7d23AAC73FA190C1eACfB16,1547,1546
train,0x122d76562d43a7d9f37f9d9f8eaabaa217bb31de,1143,1142
train,0x1235b9042f7fe167f09450eaffdc07efcc3acb38,190,189
train,0x124307B0A29aCf9cB630E9daE138A4f865172b9D,3373,3372
train,0x124374f24bff86cf043e31344077ece93bd46b57,1781,1780
train,0x124446eff5787b036aa062a2ef5321ce607437ba,219,218
train,0x124448218ab51f333fef2a5ba3b84cfa9f67b9a3,984,983
train,0x12458c69ec849af2854fdec7e0761e60d4ee7ed3,54,53
train,0x124f967d50dedf23d9b1cc4ac42851513bc67c07,1092,1091
train,0x1257f00e0333d7c9f9c87abf1dce6e373a6492f6,102,101
train,0x125c0260feec92471d1a144f3cdce185a565f374,633,632
train,0x12673a0e464f89b81b940349f33a5ce1e41bff98,100,99
train,0x126799e70341c54203d241c92c1f511dbe75aded,957,956
train,0x12742de752b8030c961083bce9752b584313e882,1376,1375
train,0x12759512d326303b45f1cec8f7b6fd96f387778e,812,811
train,0x1277ee49236da5c07e93b8b9df29d629842f0ab9,1121,1120
train,0x129a52385d55eff5f9b0c1192586f03359560e3f,11,10
train,0x129acbb3ad1a3ad13fec0fc7ca26811a487e14c9,324,323
train,0x129e27fF40db79B7A395d123413A815E38832E74,256,255
train,0x129e719c424a7a6fbdeb7ca3d65186892d54ea8c,115,114
train,0x12a35383ca24ceb44cdcbbecbeb7baccb5f3754a,242,241
train,0x12Aa78F89513f3218651DB21Aa170347037f0c20,606,605
train,0x12ac4109b77a74afa0b8ec788230a46ba9ad49bd,582,581
train,0x12ac8d8f0f48b7954bcda736af0576a12dc8c387,488,487
train,0x12bfe10a68950b728f1847e7e776becbe175670c,246,245
train,0x12ce820dd8224c2a5911bc7196ec7a46a09cf0a4,409,408
train,0x12d4dfbc0408b255436e5cf7eae4f6645b9b74b2,347,346
train,0x12de960e7c6f3ef095251b6b1a7fc39906c384d4,256,255
train,0x12e29d7d6fd63f0f12040fcd1bf9021919b0e4fa,1720,1719
train,0x12f9cf26a436b67728480df770416f9be5605d77,383,382
train,0x1308a7ec3e82bcd3b63ada5f5dc27586ad8605ba,1141,1140
train,0x131cf0d3b3cc6763417bffb2dfdc119fdebca002,5788,5787
train,0x131f193692b5cce8c87d12ff4f7aa1d4e1668f1e,677,676
train,0x1320dd9ccdf00249a9b9c94f6554945a8dac4608,217,216
train,0x13233b37f4fcd044fa0956248f2b29eaa5af118d,350,349
train,0x1327c3993c24de9a821b2e512817a2668185d878,563,562
train,0x1360bc11e4f62fceb8598d760105fe0d85a38aef,1046,1045
train,0x1365b4ce628e26ae1bcab699e9558f011c62e488,258,257
train,0x1366fd503de9bc25539488f88ff6016ab6f6f1d4,438,437
train,0x136a46d6136a3d2fb4c98dd4f37e1cfa8dd24737,801,800
train,0x13709e2bdd84e72b60487abeb0000e3d6f14b910,235,234
train,0x13792a2a22333f8564945b1ee1f5b46a20c23a5d,856,855
train,0x138051fd239c5798d6ddc7157196506695379d0a,771,770
train,0x138e8f61c1e1908e145c02a12879f68051499d21,675,674
train,0x139759b6Cfada56ccf5B3536f21EAC209140A9d4,54,53
train,0x139d9397274bb9e2c29a9aa8aa0b5874d30d62e3,1089,1088
train,0x13bb437ceb28d37cf1a1f711112d9b111f0a11cb,2099,2098
train,0x13c2fab6354d3790d8ece4f0f1a3280b4a25ad96,1001,1000
train,0x13c547Ff0888A0A876E6F1304eaeFE9E6E06FC4B,138,137
train,0x13ce614e9d7ce609dedba1b42ba2163426ba5ace,294,293
train,0x13d24ac67a137b54e25282c19060298dcf8d4c02,544,543
train,0x13dc75a0fc86ac69243d547a91d0cdf22ac22a31,410,409
train,0x13ddd5c273a027608a42727a46f8250011645166,663,662
train,0x13ea429825d087994d15a78e6f19353200157233,1481,1480
train,0x13eb475f68a2717fd222a4bf8af17a2dbd77b56b,350,349
train,0x13eee73a10679af072055af1566d0a6903b42b67,489,488
train,0x14156118793b977b4559ed50484DD59B688A5825,2972,2971
train,0x141766882733cafa9033e8707548fdcac908db22,3288,3287
train,0x141797bca73ad90844d88105c8fdd8acb4c75b48,544,543
train,0x141a206ece672e3198086c5d21f7858ad03669ea,5299,5298
train,0x142020a28b22f7e68a9d8f9e9d24c43a2572a8cd,687,686
train,0x1421ede58b8066fab03f6b28a8bf0b507e8cd062,631,630
train,0x142eba6cd4e1977fba4a440c882ee460654d1766,323,322
train,0x142faac759dc7da4f92c0c290296f5da4fe360fc,755,754
train,0x14338e7e14861c68984e5d5da191c31dd3309945,353,352
train,0x1440317CB15499083dEE3dDf49C2bD51D0d92e33,1375,1374
train,0x14420290a71f768808e11e0ecb781ab79ef45726,378,377
train,0x1442a8fd038e0253ab07fd0e6aa70413d961f315,525,524
train,0x1443ac034a879398eb520b44e720c99fbf083c4c,582,581
train,0x1445B39019094354056078b46e605f7A6CFD8AC5,1090,1089
train,0x1448eab3182b71ae5322168d037feb0125cac92f,868,867
train,0x144f98603Beff42f6f56c8d98c86871d2385D754,335,334
train,0x14560736e46e95e431f03dd5709ca47881474560,350,349
train,0x145ea59782c0468510459f9219e863555b1868a5,1842,1841
train,0x145FC2D0EED33eD8Ba02eef980B166c43c9EEBb3,2249,2248
train,0x146B9af3bb629bD55B4D5D703955B998551cD1A6,359,358
train,0x146e59f69a68b645367bdc94f3855df0d8214f4d,271,270
train,0x14839bf22810F09fb163AF69BD21Bd5476F445Cd,523,522
train,0x1487f4195d9953f6930c959a683a49501a8cc8bc,734,733
train,0x14a592651ed820e704a32ca1ffd4a646265c0a92,635,634
train,0x14aa37df9b34c84286e2912d2b97e2559da8b0cd,1358,1357
train,0x14aabc5ade82240330e5be05d8ef350661aebb8a,3737,3736
train,0x14aac247c910c038b3c44cb869cfdb21b29ce41b,355,354
train,0x14c7a2ce7482c3c66897dcae3eed5d62985f5e86,498,497
train,0x14c8AE92280BDc11EE281ba384eD99E5E2e5f6c7,3103,3102
train,0x14cf6193935b17fc72649ba420fdd5bfdf1f0001,649,648
train,0x14d333e3545943b92cad6af53f9737966bd3488a,1251,1250
train,0x14d9779b6585f3a7d4f768383b3cb030705dad2e,401,400
train,0x14e49E4622cd4244E7616724d33ad50126674D2c,613,612
train,0x14fb4c93fe461ec3f9f22b61ab7030f258867969,396,395
train,0x14fbca95be7e99c15cc2996c6c9d841e54b79425,3437,3436
train,0x150076a0780ee08e0c08d64f4047579058f368cf,546,545
train,0x15014F8bD5F457859de3c02Ea7a952640c128A60,361,360
train,0x1515a1cA7b7963E7FFd3bA4C32398d27E5f3a1c8,487,486
train,0x1518e1d8c6cf6584b2ad4f4ba577650ac4903107,1218,1217
train,0x152df2cb3868bef5c6ed6b9feb0fb091c9e11a96,298,297
train,0x1532cd178f5c87c3c307675bcd37c27abef5dc96,7282,7281
train,0x156da34af47576af491a43069700576ebfd6b29f,101,100
train,0x15737badfc51ceeb9349952486bf3af9ec6acc4b,350,349
train,0x15893fb926c82f9ba00b7de46947685e100148bb,235,234
train,0x158a96da5dcd1ade84ac11ac952683c0ee3516ab,1459,1458
train,0x158fa3be7111b51f72e16938813bb84fa3246247,1566,1565
train,0x1595470306a3f03d6a72e431e39b98edd15bdc28,275,274
train,0x159f83f270e8ddf50701be1fa27b7efb00e0e40f,350,349
train,0x15adb79e6af601551a64060aebbedd39d929c5a7,383,382
train,0x15bd59ffe8ab884041ef54c6213df418d1e1f149,350,349
train,0x15bd8cccb3e5fbfa7a45b01ad47fc9e1d9671e83,399,398
train,0x15c86d7ad0f5cc99346f8e98345160fbdf165d09,1306,1305
train,0x15d3122103c5c17ed791fd5a3dba847ecfd6037e,171,170
train,0x15dbdB25f870f21eaf9105e68e249E0426DaE916,1667,1666
train,0x15e3eb661149489ccadac1bb8f51e9941e8ed885,1563,1562
train,0x15e4cf1950ffa338ce5bc59456b3e579ed1bead3,537,536
train,0x15e5c9aa71b8154806038aefc587cfe19b0bc5d6,689,688
train,0x15e5dbccb6f57a644392a069966d97658d769b3a,788,787
train,0x15eac74d043d9945823afd171677ab2f72215003,1037,1036
train,0x15ef5b9447710eab904e63e6233ff540400d603f,254,253
train,0x15f08079310e2c9dacaa73c0e450368185724aea,1233,1232
train,0x15f917e4f828671a0bcda6e961eb43e945bb2b42,713,712
train,0x15fb5a1eff88bc1b89ec58a492c6f07014b1f409,350,349
train,0x160c1985a263b1c878472414cafc2169498eb04c,752,751
train,0x1622aafed9a6f0b59ef50a778bcb0cdbf990bf81,15,14
train,0x162ac26e2f0fe036c3a3d370c118de0b6c883083,311,310
train,0x162d558ac8f3b8aba5f549066ac81df4ddc912a2,6076,6075
train,0x162e50e02b33cebd3cdfe998f9ca91d30dec128e,1478,1477
train,0x163108596c98ffdc667153a88682e5720d2f516e,311,310
train,0x163733bcc28dbf26b41a8cfa83e369b5b3af741b,709,708
train,0x1648018447c0ef5a9b45d4fad612f9d02955e1a2,350,349
train,0x165cb56703df68d34bbd6d49e816bda8302c2b7c,1741,1740
train,0x1660ef71da631bf8b8bf5656f49bc635c97dfc1c,551,550
train,0x1664a18a936f3340bcc747e5d8b76f49dc813b67,353,352
train,0x1670bc80c32ea6021f6a962dfbbe1264b5af479a,549,548
train,0x1678652b7df6e25515063c7ab851381c7a4c9bce,350,349
train,0x168359abe62618d907da316be172cdafca9633aa,361,360
train,0x168521b94eb0ca6f9aea34a735c53bcff79abdaf,454,453
train,0x16885883e2785C56D279636b45fB85d8F9B0db23,1473,1472
train,0x169e59a41ba10600fddd1b0a72921f503b31d96b,962,961
train,0x16a0772b17ae004e6645e0e95bf50ad69498a34e,1004,1003
train,0x16a240f2b5f1d293fcdcfe55cdcfcb5333b4ac89,1048,1047
train,0x16a5dba1d8d5dd53ad7bb9d8a8b97af577be753d,297,296
train,0x16B0a1a87ae8aF5C792faBC429C4FE248834842B,1129,1128
train,0x16b0e62ac13a2faed36d18bce2356d25ab3cfad3,1431,1430
train,0x16B1f0f88C534b44eC99bE9e798C5186DBB4848e,335,334
train,0x16b3e773e5cb8b6db6d64b20ae0ecaa4edc83077,778,777
train,0x16b52b1e5855862ab3e921cd02df688f6a5d26b6,629,628
train,0x16b5a0de0520e1964a20ac8ef4034bd7d0920d8f,499,498
train,0x16d754b9ede093c5642c5c631fcd0f204ec348f0,115,114
train,0x16db68d8143baa1609393ef2934a5bdd7369eae0,4318,4317
train,0x16e91cfe9df364fcd270d264665737b11f44de20,125,124
train,0x16e97a7b1e88483acc236da29a53bf97279eb994,477,476
train,0x16ee6f44522dffde8070ca83df441ec20d84c598,1562,1561
train,0x16f4f09d780c18ceb9757546093c5139b3b73ace,510,509
train,0x16f812be7fff02caf662b85d5d58a5da6572d4df,506,505
train,0x16ff57d02d9b1442f87c4b69eab5779fc8a71516,833,832
train,0x17006897723295962e8bf2cf5ad4369a426b919e,350,349
train,0x1715bdcdba23a97ad4093a383199dadd185c0f2b,353,352
train,0x173fc908b21b861facf54c65c10002b1e2f9c323,485,484
train,0x1741285ae277ac759d008697a1028012d9f8c431,975,974
train,0x175e7d3ecab1f194c0a924b3f37cedf71e922531,350,349
train,0x1767856bc75cf070de5e6ba3d0c718440f008c66,180,179
train,0x17683235257f2089E3E4aCC9497f25386a529507,114,113
train,0x1768fc7978e9abae733dd6c3de837a57a2f2ce4f,353,352
train,0x176ec7b6afb4e023b2c33a6f0b309ed5975d1e92,1609,1608
train,0x1776e1f26f98b1a5df9cd347953a26dd3cb46671,1593,1592
train,0x177A968255D9F127b8acFbD35161B5FB1Bb2b1E3,350,349
train,0x177d39ac676ed1c67a2b268ad7f1e58826e5b0af,1135,1134
train,0x17805251625150bdd6f343bfd6a5aa9c6fd8bcc4,91,90
train,0x179915bdc3846bc87730c26d6ec20996bfce5e20,1319,1318
train,0x179a2e413386db620d5b89a18550a3874385f726,350,349
train,0x17B7DDD2962226Ef9428313eD62799060fB812B7,2457,2456
train,0x17c8009617879a1bdba57f771bbb8a1631f948e2,595,594
train,0x17cba58578eecaee898242a02edac75b8cc17231,763,762
train,0x17ce2e15246907e9d7029754f13783bab89951a7,350,349
train,0x17d67ac402b014af1894c63379976b46930b1337,1482,1481
train,0x17db86b8a8a53476236a41fd9511b0a67622013f,219,218
train,0x17e2c574cf092950ef89fb4939c97db2086e796f,2826,2825
train,0x17e4cc902015958839e693f179f49c75696381ce,596,595
train,0x17f3fa8bfcd26ae7d848db2600a6d1b892b5f7a4,258,257
train,0x17f921fa8f087c94e55c28b264f22138626639f0,297,296
train,0x17fD666fa0784885fa1AFEc8AC624d9b7e72B752,535,534
train,0x17fe31d1286e5a280f8e684d4fdb21e21b93d8e3,343,342
train,0x18057a40d2991e2a4d6c8ca33201970169069bed,160,159
train,0x1805c632adb1d21cdb405df66bd842f19dfa31ec,745,744
train,0x1807cF924199C0f8A85B73C15B5c0349AA3844e5,296,295
train,0x180b106ebf3ccc8a514a172decfab20af8f7e72e,350,349
train,0x180c288c2151200ad37d150308346b1be421d32c,1158,1157
train,0x180d14c826e4b74cf1a5c786189fe9888ebad1cc,274,273
train,0x1818403C06eD28c55d533B526Ae8566Ec31D87d3,2171,2170
train,0x1819cbbff734e10fd1af755fffdcede44121e841,707,706
train,0x181a63746d3adcf356cbc73ace22832ffbb1ee5a,617,616
train,0x182cda478d801b362f36367357ce5b8a3e53cc03,523,522
train,0x1831887fbabf783910db128e60c41bfa016059d8,1431,1430
train,0x183dd55eea45ee8e773e016c7b55d7be1759a335,313,312
train,0x18429dedafbb65443edf60402294df5c01aee1da,428,427
train,0x1844b21593262668b7248d0f57a220caaba46ab9,1047,1046
train,0x18462521cb08f7b7a21b9808f0c36a8d3be6af6f,350,349
train,0x1872b33bb33e372d6f039a8b6af2e1be228bda23,5979,5978
train,0x187ac8adc20767be1635d4ad972e0c31d654f061,2247,2246
train,0x18835a9009a2a1a1dc1dce33ba7e417f9cee1154,350,349
train,0x188a6adc5fa83e44c6399310dd388e2772304aac,542,541
train,0x188eaed79dd3a4b3c0a745f99beacd0860ebb084,448,447
train,0x188ff41cc7960dd51b3aa802fcb17ba17c41276d,391,390
train,0x18911e747108241e4afe4feeecc742e90c5177bd,551,550
train,0x18a4d3c8b51713355adc925e9a23ef278fd51f2f,861,860
train,0x18a606cd205dd2161894603775faf33252f8945d,39,38
train,0x18b51eb9e6811fd8055a9fd5f06691eaac3bc6fe,756,755
train,0x18B64C3537cd861EdBd54f62b83B99b942A66dF3,722,721
train,0x18b9e110770f466ef8740502eb377c3912490630,350,349
train,0x18ce0b9fedceb66e9fb7783bbddb4565232a9c22,205,204
train,0x18d70bd7bdfa7e424271fe25b527ee0250db5c90,500,499
train,0x18da8521c333aed9de8f512e847734cb7be42e38,1183,1182
train,0x18dfd8c468ed83397C0E1caDAe01E1e65E86d275,1035,1034
train,0x18e32160ec1818ba0b76b7481e31e3cfaad4d6d7,1740,1739
train,0x18fc62f39b5fd91c57e2b3d6a60de098b1a6b93a,359,358
train,0x1901ca2cc814cfc6d7ae20fab741de2c68e311fb,872,871
train,0x19076Bd01E86fA3D76334e27D4b8E6789688A42d,358,357
train,0x1908ec0d3e5ae7917a0999375c725b08f705dd7e,2141,2140
train,0x190e569bE071F40c704e15825F285481CB74B6cC,287,286
train,0x190f064876450617ded5f66735b822c18ba26dd2,1306,1305
train,0x191f019a92c59fd581a5972343a5fe3c25e8c9ff,350,349
train,0x19259eddc53136c1045b557d8e8a8cff64121550,58,57
train,0x192623bab84414abfa3c084202da56d13e7c1764,399,398
train,0x192a7994f17264fd88b97fad981646349eff8b3b,539,538
train,0x192eb1a97aee2b87c924dc2b8d8eb914dcb5f87f,1671,1670
train,0x19324c99fc1b2fd7ca827c98f6554085f147dea7,651,650
train,0x19327d85aa22a05137b32ce79d786d65802dd9d3,617,616
train,0x193b5e917375c9b39d2479e183561b26cd8287c4,353,352
train,0x194275eac002704c962ac8166deea023ea4fc433,644,643
train,0x1949329a76ae8c63161b026830be34d8bc278efe,121,120
train,0x19516e7e6478f8ff67de5d15960e0fae60d8ad10,263,262
train,0x19517fac72acd95d5c1fa202c7a1b589581bb99a,102,101
train,0x1953da4bcebc9579156586c4528af151381d6bb6,595,594
train,0x19555a92a4c70b7ceb3b2b2b738d028a451da85a,231,230
train,0x1955a08c4f4e3edc8323b60f792ffc47141538a6,60,59
train,0x1960edc283c1c7b9fba34da4cc1aa665eec0587e,477,476
train,0x1961b3331969ed52770751fc718ef530838b6dee,1056,1055
train,0x19662C22eaaB9FB69Add72ef54B296C5a72593B5,2020,2019
train,0x19665204d72d5c63a592206fd47bab868a9da747,796,795
train,0x196ED72F9E8f3d6907D494502552223bFE436BF3,295,294
train,0x1975bb03de10f058d6048ef3f00e1a704b7a0b39,447,446
train,0x197d6a38229071737d89c4f9235456426f31dded,543,542
train,0x1981716911e621d725b835ba0af776e5f9be0bbe,376,375
train,0x1983d0f806875c2727ddbc964900382820e98aa6,613,612
train,0x1987a7e3379c9f963a4d8c717342dae7dbe51b55,175,174
train,0x199c1f173c75948f514fd73dc94d9633d4a99449,350,349
train,0x19b28fb52cc5b1881ee8987570688f1464f429f9,350,349
train,0x19b5952874418e7d8c658c25bbdc00c88066695b,414,413
train,0x19d10b9d52c0d747b220849f1facc33f382d35ec,681,680
train,0x19de65cb8f9747987ae97cfbd176f5031c35da30,861,860
train,0x19E657fc2eE039da76Aff32bf58C2DdCB9b0f9ba,338,337
train,0x19e6cA4150156c3A5281bb7F5BD8574618865C22,767,766
train,0x19e732aa432d4003c7745237f9fa670c9262a5fc,578,577
train,0x19f08ceb3783658c30c33b8692c80eecfd8457bd,176,175
train,0x1a06ec307215524850152b139976f5a4e6079175,350,349
train,0x1a09bfbec6487fd11c75a60aa4d39ebf47da6eff,92,91
train,0x1a0f2ab46ec630f9fd638029027b552afa64b94c,1412,1411
train,0x1a350d0d94cdad152322ffefb58033c95477238a,342,341
train,0x1a41cdcb663cf672fbc6344b851736af2edbe703,2308,2307
train,0x1a42ed4d873c298e729ac83a3ad41de66e99a6f2,1068,1067
train,0x1a468849923b441a10b2673af9a74b5b71906087,568,567
train,0x1a4ccc393320c882fc3074de21455a054d59ccfa,247,246
train,0x1a51f16b4d385a06c542d3686412ab6517b5515d,400,399
train,0x1a5d62355fdf317877c45f47da357f1ed64e4d61,368,367
train,0x1a6061e9bf511cfdc21e8a2f4b2bda8fa4ff8994,704,703
train,0x1a6567696e38e8b950772d48b384d5777c45bb46,350,349
train,0x1A72A37a6111D0d6c29D32dE3AA3C3264275E769,489,488
train,0x1a7a145c6ec5d76531591f8a25ebf90f152c85c1,2646,2645
train,0x1a7acfba7c4e9da8d7d88ee7086591b6c458071c,350,349
train,0x1a7b00404b755ff80126f1d66a90f5aedded25da,613,612
train,0x1a86b24ca84aa7049a974bb6db83f0bd80c60713,617,616
train,0x1A9A75C36feA5033c1AF0F0f265D4F1F65938a61,335,334
train,0x1a9d7ee82cc595d2ea6dc877fc5b3bd8462887b0,544,543
train,0x1Aa699889C0D9bADe50391D314cce3EA4a5285CE,350,349
train,0x1ad392cb01caa44a1afdfca5b36434b0eb312420,89,88
train,0x1AD89Cda3532Ad4179aCCDa58917bd7Bb632B290,343,342
train,0x1ada104c71d837ee35f5eac6b465c0526f21bf27,149,148
train,0x1ae00b00b9187e61d0417d4e336625fc343550e2,361,360
train,0x1aef94c9eb6ede04f59c6fe4f7eda2b874cccfcd,350,349
train,0x1af63d4502410e84138034d30606e62421e2214d,350,349
train,0x1aFdbFde88Bd0189cb0479d309b3794e99E3d53F,538,537
train,0x1b1243b197c9c090558fa0a7257d1b98aecaeaf7,338,337
train,0x1b1981a32999ad581fb01487ffbb26f620ca917a,213,212
train,0x1b1b94a8936bbd9d6a0d83b12eb51d7e09a05829,690,689
train,0x1B1EF0f32BA664a04EE284a787183c756cb41019,84,83
train,0x1b226d98ab123792f68e2d51e1a657e0084b395a,617,616
train,0x1b27996479b11abc8a8d0447deb3fb0183788484,397,396
train,0x1b5a535502c519987115ebe5892666f4102bdf9f,946,945
train,0x1b5ed05690a6b04533f09185afe03ff2371835c2,509,508
train,0x1b60fbf8cc8fe4d03da53f311387394baab8ada2,239,238
train,0x1b6c5864375b34af3ff5bd2e5f40bc425b4a8d79,2110,2109
train,0x1b76663d00dcdeea0af229e7167c44bda8947a7e,350,349
train,0x1b7cd071187ec0b2995b96ee82296cfa639572f1,100,99
train,0x1b8a28d2185a7ab86ae40303b39f33278cc42130,699,698
train,0x1b8f71e4eec8df98598bbc3093cafeb57c7109ae,296,295
train,0x1b927d3c2896a4f9bb528a890f62d14b919407a9,131,130
train,0x1B9743f556D65e757c4c650B4555bAF354cB8bd3,1279,1278
train,0x1b9dd361258c98a6fabcd9c275926b331bd4439d,918,917
train,0x1bafa500bd219a2afb8f2d0286cc9480c7bd95c2,729,728
train,0x1bb28e79f2482df6bf60efc7a33365703bcf1536,85,84
train,0x1Bc664A069c690DFeD7C8dFF65aC700e6D725E54,3373,3372
train,0x1bca728c39d05529ad4257943f620734b151cade,617,616
train,0x1bd2851c322d1030669759ceba9791601660e6bb,350,349
train,0x1bdcd5deef806097254e79c7a7bb13dda9ed9808,942,941
train,0x1bdf171d5cc20544bf6e1536329a3d8dc166a78e,6454,6453
train,0x1be0fe534e593f83ec016028d3c91b5dd66ba5aa,617,616
train,0x1be116204bb55cb61c821a1c7866fa6f94b561a5,1750,1749
train,0x1bee0ba6c6dee64b3ea062ba2f779e0e8ff4d733,1523,1522
train,0x1bee49ea684b037c925b657c2f426ce431ffb358,617,616
train,0x1bf3ff664d0bd9eea47628af7296ce0c51795680,361,360
train,0x1bf951e3de2c174db9960b4c7b9d2e1839088fd3,800,799
train,0x1bffa323d25ce1b2709d4d346b3a4670faa948c7,767,766
train,0x1c02ce498dc6d0d6ef05a253e021258b07eeba91,1380,1379
train,0x1c048352237ab1ff92b34d032148d87e825b44c1,699,698
train,0x1c0f9317620b6724c8408f54e765e96aaa0bbf5b,350,349
train,0x1c25075bc63ed919babab6cab573f45a47c591df,350,349
train,0x1c36318a0b2a36636a32f9a712f5a709b4016f77,213,212
train,0x1c381ca8112f823941c37cb9514819909ecb102d,1381,1380
train,0x1c43991F89A000A803e0443d68a26684cdE6dC2F,1299,1298
train,0x1c50b392c0327b80332d0a83a7efc0303e77afbd,350,349
train,0x1c57a7ca56b6e044ecc1cf5b1e31fa1a0cf64aeb,318,317
train,0x1c623fda1631149e57a8fbffa2510b6274b542a5,453,452
train,0x1c65557b72804569bcd25ce53575a9c712e2eff5,250,249
train,0x1c866ac6991bb7bd2c11ec3b8b6cc6b79fd78d75,361,360
train,0x1c923bc27998465f0b197ef73c7aeec9359169d3,6359,6358
train,0x1c934a503FE39721591B97b8C56F013bF78A8D19,350,349
train,0x1c9998429c3dd5b031d4ae8698f3d2147a416b5b,285,284
train,0x1c9f0f414a3e75ee6da0b9f060143c9277169473,942,941
train,0x1cb3209d45b2a60b7fbca1ccdbf87f674237a4aa,350,349
train,0x1cb4490b75d3c15ac6cc099affeea60503c93805,816,815
train,0x1cbbaf350e934d109666104264e6863bf1a09caf,1135,1134
train,0x1cbd296ad51cacd77a3f4750027ab15057b7b5e4,308,307
train,0x1ccc29f9ced9d1a5ce81a7262eac8fcd7eca5788,563,562
train,0x1cce39da85ff2d5ceae92a810447b52df13f9267,987,986
train,0x1cce4079a9c65920390ea38d5ffbeeb3f4aaab77,1543,1542
train,0x1ce0916e9bbec3958836ffcecf822495bc08596d,350,349
train,0x1ce7986760ade2bf0f322f5ef39ce0de3bd0c82b,313,312
train,0x1cff439e724fa1690d5b346ddedb3ed55013aad4,350,349
train,0x1d10997e92011398a20612f9ee87e33449bc1fe4,1282,1281
train,0x1d1ff336189f16fcb5aea6f00398c06bec5fd0cc,1015,1014
train,0x1d2196207512665ad3beb7c3641f7db409dc7beb,349,348
train,0x1d252bff74c15637358b3aa55c19abe1953c503f,361,360
train,0x1d2915eefbd2cda4689d61338925108a61fc5af3,410,409
train,0x1d3e9dbF58493DA13a5C2c7440369Fd5B0Ffb5a2,335,334
train,0x1d44cfcbc3a067d56d02749dbc0926dc814aa801,361,360
train,0x1d456c2978009ac29a264673a4411db0789cd256,755,754
train,0x1d6df840fdA86a0044c2EF90B5a4bD413315a9c4,535,534
train,0x1d7c47977e8917e60f8075a3846a360887775e12,350,349
train,0x1d840cb510f084e6154c85d14d98cdc8f7a3b4d5,708,707
train,0x1d8f2e2dcb8dc87a7befe662a11a8e5895abfb1f,442,441
train,0x1d9562d5f3b53316e25952079227621adca9eb49,308,307
train,0x1d979bd0b663040f2fe8a9854a8569919ae153ac,2084,2083
train,0x1dafde927870f6eece7d5d32b958b4a2fc89953b,659,658
train,0x1Db10d198C2D66A8767e7aDde7FA5E5Bf2D57604,1562,1561
train,0x1db7f8171d82f9fc009f207cd80dd00a54b77560,523,522
train,0x1db9623c9ff39a534a052a353bb979ea69ae4db8,350,349
train,0x1dbd7059247baf317b11c9e36308fa8582867d4b,920,919
train,0x1dc3fc96b218b4ac9d36193f3325d949f9ed3a26,910,909
train,0x1dc4c69736741873913a4330d3d3b8aff92c8eb2,431,430
train,0x1DC5b8CcBe7A3669ED59dcd3B3d5AFA0FeD4eE57,522,521
train,0x1dc8c1b2f767e9e7b346f2056d0976523ba6b1d9,354,353
train,0x1dc92284e2e0792e01f33e6ab2784a396d992ae3,350,349
train,0x1dcadad44aa14154e2393d83edf6c7c6f83cb795,1213,1212
train,0x1dcaef208411119ed3d2527d1a2e724f0e3a07cc,776,775
train,0x1Ddaa597FD3E919064949b6C3D0917DA5ea0aA62,1919,1918
train,0x1de860e4ab425ecc432c24205462ca63e3e788e3,1127,1126
train,0x1deb5132070402dffdb988f8e7514dd6ef2d444b,613,612
train,0x1dee53869ce7753c81028e55f84b6c650e24e614,350,349
train,0x1DF6647166012C4Fb6355396b16C8d00BceED90b,122,121
train,0x1df6eadc2e1e9f4cbb2d94369210d8f1b790ee19,322,321
train,0x1dfa4bb783b3aeea55b712b4acb4b7dd1a8fe928,705,704
train,0x1dfa9bde6b5bf21536b903ff06d9bd0b64fdff90,920,919
train,0x1dfe1d2809f9373b91027533e7a598adba8f4687,350,349
train,0x1dFf419E268Da24005f32a2D53250b260530E173,550,549
train,0x1e09bd8cadb441632e441db3e1d79909ee0a2256,759,758
train,0x1e15d84700b0c5201016613077c5292777c0469c,350,349
train,0x1e217adc6a6adc16e248af109ab7efa4d1bb252d,289,288
train,0x1e2e0b9703d1e6bd3dbbbccf39a8e081969c0448,369,368
train,0x1e2f058c43ac8965938f6e9ca286685a3e63f24e,317,316
train,0x1e2fbe6be9eb39fc894d38be976111f332172d83,3429,3428
train,0x1e2fedb2b1a17b069632a8e03a8aaf489e7c8ba9,237,236
train,0x1e3171ac5b8e0e041013c6df30d0bd9830aa04bb,329,328
train,0x1e35c3200e564be5af35aff8d1bb5a16a4390a79,587,586
train,0x1e49ff77c355a3e38d6651ce8404af0e48c5395f,1347,1346
train,0x1e4e36b3f011d862fd70006804da8fcefe89d3d8,309,308
train,0x1e58880b774fae1856c39b1f4b769da000af330d,545,544
train,0x1e591bcf0b95b56f38b1700fde40598c4826f63e,654,653
train,0x1e5c7dfEd1087EF18BE2E0Fd7Dd807C894675430,3403,3402
train,0x1e5e21172a8a0a1be14a19f451b101813b40a5ff,997,996
train,0x1E5E3FD857aE39E2f05DCE9DB651a4929e6BFe2c,544,543
train,0x1E700861dcBC06c9A93fB17e556150e120CB6F8d,212,211
train,0x1e73b989cc113d2868d83cf598fc31ff5f5099cb,363,362
train,0x1e77b10ead7ae84bc54394bd33821e5c7b74fbb8,579,578
train,0x1e797Ce986C3CFF4472F7D38d5C4aba55DfEFE40,655,654
train,0x1E7b7f330da785ef66e33503fD93380137a9be7B,893,892
train,0x1e7ca05e174a523709e556080e227f734a8f1483,1957,1956
train,0x1e7ec4f134432766bacbfbeb54c897458e58ac75,285,284
train,0x1e7f976224f74dd214e4b3610d1bfe2b39af98b7,584,583
train,0x1e80cba35966446120ff03d81ece70a37933cfd4,48,47
train,0x1e8cc3c765c4adb887f2886b2fa0c7ea5ee5b5ba,321,320
train,0x1eb48c64ad71837a6ed57e4a2dab88173c833054,1896,1895
train,0x1eb553e50aaf4251dd3fc00def6e95b862285d41,350,349
train,0x1ebd04228ae2900ccad55193233492ddc3b09de9,857,856
train,0x1ed7ae1f0e2fa4276dd7ddc786334a3df81d50c0,1767,1766
train,0x1ee4910bd5e9b1b063277ce69e84a1a3ebf1ee95,895,894
train,0x1ee6b9d7c9f15ae6e0177273594612448cfeb750,1471,1470
train,0x1eecc8cf51995f2b2de7a8f9c1d225462523c246,402,401
train,0x1ef07a7888f70a1b0dfa9e482885b437b1d44f16,419,418
train,0x1ef57424c7f38628a0e25177ff61a671fbe4b405,267,266
train,0x1ef5797c9dbe31b2c45a811d29b930ed350be4b1,595,594
train,0x1eF5c9c098fc539579f293230ad2e38DB6eb3eef,591,590
train,0x1f1351b10ab3c14c661dcc6ce40b7bdbbd954010,613,612
train,0x1f21d8395655fb262251897df7cb3c9358bec6a2,514,513
train,0x1f26fc3471868b307510ea3ebaa5c9f5b20a52f5,352,351
train,0x1f2e2293efa2ebd9c09211569f3d7758f0463189,439,438
train,0x1f313e1015d362a50a16a479f857637bbb36a353,202,201
train,0x1f4ed667179b5ab85165601c86d4584d48dc61ef,350,349
train,0x1f4eff0be2fafbc6fb38820e8de633553c6454cd,966,965
train,0x1F573D6Fb3F13d689FF844B4cE37794d79a7FF1C,865,864
train,0x1f58af89d12d4a60647f99a9fc71dd0367b56df4,2287,2286
train,0x1f5cdff41fb9b17996d6f0fca6ab9c5bed96f20f,1241,1240
train,0x1f624177f319c234c87d7cdc6a02a2a59e69c3ba,527,526
train,0x1f70c3fa0b5e5837d5b8e28beb3c8130cd794d8b,350,349
train,0x1f77db6ecbce65902d8e27888b40d344f45c337e,942,941
train,0x1f98c68f0c743c91db06403b08597eda618b1436,350,349
train,0x1faed56f890f309939dcd6b108d25545890c68d4,350,349
train,0x1fb181d0bae620c696ed0d2e2bbb532cb3f845b6,1141,1140
train,0x1fbc216fe162d86ffcb146302c418170809b014a,1972,1971
train,0x1fd4B5A62d33bE9e5b4d4193B99e561C2e6c9b6d,54,53
train,0x1fdb69407667d8c1fcefc0f2aeeeebd0d3fce8ce,350,349
train,0x1fdd9abafd1013518bac51af0346585b810fc1c4,345,344
train,0x1fe70be734e473e5721ea57c8b5b01e6caa52686,797,796
train,0x1FF56987B459d1Bc67A89879d00448F3de46e12D,730,729
train,0x2001f2a0cf801ecfda622f6c28fb6e10d803d969,470,469
train,0x20073a27811c561ab54fd2f57f31c54717da49ce,1956,1955
train,0x20075ce95b520d6921f40f580ef0fb494f362639,350,349
train,0x2008e3057bd734e10ad13c9eae45ff132abc1722,793,792
train,0x200993b5bE00828b7D22aa02283B9cD36352028b,3588,3587
train,0x2023dcf7c438c8c8c0b0f28dbae15520b4f3ee20,675,674
train,0x202bd96042127975114d8b2b1f0ef429a235313f,470,469
train,0x202e295df742befa5e94e9123149360db9d9f2dc,356,355
train,0x203be9cdc7f646a3eb3a941ab3ad2e29e80de58a,1105,1104
train,0x2044c97717a622b4d9462329db2497e69201623a,376,375
train,0x2046f6C27E93a3c9D7780c834A067deE572EFa20,480,479
train,0x204aecc6a96bf53ce010fdb0d00f32aab632df87,1098,1097
train,0x2051280b8ad90babc18b7c7ba0675da649ff33e6,756,755
train,0x2054a15c6822a722378d13c4e4ea85365e46e50b,436,435
train,0x207ff240d2f5baaefce160785f38ebd5d7bbdce4,171,170
train,0x208784ec354E65d6F51cFB72aA72B98c05a59c46,496,495
train,0x2097175d0abb8258f2468e3487f8db776e29d076,296,295
train,0x20b504802dbce474b4dc59c9474f9270c85b94d8,1105,1104
train,0x20C3e6A68A5c7d6858142624ab4E993be8d288FE,70,69
train,0x20c632e587aea97eff47d04d522aa1b00c72a197,1475,1474
train,0x20cb0E01F8dB33bAD61C37eF16b1928Ea2C84010,781,780
train,0x20d0cd0fcc12cfce583deb8c627066ba795fca76,484,483
train,0x20d4d553491be14e341bb155f615a2bdf295756b,347,346
train,0x20de3bc97b6865cb5fdff2b62dec87aac7009932,286,285
train,0x20f23c43d2bf2c168bdc0df4626ac9a4eeb97125,350,349
train,0x20f5426df591a14b262327dc9866b0b5480a9f3f,680,679
train,0x20f85983936d564e28b9cfb50b94e22ca854f8b8,1021,1020
train,0x211db6b2cba3b95fb95ac479dd51d84a2fb61388,573,572
train,0x2120bdfB09EDEfCE9688957D13B200Fb81790229,1382,1381
train,0x2125f5c0b19b07ee85842034b062aa7386aeb037,88,87
train,0x2127a4f4c156024f59001b1bde582d72c217c3b4,350,349
train,0x2128ed30ffef264f70f2d6237108f8aa02fb3b64,350,349
train,0x21296bd2ff3f98476381eaf0feab289c73221488,353,352
train,0x2129cc05f5c9eb74cbd3e8e015da1174d35a8d62,350,349
train,0x2138ffe292fd0953f7fe2569111246e4de9ff1dc,315,314
train,0x213BEE5DF825C71CFdfd0584E0feF3Ea7f8B0045,335,334
train,0x214f0f6d2999e4c99fcffb1a09d3a0263b98a5f0,526,525
train,0x215a427c5f35c375525ecafa37c05d4b3ec9b573,530,529
train,0x21692a811335301907ecd6343743791802ba7cfd,553,552
train,0x21696b4a054b72d7d115afc9e8ca4c75671b4496,114,113
train,0x217375af2de10c73f94408c3258a956df106ba98,239,238
train,0x218aa06eabc62f2668b0a1e1307d9f7ec47d29a2,350,349
train,0x218f1de2ea9ae3e9fdea347b6e707ebfda2d6233,605,604
train,0x219101D69455c620700bf02f157f29Ef7a8f7988,223,222
train,0x219218f117dc9348b358b8471c55a073e5e0da0b,1270,1269
train,0x2197fc067b3231ae94472648ae8fb1d603ef6579,5856,5855
train,0x21a3fdbc4e9201e85ddd58b7b320ea5aa581fcd6,2127,2126
train,0x21ab6abad3f5da078655a5ad8b49c5cd40defcae,350,349
train,0x21add5ac33dcb3626f428514cabca653244620db,213,212
train,0x21ae23b882a340a22282162086bc98d3e2b73018,1046,1045
train,0x21b09c73b97ac5d1619c9541460a0982bbbf1001,1135,1134
train,0x21b7637f29e2476c3d540219d8ab8b85b114c2b1,288,287
train,0x21bceeef718a0928c2cc1f1d980bab5993f837ba,397,396
train,0x21c04Ea21791cc35C17A0D33b083A8dcde04cc0b,332,331
train,0x21e44b9bb629d9efef554fafb7d4fa6c5fbdf2d0,1545,1544
train,0x21e578b253c73ef7172f13b5c002c2f562521ed5,1010,1009
train,0x21e5e0a1433a7626605db64b69a47e6eb8480ffb,1357,1356
train,0x21fc3890529fcec4a67c0e570d9f21faf5c7f225,612,611
train,0x22141343a20640daaF695226B2233BaEEF0f0d62,360,359
train,0x221535cbced4c264e53373d81b73c29d010832a5,1984,1983
train,0x22164e957ac4c0cb0f19c49b05e627675436dfe1,1179,1178
train,0x221879a53baab6c79a77506f383b8bab4f44cc86,613,612
train,0x221b9e453391c24d52c551542d791206f5747c57,1257,1256
train,0x221ea1b119b4aa2c6b4e2282ab0b621b1f54cf61,8433,8432
train,0x2223cb699ce4e7eb1ededb56fce068c53371852c,160,159
train,0x2226114cbE34Ef919becd1c30D9D200581AAeDFa,213,212
train,0x222d145d78ed722b2b0ca80b5b3f4b629d743562,363,362
train,0x223499d60fE7E3Dc5339e8219e708D18bfc2E6Fe,454,453
train,0x223e729b2533659c5736af8d9618a1f17d93ced0,129,128
train,0x2241db52d71da500b00aec4e19a910702087a3c6,1127,1126
train,0x2244af1453e6c4a0c9165f8e5fbdded131ad35d6,481,480
train,0x224a1fd635ec602316decb793370a45509543ce6,713,712
train,0x225ad9683005ce6fde4eae78c7ed91a499182378,1708,1707
train,0x226a1f1460099321207c15931e6d6ce25e7c2832,1024,1023
train,0x22770695a8eb508c86e0f21891b10cd3ac610ac8,361,360
train,0x227a9c42296278fe6a3feb2db30cfa0dcc8f2df6,792,791
train,0x2282a327a9293895cacbce617b194e6031d6ffa4,1190,1189
train,0x2282d2492ea356788e2608aa658b34fb4aaf9b90,350,349
train,0x228ba514309ffdf03a81a205a6d040e429d6e80c,835,834
train,0x228d5fdc07f2f72542cf25a61f2cf8fc37829ca6,598,597
train,0x228d84c133756eeff8d8cd180364828988fbdb30,1184,1183
train,0x229518c456d06f58f8de683c57e4e263c1506055,361,360
train,0x22a3b451d60a72388a37c97bc517e44ad76a50f7,414,413
train,0x22a903f2faf8093853591e4fe3188c2e46fdeefb,554,553
train,0x22b1028bffe5a53c3fc56737562ab34fe8da129f,405,404
train,0x22c10728343e9d49ef25080f74a223878a3d4052,119,118
train,0x22c294bbf61c3c60a5271d245ac8c620c438e0e4,1010,1009
train,0x22c84ba1f050f4ed6eed40d8a982340d1a5832b4,473,472
train,0x22c9db98a1de074be6ec17ee1b477a7bf896d55e,350,349
train,0x22d583f97c600978a160885172703c750a5209be,361,360
train,0x22d982a8b875cc0f8994cd8a4a70872161fdc000,1092,1091
train,0x22DB56bFE6347BdfE4A8A45be5f18e0b10F5650d,802,801
train,0x22e5f62d0fa19974749faa194e3d3ef6d89c08d7,593,592
train,0x22Eb23a7968294E1693BD4a026CFEc5a80f31C95,1264,1263
train,0x22f2f936b288fd305f5570c667bdfb5e314e6b1a,829,828
train,0x22ff092fb751d2fabe23c6913e224ab3690b08cc,1655,1654
train,0x2300ae45666d9b1bb6a0208a77ce46ab996316a9,346,345
train,0x23166b7900d968f2A2100829b0A19540aa2f7cf1,1124,1123
train,0x23197347808FafB6F82541Ef34c8c96de405a709,1990,1989
train,0x231a2b1e9c9f43bcfb165c53b8a3636ea17ffed7,477,476
train,0x231dfa6e8885341c9a99e7aea35751de2c32b03b,350,349
train,0x231f7026290c8369c9e23c20c9f358a311bef370,333,332
train,0x2322ae6b59306bd8c5c37f1168746d563ed8de99,360,359
train,0x232a5f41Dda1A17d686660096412cAe7EA3d66aD,1990,1989
train,0x233252d702744b1b75defb3fed5755cae15c07be,89,88
train,0x235a5796177230a39a7d4ef5892e7ce15d2bfa16,860,859
train,0x235dcf36b309ea22d00903c28534e0e34a42e90b,1940,1939
train,0x2367317a0a18a8f29f46e752d2ac6d516de74139,350,349
train,0x2368056f36035d01e7c2aa2a15b87e47cc9d2d23,382,381
train,0x236e0c24812759dfc0f906de85f492089bc59af3,1136,1135
train,0x23724a2abb24bee745a6148246bd8de1a56fc56f,523,522
train,0x2375a3ebcc65F4BD7171d39B4e98dC4DD02CBa62,361,360
train,0x2376f06047f161257fda663b071c76c52239ddcd,2801,2800
train,0x237cf5d1d71596bb6fe8f806be09b0fbd11b45f1,363,362
train,0x2383d5916e033a3889b33bfeb11e0fab5a3557d2,258,257
train,0x238a542d17cd9e38ea232949e3816cf30161b77c,1836,1835
train,0x238e2854ded65f30c9c7765cf26cc882949323d7,546,545
train,0x23948ecd713979aa0aee7789bf77ca49c5f7141d,399,398
train,0x23984f7a63481e5554ca5269403b8802ce3025ef,699,698
train,0x239ab9c4f256085339154f36a407eec95673a52b,353,352
train,0x239de3a0d6ca5f21601f83327ea2174225eb7156,832,831
train,0x23a032f8678c99300a40e1a7762e71ada6a23f3f,1358,1357
train,0x23a20f8e0b5c79f39a2b4395a610a60fb30bc71d,760,759
train,0x23a91059fdc9579a9fbd0edc5f2ea0bfdb70deb4,143,142
train,0x23a9add47223ccbc601156db442d566b68b02fd5,350,349
train,0x23cb17d7d079518dbff4febb6efcc0de58d8c984,1035,1034
train,0x23d5df36a4d1851abd65dd64f9e8fc26fb8fbdb9,91,90
train,0x23D6e47F6405615Da8fD58549D7E89B109b14BEF,1547,1546
train,0x23d80b407eb3e4d12d067eb718e290a0219fb355,1021,1020
train,0x23e5d371dc97a95652df974d745c8e6bb560b252,739,738
train,0x23ee8009de5c4001de883ff1d3057a71491d77ad,264,263
train,0x23f33968033dff12fcbef5d4a46389952e4b908e,711,710
train,0x23f47686c26aaf2cc3227b1cf7e19b6c8760ed4b,807,806
train,0x23ff20255f478df0f0e4a59af84f8f392b6a8fb5,484,483
train,0x23ff342055B7c27BDC9e20dD416530e650082Cf3,546,545
train,0x2405cc17ba128bfa7117815e04a4da228013f5bc,316,315
train,0x240a5f36ac5f5037d5a02863d1ee39a21da6d9a3,997,996
train,0x240dfc8877158aa92ca12413a50207af17017cad,972,971
train,0x241684ef15683ca57c42d8f4bb0e87d3427ddf1c,1266,1265
train,0x2426d3c10ffb129fb8ef8804a3e681fc0ec5fb01,625,624
train,0x242b570eb9144da0a634de931cf5f0d1d9df6270,1570,1569
train,0x242d07ca5ff875101f91c4fab27a11218ea7f53c,296,295
train,0x24384c4626eb895c99ea4225af309ad22a75be2f,299,298
train,0x243c39dd203e7223ce7f43da639a31884f6fd6c7,350,349
train,0x2444a95abc8cd48951835babf04cb1389bd38105,332,331
train,0x2449224f42ce230c5b67e1d48bdceb224b0f72d7,737,736
train,0x2455af478f58d11924f9aec152e1c9ce7b6aff94,1972,1971
train,0x245fc6d0c59e5b9e6118088b48465e3757b31804,688,687
train,0x2467AA6B5A2351416fD4C3DeF8462d841feeecEC,1936,1935
train,0x2469f31a34fcaac0debf73806ce39b2388874b13,476,475
train,0x24757624943a7bb882078dc3ad093d6950eb6317,1302,1301
train,0x248044753872e64c288b35b0e71e8b29222e3ab8,313,312
train,0x2480ce2f64cb4c3434adf7b369ae1e906088fdb9,350,349
train,0x2487c637f7074e3def64adb5c61e27a9a6b3974f,350,349
train,0x24932ba6bb75f2c6bf71f83d536c20fe4990a326,503,502
train,0x2495Bd6D0ac7704c55f5eeD01Ae2591a5B53906C,955,954
train,0x249ABae6bD49D05158b9B37302Aed003cf4b9A3c,841,840
train,0x249f13267128d66d2bd393b3c19ca1a59d15141b,350,349
train,0x24a57f642948e36e8f0ce0a4b3b940cbfe14bd4c,608,607
train,0x24a585b4f3db4b852ce8810524401591c408ef82,1252,1251
train,0x24a77c1f17c547105e14813e517be06b0040aa76,847,846
train,0x24b995ac53f7916923bc594d506ffc34fe3fc78c,848,847
train,0x24ba8f48f225aed3abb6760fdce05c058e474c3e,350,349
train,0x24d91950de5d72740adfdf1f21828d11df146124,411,410
train,0x24e644f1002e15f77aa9419babdc39697cc18ac9,752,751
train,0x24eb6f844c51006eae05f50986e8ed67a884e97f,1767,1766
train,0x24f90718340404f04329643afac3e0c9a929f039,394,393
train,0x24f9c2c5032d22153e97205b93339f3496a3a3b5,609,608
train,0x250d3e2ab47aee8f8ae9a0391c262f4cb6af5f38,542,541
train,0x2510b926ec1b0bf127beb53b091294da0fe1a3a1,8525,8524
train,0x252216295017bef7594f0f27121dac1f7190ec1b,1169,1168
train,0x252e3fafe89fdf030bd188c0db8fe74927b973f3,615,614
train,0x253526a4c4da7f77166033481f14ccc2ca18a606,737,736
train,0x2535573fad57e6e2f436ed6f26ff01ae30ebb1f5,342,341
train,0x25360dcd74142e2de793910cb922b5c1e7ac0295,350,349
train,0x2536145fbdf298877f8b8ec4c26cc6bc07032dba,424,423
train,0x25384fa4586e4836c35be4c013e40681e201020c,511,510
train,0x253c7dd074f4bacb305387f922225a4f737c08bd,1005,1004
train,0x255389B9cd5A5863bDdbB8f2B8A8A6047a47dcf5,2025,2024
train,0x25587c25f1c7f245b5d419dbdf14f497ac5dce1b,617,616
train,0x255d0c3a220c78d7123682565d63a97cf85ca1ca,237,236
train,0x256ff3204b385d8944a8af53a37bede09159fd0c,254,253
train,0x2578e445307fdeb1077894378d8c5c8b8d121b59,621,620
train,0x2584f892a2e50b5493ed108fa61888ba373ec02d,1263,1262
train,0x25926eff952bdcd3cb395a5614ab5094474b2dba,180,179
train,0x25984508b7060e460b224c8d5c7eb4fae76e440c,1888,1887
train,0x25992f65334b5d23096b912af089ac454c3aabb6,1714,1713
train,0x259b0e2e5101fb5dedf3928d4d6ccee05ab77a2b,2013,2012
train,0x259CCA880f1760c2E91345169C829b04A0236330,350,349
train,0x259E267455178B5DD53f119F38C5FAd481e23c6D,3705,3704
train,0x259E8EADE77E15f5317A4e5A0Fb101C586C5707F,534,533
train,0x259eb5d9c293733e663a3ce2460060ae28ccf555,510,509
train,0x25a25998caed56c3765c91e6b3ea3af25bad9386,487,486
train,0x25aa6bc7d8b73e8d7a22c2f29c216d1aa1d2aad1,826,825
train,0x25b16c95f3ebb1d8583a1c173f81257bc916a9be,2753,2752
train,0x25b2a7cc42399e3f268249eeaf070a863d61e6c7,350,349
train,0x25c08bb7aa204d221288d9739899f4edf96f5fba,241,240
train,0x25CF4530240b77981310ABa4fc59897cd7B32bdB,506,505
train,0x25d71f9e44d7411ad0d8d90000e6bbe53b11848f,377,376
train,0x25d94b021b69d9c01931ff40bd265cfc3d920f72,395,394
train,0x25e768e8fd64d62c36c842498ceb3c6cb056b389,349,348
train,0x25f3eb8be8f60e0dbfc0615b46aa0d475ba795c5,476,475
train,0x25f6169d7da3546a4eceb79b4a6994c4780a49f4,1071,1070
train,0x25fbfbf498bd7d61803fee4974262dccdb105629,350,349
train,0x260a9ceb69fd1dd0848cf9b1eef415feb1b9a580,629,628
train,0x260cd379410a753cb602c76ae59bfba68246e789,664,663
train,0x2611eb890ec83242ed0879a3e4e5b131a184f8da,1019,1018
train,0x2612A761fa34a8E5b8613c2DF67C3163094dA68c,116,115
train,0x261a3dc3b1b4c93a0fefcee82ec6dd20e8bd345f,79,78
train,0x26253cf8166b2ab51b886835a8f05e8f76b40ae2,539,538
train,0x2625b8cc1449a21383b3f991db23e46f8130ae8f,350,349
train,0x262a02a7de2124ca49ea98d55a3ed723fa605615,553,552
train,0x2636E24D8c1c820eE786aA16Df2085f852b677f5,488,487
train,0x263c618480dbe35c300d8d5ecda19bbb986acaed,478,477
train,0x263c92c1f84150bd608ece563ee7642756fd00d4,369,368
train,0x264e647f96d450c203b1d5ec19d0b44d65231e87,399,398
train,0x265d9adbf078cc7ea5a2589a42c447ca2e94110b,808,807
train,0x26607f9bf9d62A37b0c78e1D3719FCD1fa32beF9,519,518
train,0x2669742c14c23faee7c0615126c5fb410aea3b50,361,360
train,0x267398927b5886df921b235afe9dbbe47fbcc37d,361,360
train,0x267De751c3d6673E5Ae564673934aA315Cb0043D,646,645
train,0x2687d73544fc38ee8d7ae7c7111535e4f4904320,617,616
train,0x268b7976e94e84a48bf8b2b57ba34b59ed836a74,795,794
train,0x269830579e06761b831c3a67e6124baed85e62d1,675,674
train,0x26ab4e37a0ca037791c9c935a5691d63466ba487,2141,2140
train,0x26b112dbc2abfabfc7949e817b2118cfc9128623,383,382
train,0x26b5bf54e03bb6d42c27ef4364f72a2bf1eff3d2,1187,1186
train,0x26b7d545de1c04af88dd2a5f3f4c8f58108c55a2,350,349
train,0x26bedda4f8c496444306c801367d9cba5d5d9266,1768,1767
train,0x26D5Bd2dfEDa983ECD6c39899e69DAE6431Dffbb,361,360
train,0x26de05cc408ccea80fa366c1c2863e4fe9699444,102,101
train,0x26e124b8cc0082299258a6d722c0765e07540a2c,1343,1342
train,0x26e6503a95131247fee68b6489a8b9ea50be66eb,399,398
train,0x26ee60513357ca28439b9d6a977f0f1a397bcdfc,350,349
train,0x26f45379d3f581e09719f1dc79c184302572af00,501,500
train,0x26f7718a36b316782064566d2a36f1ee7ae6ad64,1166,1165
train,0x26f829dec49e91d2dfbf68dc2457356efe3685f1,1078,1077
train,0x26fbe4f306d09469a8e7bd792c875f0bb0b3a360,742,741
train,0x2713fdfc558fbae3ad603e3504c73e668fe15aa1,924,923
train,0x271EeA8DE998f42A298adDb0659a5b3e18f80367,402,401
train,0x272647f664b5ba01b2ef2dab3d9d49e03bf58b0b,386,385
train,0x2737e022e8bf733b05fa0706b0e80003a576ccb4,536,535
train,0x27555d7292f22a65e24d7a45b17faa970a2cb20d,1462,1461
train,0x2768a34d8567e35e5b19a24231581392755cc0ce,703,702
train,0x276f5da0f6c7b55129570ac7195e6e65122a4cd0,716,715
train,0x2771Ef07dEfB079C309542E11219D97B562ab6b0,712,711
train,0x2774ba8ca4c4725434abb51ac9b69c6f1b82abe1,350,349
train,0x277597d760e91cd83fcdc74b4808486d485230d9,1185,1184
train,0x27887a512107d43b4ebbf66df1c29bac7eba1f1a,916,915
train,0x278f5d89c85a4ac8aaa39e08444212cbb2546fd2,350,349
train,0x2799d90c6d44cb9aa5fbc377177f16c33e056b82,350,349
train,0x27aaa51b9672baf5d6fcc4aec5921126e4bfdb37,350,349
train,0x27b99f3648d3a4a50e7dfeb06a8f07721fba53eb,613,612
train,0x27ba840c2e65d54455434533daade769333f4aff,671,670
train,0x27c60fa0fc81fddd5be37c62cfaf88c0af7143ff,388,387
train,0x27d4cb2f6be658a6223fce994d55093c4b7250ce,1311,1310
train,0x27E5A2Bf020c74fE9aD862A20b64C6eD13d1739c,2802,2801
train,0x27f706edde3ad952ef647dd67e24e38cd0803dd6,646,645
train,0x2803d105c89617f361c56ba370b64d84fda61e0b,212,211
train,0x280d90f4610a0d04427a14906aa9095e62c91cc0,842,841
train,0x2816C772eBEC14ca3C3D3d45fba8b35ACFe07F54,781,780
train,0x28259654db80fcf9adeda208e991cb799c1f6e8e,986,985
train,0x28323c7ac931c12425973800fc26854e486da9b0,191,190
train,0x283a97af867165169aece0b2e963b9f0fc7e5b8c,418,417
train,0x28466908f155e36adc16448d202825617dd6ed96,353,352
train,0x28481cdc0e4fa79164491d47e8837edeb3993f20,1487,1486
train,0x284b0f2F49D072836Db87Dd25D0623Cd2F622bB1,861,860
train,0x284ff8b2acda5bbf3e7aa72dad0894ea716b5ffd,704,703
train,0x28577A6d31559bd265Ce3ADB62d0458550F7b8a7,318,317
train,0x2858f2b0d94947962f93e4387d391467ebd72166,349,348
train,0x2859021eE7F2Cb10162E67F33Af2D22764B31aFf,737,736
train,0x286249c8374057d9647a7f4ac12211071ceb1cae,506,505
train,0x286bda1413a2df81731d4930ce2f862a35a609fe,715,714
train,0x287123335683BBa3CDc2E92CD0913F5c22Fd2325,102,101
train,0x2880f03f181ee0967a00bac5346574f58f91b615,219,218
train,0x28863b9534af2a4c3d912e9a3b76b0b7b4fe2046,465,464
train,0x288e65d9e8608683976404eec5bb4434f933f6fb,1371,1370
train,0x28a25d9d37a97ffe59d048a364849d1d749fbd98,1080,1079
train,0x28a40acf39b1d3c932f42dd8068ad00a5ad6448f,717,716
train,0x28b07E3FE42cD85177bCbBAd8e4b60e9e19aAc0E,429,428
train,0x28c307a3ece8cbdc90a78f4c0dc8e42123ce8985,526,525
train,0x28c3f9d254aa969c117ba828f9d96007bf41f7af,562,561
train,0x28ccdda197d319a241005b9c9f01bac48b90f556,453,452
train,0x28dcd428e8125990f9e5fe1b82db0e3ed240711c,744,743
train,0x28fedc4d3e3d995ded4ad47a2545252918e73a45,613,612
train,0x2903caa1a39df0ab361f51236d040a4e1bf964c9,349,348
train,0x29056ca608e904bb5c5854e9fd6748ae2961ac93,350,349
train,0x291a043f014d12dc852b02ff752e5b70132bc328,778,777
train,0x291ff49cb930caa6d8e3ea0702fc6cf3409c87aa,2814,2813
train,0x2926ba12e333ddb29257f52dde90fce89e2e1b7d,736,735
train,0x292d448b46f5419387e3886e89680ed4b7d62d09,156,155
train,0x29548baf82278c4207dce57d1a44c4ef07981b03,1741,1740
train,0x2955ca332cb226bc38bdc21ba49e0709dd8d7d37,1013,1012
train,0x295e65915bf0a884dcb225d0b60f95f25626e221,544,543
train,0x296363342643308aa2630af0010451191f3b1d6c,597,596
train,0x2974fdcffcd91bc0f879f5419443f7fefd3f06af,661,660
train,0x2979fe5018f6efb6fdb0e49f05bf6d667f44377e,350,349
train,0x297ac8bc7540bc241f065fcc22c570b40170b573,1945,1944
train,0x297e7ff69869144740198bcdfb6aa53db677e4ca,56,55
train,0x299877687fd17ff592a5b443655eb565f7aadc7b,1143,1142
train,0x29aa20fB9b23421E310BDB8a7cfB81d7fbB4a1b3,883,882
train,0x29b0de42b6495d48ec80126eb78591a756aac001,400,399
train,0x29b3e5028d00c5dc222b016d702bd85329d28900,355,354
train,0x29cb35d483ff8e3517c06533130e6edff1ce3088,350,349
train,0x29d621F863d385F959822E618466EE181D4a1057,401,400
train,0x29d79f8ac7d22a4b1a5e7630f3d48e8d291d3f11,756,755
train,0x29e688f86cf573f4c49827a8913c93e1aa158d3d,752,751
train,0x29eb46a643bc4cbc9d189eafffdf53913df2eed3,469,468
train,0x29ebf9893f12364635161cbea15a7553bcf1a58d,477,476
train,0x29f0b7c3d8Ee8f6471922F089F459cAb53029113,2801,2800
train,0x29fa00dcf17689c8654d07780f9e222311d6bf0c,361,360
train,0x2a05d22db079bc40c2f77a1d1ff703a56e631cc1,516,515
train,0x2a0dc33d1bfc8e210bca025a363c5168ef0453b2,103,102
train,0x2a106e06cd26fad93f732daa4218fce4eac6d6d8,317,316
train,0x2a28cc275b458019910e3b8b8ee58f17eb6d38c8,429,428
train,0x2a2d72d3dbc4ade55a3256c1d277c1c1cfb8cfdc,532,531
train,0x2a47e3c69deaae8dbdc5ee272d1a3c0f9853dcbd,508,507
train,0x2a4ae848247ae9d8287c61980ffb0133a90dfcb6,350,349
train,0x2a4b256440fe78CBb6eB95271b6205988aB259ca,340,339
train,0x2a4c36c96b0abe725237e5cee5305b08e03a8b3b,830,829
train,0x2a5fbd3d5b0320aabf05e11284ac8dcff87c2794,192,191
train,0x2a605B89C3ddf839126DaCCd3FDAF6dF8C18DF76,1130,1129
train,0x2a64b1e6a21f450a0ed6a78559d42ee4bf079d10,589,588
train,0x2a6a139da8d1f430696663d640591d5199aa718e,345,344
train,0x2a6b4bedadd639c31429949836481963933bb59d,475,474
train,0x2a6de4230c96f416ad350561b1f613db1ea6c53d,551,550
train,0x2a7d19f2bfd99f46322b03c2d3fdc7b7756cae1a,308,307
train,0x2a85A4c299967bba581AC6C0612183b3Bf383e58,328,327
train,0x2ab8213f5c75fa8d028f232759e1acdce7b60eeb,467,466
train,0x2AbF00B596f4cB10384654DCD76253B3140d35Ff,1150,1149
train,0x2acf8b31ce65347466d8c17cc22b8a4f7b845c2d,350,349
train,0x2ad180cbaffbc97237f572148fc1b283b68d8861,639,638
train,0x2ad565023d39f5f8a6afdc625c0285bbc2d52276,3581,3580
train,0x2Ae024e4ECf78Ed1bf94eB3c7cF4E3e2ea03d550,57,56
train,0x2af989200e9cd8d3404b5b40f5e2f896302d9aa5,563,562
train,0x2b022ba25bc7be712dd8e62a5937da54003cdea9,906,905
train,0x2b08f3aB8986075F8691ea9abC393642964e64c5,1728,1727
train,0x2b0bc2e11bb3d9c02b231a96ffd571a8bc613af0,362,361
train,0x2b132e1ed74983c3f93745cd62a82908f27c233d,483,482
train,0x2b13940e951604472b94a1f6f1c0219921ddb028,285,284
train,0x2b260f4eff8be39c57967b8809687ebd54399e23,350,349
train,0x2b27bf565593da4c3689207175e91b1c15e4792a,223,222
train,0x2b34ebda72bade6e6e91883ca67eb23484b045fb,1099,1098
train,0x2b3f20d82e2bd9e942c8f1ea6fae0d75436fd32e,1027,1026
train,0x2b434a1b41afe100299e5be39c4d5be510a6a70c,1454,1453
train,0x2b462f1f0ae1e2b3f117ab2b0370f7ede9f1ccd5,350,349
train,0x2b48d0f08d4db22fba7259bc67e6c920509813b9,4207,4206
train,0x2b500267335f75d456f1ddd651e638159b516789,738,737
train,0x2B549c44766eeA3943a411af94f4608d1B94993F,3130,3129
train,0x2b789d8b08608302b108f8cb466e8b49db8525a3,450,449
train,0x2b7aa75bbe26c28324e417c5efb027966e9cb810,1721,1720
train,0x2b94E0c6cCB25ccF6B2DfA1A286712eb565437Ee,1472,1471
train,0x2b96efc474b9fb935951ca65f10d0cecdc480d57,991,990
train,0x2bac2b3245ca05b9e9cd319fa0f96418472ad7d0,254,253
train,0x2bbd2e4dbb0ea3832efaa9877e061d3ed1f87543,695,694
train,0x2bcf0e99077d5ec28bbb2763e2c7eaa6ec6d72b4,508,507
train,0x2bd55e087545cd35e4d5df82418a036eaae45495,350,349
train,0x2bdc0d42996017fce214b21607a515da41a9e0c5,1183,1182
train,0x2BdcD9AE2bE26d3324eF75BcF64B3cc246302754,1168,1167
train,0x2bddf6220cea20790ef373b9c076766d240f8778,544,543
train,0x2BE0105f9382fdAcD82EabeEA7d52fa6aDa33557,1605,1604
train,0x2bf2d5b964bc5e3dd009715546daa6f91b62e41b,544,543
train,0x2Bf36e414C52a9fd81E21a0aB5742DCE750389D3,400,399
train,0x2c1ac48cdab70a6dca1603280bde1cdfb6796017,551,550
train,0x2c25408ca46e05acd50cbfcfbbd12fd07bbfca26,361,360
train,0x2c26994e27238b383a7de0e55159c6c720043530,631,630
train,0x2c292e7151543014638e45a4e4903b974959c412,226,225
train,0x2c2afc647d4a864d67282bd143925e8caa4d4c46,543,542
train,0x2c38b6023509aeb6437491dbce27d87e3ad37310,1898,1897
train,0x2c39f92294f436c956f12dcd801a3181e77f8851,210,209
train,0x2c4d1853a193573876ccfce414e3d9f1687ec917,1364,1363
train,0x2C4e8f2D746113d0696cE89B35F0d8bF88E0AEcA,933,932
train,0x2c544275203b0db7550887067507ce2befcea893,1268,1267
train,0x2c5c88df2c01e1486121bb9e31b93cc850486b0d,1303,1302
train,0x2c6537795def9ee3a4ff5a99dab508fe1c8d2d25,982,981
train,0x2c6b2bed2ad5b920936363b0cab60d684c718327,223,222
train,0x2c6c596cfd4c2c3b039db90fd3c8acb564e13251,1252,1251
train,0x2c78ac7859423ab8d3efc4ae1f1fc842573830ff,616,615
train,0x2c7a3912c85f86aa7f08981287568f8a9f7caf3c,526,525
train,0x2c80d54416625c3519d5de14528d92f25d03d433,406,405
train,0x2c821a3ce3b5c0a471862eb63a2ef99a4d285d43,546,545
train,0x2c82c73d5b34aa015989462b2948cd616a37641f,1778,1777
train,0x2c875e5ea4706b1978a41b59edf2d3af31d60e70,335,334
train,0x2c9217ae5459a5db64dcd108862696a710f05a6f,3450,3449
train,0x2c9eb11db6b0dcb18fe8644003ee53f6b4588341,197,196
train,0x2ca26c9424548569f5ba7f7e73db142bc6ee9b1d,6397,6396
train,0x2ca3c58889f115d3d6d09c071b31a5bc6c4315d6,346,345
train,0x2ca70f6f8ebd683d5afc20d426839ef40e063f02,420,419
train,0x2ca72c9699b92b47272c9716c664cad6167c80b0,752,751
train,0x2ca894a2af732f954a3e62d550321f1d0b626cc7,746,745
train,0x2cbc6812cff0b1113bf2808ffce6d83b97afd345,346,345
train,0x2cbf103901196f99619f2bf9accdf079e9c76819,617,616
train,0x2cc13780ba2a48a103ad19d458a52945bda7ac7d,477,476
train,0x2cc71c048a804da930e28e93f3211dc03c702995,645,644
train,0x2cdb2107e94104e69f1592ebe1e45781cfcf9962,793,792
train,0x2ce4f2b9b3261cd95229d80dfc785d2edb4cfd1a,613,612
train,0x2cf3a4af0c34c4f12f4bc391bd123d13eeefd7fc,499,498
train,0x2cfcb4def1a901bb7cba6e79543391e064fe1e48,73,72
train,0x2d1ea57f68e430da2e693db0c6a3887a705aed69,1643,1642
train,0x2D224e277fDfd273BbE63871Ff69830604B79754,564,563
train,0x2d22594a442d6e6d5e96119e6361979a473098e3,350,349
train,0x2d2fae6b91dd263188494124b62750f2ba3c3de5,1262,1261
train,0x2d39d06237fc4a399aef944f8e012694cb731afc,3489,3488
train,0x2d3e7d4870a51b918919e7b851fe19983e4c38d5,2370,2369
train,0x2d4370400cdcbec8f26ee4face1fa120227271e4,902,901
train,0x2d4b1cc9a2d7417a9689bbcfefb224876cda7923,1052,1051
train,0x2d4c0a94ecc29513972b302ea143aa6e0412fcde,1097,1096
train,0x2d4f1883d7f6035298152b85b4e07459c216c317,199,198
train,0x2d51481469e34ac9fbc42c1990c1f6d0b1a9b65e,636,635
train,0x2d51eef741d906084ce3bacaa0e66e4d261fdccf,768,767
train,0x2d52d1517f47e1ab7be6377a1f11fbd2c49978db,508,507
train,0x2d56b74585A2B97d299445d5f2cAcbC2102f1335,364,363
train,0x2d6615261ce50f28e32118fca0ba86b38939cef5,350,349
train,0x2d66e75ad68c4a4f24eafca690ee3b1e6e0ffea3,523,522
train,0x2d728545c0dfde0ae35a06ee9e9478420fe9bb2d,350,349
train,0x2d7d873f68d9ab1c13836c86d2cc2e929d072922,609,608
train,0x2d83776ddf6af57a48c8bf016c25fa3b3a25a304,1167,1166
train,0x2d856e799b8ad85a3af7e9a4ed6bed685e797ef3,383,382
train,0x2D8C233BB15fBef5386EE465e4380C52E1028F6D,335,334
train,0x2da4bb51e59d0b156b5e19bb3f8eff0279e1ffa2,837,836
train,0x2da815fd37d93f74c1716efc2133d0bc26f3167a,350,349
train,0x2dac83ed6941a80404ccaa74d2c1b2f3427dda41,258,257
train,0x2dc0170450e66af2d3f5c56aa0b20ec4a254902e,673,672
train,0x2dc2e581f1dca93b618937aa313c8920153af960,1317,1316
train,0x2dc588af5eff094401b1f8016e74e7d46d9e7a31,319,318
train,0x2dd1c73a7157b43d89be58cd2fd038e182c9ce2a,544,543
train,0x2DE90964c53308f8Bdf68f43cd3feac1e1e95587,609,608
train,0x2de9b766701b4d1468ae44b376dca65d31db243f,911,910
train,0x2df0e612dad9ffe8141b3987f60608742db2feca,2306,2305
train,0x2df8286c9396f52e17DFeE75d2E41E52609CF897,871,870
train,0x2dfcae4bc1b5468d6fa6e508da666ca5cde56ccf,330,329
train,0x2e1ce8b63c1c152532b4fe4dee4715655ba8c35f,544,543
train,0x2e2c20206d2011a54c4732ec0e958a9ed21a032a,350,349
train,0x2e2fc8569d3ba251965bf8ad85e2f55c37612718,975,974
train,0x2e394f6a40bf502892a74c1f373cd36e0238785c,199,198
train,0x2e41996ff291e30ca52cc53867ead85638ece162,544,543
train,0x2e4a87cbfe2ffa21c8196fd884640be3c7eaf207,606,605
train,0x2e564c4d87e3c4108ebbe4ce9f43754ad9956320,424,423
train,0x2e5e995bdaa495abaf2af499d682b0277d4dd66b,2646,2645
train,0x2e5fdddf58e8deda84211639d52119ceb0925871,544,543
train,0x2e7caa7be65a3efb51fc2018149d98ed1e62bb54,350,349
train,0x2ea13316d1e54e6de5d4a7e167071477a1feb003,962,961
train,0x2ea1ea9419a126673d1bbfdfe82524ea9e6f848b,382,381
train,0x2ea91a843aeea778e40e70623612cc720a6f751e,749,748
train,0x2eb5852f0d0a448ff1536cfeab28ccd44a334148,350,349
train,0x2eb9cc28c34c6d427aac9f259ee5c4b33f1c4448,605,604
train,0x2ec0b77eca516a15889f5db97d6ca5a893faa7a8,886,885
train,0x2eCae89ebd1DdE40E39D04f515E1f8E64AB939bd,1261,1260
train,0x2ed86079b04a35402b473323927e7ea722e8057b,626,625
train,0x2ee6d1a3ba4e80a61bdfb48a90d40a5cef455326,1025,1024
train,0x2eefe55e7fd4546ce3451430aa4fdced0c4efe85,259,258
train,0x2f05e1c76549f09670fe0a163fc6332caab6c022,565,564
train,0x2f069a1D7A052052458e8b5511E91221EB337c52,135,134
train,0x2F1B8C9d0A21b747D8ca370f93cb09D3DaF222EF,653,652
train,0x2f2bf29d4944b5c7b9768d54d12b1bfbe13d4abf,64,63
train,0x2f32087aa2474dd84ae973d216de2bc8669003ee,1085,1084
train,0x2f58b31ecad8f1a60375a0c9968556283e6ce41a,136,135
train,0x2f64c53b5d55c0d6e334d82c4dc67ee52b89f88f,1048,1047
train,0x2f665527b0a8b3710adcde917220de7d6b68d67d,1748,1747
train,0x2f66909464471af55e63f13e6ca0a49db1cfca3c,439,438
train,0x2f69f3fad0031f6b666d87ca357031a93496652b,935,934
train,0x2f74420b967c1c2c1c162aa27ddf8efce532328b,405,404
train,0x2f7823aaf1ad1df0d5716e8f18e1764579f4abe6,436,435
train,0x2f7b4b11001e3c8c544ec00a129b4afd90a662cf,1192,1191
train,0x2f8472dd7ecf7ca760c8f6b45db20ca7cf52f8d7,583,582
train,0x2f90a5202ec023fc5015d063dae1e64d18063506,27,26
train,0x2f976a5382c0c6214b3d8fe6bdc5379edd35d9d4,17,16
train,0x2f97dc94317760c7204e72a5bd058c10b409dc12,1433,1432
train,0x2f9b6779c37df5707249eeb3734bbfc94763fbe2,599,598
train,0x2f9cc03cf00cde6289e90ea7ac5568919e79d8ff,361,360
train,0x2fa152f6d08e654d8bd4ffe80a260c6f5163561c,350,349
train,0x2fa50319957d5377672d59dd858adcc079bc2247,353,352
train,0x2fa5a79bb3606b26db51896ec98ae898a5ae15b5,350,349
train,0x2fB96a6CA0e940eD219e9386210e6CF299295FFE,296,295
train,0x2fbe354ba5ed4d4f2af551a8976925d251de873c,1047,1046
train,0x2fd25efb3e998e0809646cf933a9df82219b582c,141,140
train,0x2fd41f516fac94ed08e156f489f56ca3a80b04d0,371,370
train,0x2fd747959bb92e1e33e39c517605f0bc4bd12746,568,567
train,0x2Fd8019ce2AAc3bf9DB18D851A57EFe1a6151BBF,251,250
train,0x2fdfdc48b4ca0021e4c629f137d151b5910e6cd0,3713,3712
train,0x2fE3C5179a1b540d435D8aB9F93Ab0f6597d9aa6,1547,1546
train,0x2fe7408cef927cc48878bb05fd23879a9427cd0b,2065,2064
train,0x2ff6a461d6c744dfb9bcfb3d89016f85d92d0e0d,570,569
train,0x2ff994cdb80144fa84b2ab671fc46816d562b64c,1218,1217
train,0x2FF9c09beCD301bCf7d5FA057e01c39A370985CB,1777,1776
train,0x3001aae4690de76689a8460d32c6a47fb7820c13,463,462
train,0x3001c9b565C0e65E85ee5981035b6B07A3DAc89a,276,275
train,0x3003dc69d03227ccaace3142452a514a04a37d7f,638,637
train,0x300A0A820d8FB6E77850DA5eaa8dF64bBfF5746D,2113,2112
train,0x300b02d269b3f186da94b9b5c085bc4d87d7af7d,1821,1820
train,0x301068b920bfc403238cadc5dc9de490d5ef6c68,356,355
train,0x3023d5ee05ebee74b61f940433b7783eac1f221e,6447,6446
train,0x302640df886a6c3dcf045b0aed753f06f6553224,617,616
train,0x302bf9e88b4238ea1bb6081d4b9397038aa9fb65,459,458
train,0x302EE98862A56Ada967e7E61AF3E3795D0d59712,324,323
train,0x303f942c01f3ecb52b60b0a609b853b067d839c0,1131,1130
train,0x30487380ff0727521884053d8842007791a998d9,1135,1134
train,0x306bae9a231b3d5f77bed6e3657cf660de77ede1,350,349
train,0x306e5d0c7b3934af9bdb57c3ef0eb886982c2aee,665,664
train,0x30795a541aea7f76ceccae7dc5146682f6b04cd7,922,921
train,0x3079a6e12b813D5156Cde41c5dA7489d7139af68,346,345
train,0x3080630ecdedb43dec42f19bed68965a45414902,466,465
train,0x308c8644953f7bbe8b4e15528169c2985770fc6c,350,349
train,0x308df6e60b7dffc2bdee7fa62d41ef53ac5d4e43,1606,1605
train,0x309342eeeb7a4d0674d0d9e3ed71e13a2d560786,458,457
train,0x309d89d62dffd6840d951fd844b3ce5694f06065,350,349
train,0x30A0d9A67816699356f1059965e846b828aADC17,787,786
train,0x30a46C0f2622f6357870D46C298af0844e0Cd99a,693,692
train,0x30b0d22416075184b8111c0e033fe6f33e6b7996,2047,2046
train,0x30b313F0aEF971FDF11C02899B2Fa6339C4efe3c,3130,3129
train,0x30cc0e266cf33b8eac6a99cbd98e39b890cfd69b,617,616
train,0x30cefbcb5c26a5b19a019092ab8d09f8739c904f,1305,1304
train,0x30d74165dde6fe5b4c03eecdab34dc4d518d14fa,1976,1975
train,0x30dda19c0b94a88ed8784868ec1e9375d9f0e27c,672,671
train,0x30e0d995a998bbf967cd80c921db7b6afe953900,58,57
train,0x30e1a463ecf25dbba2f83cb3e4b10045f888e55b,312,311
train,0x31041f1b393c46e324d9a23406e39a13705eb204,587,586
train,0x31074ec1f256Da57ddCE308d34A2e0BA661ef69C,484,483
train,0x31243ce202f30d4aa4ed723b927fa8731cb951e9,567,566
train,0x3139ad55aa700e449a0ac6ec55972a7391aa35ce,1122,1121
train,0x313b4c42bee0d45d05b8cc51c0cd8298264c24af,353,352
train,0x313C54EB9F08f1Be0F18e8ad505135fa7041A52f,1050,1049
train,0x313df3fac623a824c8e64b4c47cf62fe0b75809e,2326,2325
train,0x313f29ea49a9e6ca3b3e254335d4ec32ef5045f8,2439,2438
train,0x31523372962309845680b5e76da13d1208352a41,395,394
train,0x3154da898943fc7151bc77f16e43c0c47b5e452d,416,415
train,0x315840be65f5ac80aee75d58e30a70a66e813320,350,349
train,0x315970be5a362fc89ab4240c52a78043211fff1e,496,495
train,0x31648977b1866b9ace3a426fb1677e536ec1ce8f,1228,1227
train,0x31705AA4933C106f3d15F64dF0eb70d8d37FC36E,476,475
train,0x31710812a91c9cc695750a8d47fad1bb1d3a8f7d,22,21
train,0x31718bcf61910b6760ec5fc6aaa8a6a0110af902,198,197
train,0x318117e8fb2e9f6be234ee4dab49fbed97175c7b,656,655
train,0x31919e139a2688da420ef73195b7751951058384,1770,1769
train,0x31968c0f883dbf768fdfb5801fabd35884da3c3e,350,349
train,0x319729C4bfC7f577dC0F25EBb8ED0f33bf88cfa3,1382,1381
train,0x3198839d738e99d188b143a2dd7178909c1f3391,676,675
train,0x31a7d1a302c1ec79ad6f43a281e8890460e3b227,385,384
train,0x31b566a89cef7962aa647ae6766ea8fb1dd6ccdb,756,755
train,0x31b6074c17a820f5f3c62563f420cf46f589edfb,399,398
train,0x31c44756a907a6585210c324cd4823f980aa7702,454,453
train,0x31c807df8eb5c79b4854b0004b09d1469f087770,229,228
train,0x31c8772dc63a3c63bbdd754a77b1b39331485df0,912,911
train,0x31c9c1e892b916fee242ec35fcb2220abfea3be9,576,575
train,0x31cfa363713884c5642e7249a47762188d144629,252,251
train,0x31d5fdb776420c3a7bec1ab179edb9823e30f485,350,349
train,0x31e57ba352853163642093cde33e9e5bbd131d49,338,337
train,0x31f16d6e6cd4e66bfa479009090b49c5781bba00,544,543
train,0x31fb7577a0f2fa944cd1bf5cb273cba5f2081592,688,687
train,0x31fd65340a3d272e21fd6ac995f305cc1ad5f42a,79,78
train,0x320015ee3eb9cea123f910a78bbbf9e65f2bdfd5,768,767
train,0x3200a57215941de7e460cf32810780ee5bf8a134,1481,1480
train,0x320344d8c18b6971b3fcdbf0b12ed73578a8a622,1245,1244
train,0x32166f7492c3bdd428dcc8d38c6c9e89e7f46101,1930,1929
train,0x32234c089b455cbd02cb0cf1b0f5fe82a7792898,544,543
train,0x322745a94f04929c3953697551b40b869d6aa5d4,751,750
train,0x322909bb3aa921f101d829c0edf57493468d9bd4,180,179
train,0x3238db085a2853442e3d74ad47e73ef63bfbc507,1203,1202
train,0x323a60675142021adc78b147c72d479de923f4a5,2384,2383
train,0x323beae259bc3046d04d13f080d18610a471e8dc,363,362
train,0x323eb855d59f07db88c9ce18ec08939c7c45828b,553,552
train,0x324bcf93e807a0fd74b1469aace621514b5a4efc,1771,1770
train,0x324d65aa829a9b976fe661b03a7d4cd0d66ff843,553,552
train,0x32512f9edf7774e973d2163f91092d128edcdd61,613,612
train,0x32680c305b2e753f0c9c8dfa6e36ba36c68e0801,2268,2267
train,0x326978c114bec15da8b7a240d70f98267ca84793,362,361
train,0x326ba23be0cd16a64272431b4967c64319811184,350,349
train,0x326ce88b27c196d0387f5df7ae085c1203185cb4,532,531
train,0x327682779bab2bf4d1337e8974ab9de8275a7ca8,882,881
train,0x328914cfe75a9266d56706c9ab955ce30df3e62e,1347,1346
train,0x32a9938d567adfed4fde49e8846a86d278f893f0,91,90
train,0x32b6ddf4912141d1387860606ed4503bf87a6196,409,408
train,0x32bacc8b241fb172fee18bda32527126c6f3c5f7,1146,1145
train,0x32df4e3024da3c7f9a901792d82f9d7008b7e490,416,415
train,0x32F14d71499fc2C1482eb275eC83cE5fB1D6C7Ec,125,124
train,0x32f916bcfae02a2a385ec0219a07fa2374bae7bb,4055,4054
train,0x32fabade1d0e05f98c8bbe89e66c40db040cbe8e,857,856
train,0x32ff10bf603558873dea928859fc527113a33f46,689,688
train,0x32ff276e98517ef6e0ad7bc7b2674baa0f1c388b,972,971
train,0x33098a5e8f5e932831434748cdad425487b9aaf1,269,268
train,0x330C9E999a3885ad04a8CE70CF5A826E029FC3CB,604,603
train,0x33130769b752010aed26e661701f37a6a42c00d5,529,528
train,0x331c97189a8b25c8acabf0af2382cdd8eae4d88a,1288,1287
train,0x33286518eff61b810b9796cf847d84be65160147,361,360
train,0x3329f8d4e675a457697e9c00a41f027eaeb0ddcc,420,419
train,0x333f37329c6d2346001501f235d33bf68ec1cf5e,288,287
train,0x33493d18bac3649f00163d3f0e1e2d374a7dd4c6,579,578
train,0x334eec1482109bd802d9e72a447848de3bcc1063,453,452
train,0x3351e6ca9e9370923840489464cf0a7b12701808,129,128
train,0x33540976411534a8d96c715a4ff7f4392d2e52d1,996,995
train,0x3354e35939E26b8899847F99Dd16aC5aa11277e6,335,334
train,0x335f62470ef07f588df3f845ffce4dd7b8c068a1,617,616
train,0x3363e360c565b43dad7cd468f63fa27b74932b15,1240,1239
train,0x3364fb62274ad4659bc5162a9ba4b84c73784f58,770,769
train,0x336f646f87d9f6bc6ed42dd46e8b3fd9dbd15c22,556,555
train,0x33720000b3b3bd4b631b76f85049306be257ddc7,361,360
train,0x337d8f9612387f5e13702367d56f65b46db94c32,319,318
train,0x33803EdF44A71B9579f54cd429B53B06c0EeAb83,982,981
train,0x338649003ff30194be899100b67a00bbcd62af67,617,616
train,0x3388d5ce5388d72f5fb5858bd6de7a28ab1a08c5,512,511
train,0x339252d41f6de02ab6f079ec39f72ea669e00bce,617,616
train,0x339aaeb63aad18d37c7073730fcc7c1f7dbbf293,510,509
train,0x33a104dcbed81961701900c06fd14587c908eaa3,1087,1086
train,0x33a22bcafd6ef4e4a5e322f9a3910298a3c043a8,888,887
train,0x33a275B9cd129b34e5f0693D82d6d3Db26B0C3a0,1758,1757
train,0x33adb1613254c57ca2dad0617917b13ebc2e5cbc,349,348
train,0x33b2da583464847f65aefa3d657cabdb0a9c0580,350,349
train,0x33b7a018934c6e90fd63189d7c4517f0f776142f,967,966
train,0x33d2da15f86b1aa9a896db4daccf54d8f9992c7f,349,348
train,0x33d93307df7b88b3c68c345771aaba6ed560b7b0,102,101
train,0x33ddc60a8f2ca78dfe0d10acbe6a1bcb6dc282e1,258,257
train,0x33ee9e6ca1409591bf8c126725473d9ec6ec5d3a,350,349
train,0x341027eccd7449ce0058ca5ef7ae17cb15a29ae7,1874,1873
train,0x34166bea3096cfbf51dd924694401f04f4e84cc0,272,271
train,0x341f9c6c60c07fd11ef0bbc93586a2b9d68bfcf0,1626,1625
train,0x342F4057110bE50957d0f156F4939a929944C69e,62,61
train,0x342fa1885c24fa7c455271ac17755c87766c8b93,466,465
train,0x3436B4eF283F4E4c5592B7A8510F27e87927b06e,350,349
train,0x3465cd9ce5624e5b3d5eaccd816df4a8c0c31fda,1390,1389
train,0x346bce8f3b9c118e84643de7b992e55227a1c95a,350,349
train,0x348f0190a65f518573260ead3af18187d4dd57bd,1350,1349
train,0x349766bfb7f89d1a8860754dcdab195e6bcc7103,342,341
train,0x34a3deb32b4705018f1e543a5867cf01aff3f15b,1415,1414
train,0x34a9f0ef9cf219ed2bef96f089372e68921cc591,741,740
train,0x34abcc1fdedb49c953445c11a71e428d719ba8d9,290,289
train,0x34b1066c3aa7c64dc61109fa9f0be56fd2c762c3,355,354
train,0x34bc4f174c027a68f94a7ea6a3b4930e0211b19d,148,147
train,0x34c8ff4e1cd9a57c54b29e85757a30279efa07aa,2933,2932
train,0x34d03f05D20c442EF721F0725302a45F8d516c6D,1547,1546
train,0x34d1857175eb5693bbee49c214e2cd44b2f3058c,599,598
train,0x34d2897197e5659f3f3842e474d352d453903d29,613,612
train,0x34da65eddabbc20d27ce1c5b8d8a8e83e62fd42d,783,782
train,0x34dbde62ce8af4ea2525fd0f10caf7acbf1af82c,1734,1733
train,0x34e71fda469b91e7ef57738cb06cb7c120621f25,744,743
train,0x34e856a826fe8346b4e9ec0f2ac53f130d210dbc,275,274
train,0x34ed5195cd23da4b69d09eca0c474011303ceb3a,1264,1263
train,0x34ee35170a667965f952e6d6fb1507074377f9c5,453,452
train,0x34f61ff92cd0f49a358a9fdedde62898b9d70901,617,616
train,0x34f940a0311f6f6015fee8ddc1e2eb7985202690,669,668
train,0x34fc4fb108e5b2836bd776a5ef5969d6da5d8601,527,526
train,0x350184b593af623cb6f4334400f4116a6e44bd49,357,356
train,0x3501ecfa3f8b188915c72f36a93566585ba99336,796,795
train,0x35153e8f727fcc52b98e99348ecb941ead3b0c4e,440,439
train,0x351b8Af184E9eD46af5f0947E7F22f155c8D5Fa4,982,981
train,0x35228ae4a238d355aca3630e1c4d34f9966fb450,350,349
train,0x35270130bf7839ad8ac73f79529a07554f735670,451,450
train,0x3528486d8b8d522e221cb487f443fef29a7ce5c0,350,349
train,0x3543638ed4a9006e4840b105944271bcea15605d,366,365
train,0x35463dd09c483d2ace8810259675c5350a9cdd95,263,262
train,0x354c68f9d5db6e88d7da10477792cac301a1f603,2770,2769
train,0x356151335ac1b98349a535d894307a6c8f8e3fae,275,274
train,0x3563fe3f874b1243794cb6cbb6c11535bbd61527,348,347
train,0x35776b0dbaf84794eeb6fc5f311f32a3f89e9618,830,829
train,0x357af180d6822ebcdc269ea147cd3d36ed971596,361,360
train,0x357d20bb068cfc3f78642df881d7856158f94f93,366,365
train,0x357f07ac89ee6329a70ca837d6bfc16b0275015f,7019,7018
train,0x3587822cf6a78a714b18a3bd5f01b7dc61e9fc23,207,206
train,0x358bd9446e79eE20c0FBAa4f3BFf31d794bFe8B9,8476,8475
train,0x358d12436080a01a16f711014610f8a4c2c2d233,1685,1684
train,0x3597F78c7872DB259CE023aCc34511c7a79F42E3,112,111
train,0x35993257c1e9800b8c8a888c27fac0c36e44a51f,355,354
train,0x35a2521ec725e84e6734a83dedd314097123a3f9,399,398
train,0x35a69642857083ba2f30bfab735dacc7f0bac969,428,427
train,0x35ae65a0544aa47e4429e0eac5e823ebc7b8d136,336,335
train,0x35b1d56e7783f7d79fb3c34f2e512694de2ae5fe,731,730
train,0x35b64d548e00566353d7e60370307619c7c5f408,602,601
train,0x35ba0d41cdf5e4cd2542a3ff8ea206398439a230,1191,1190
train,0x35baa72038f127f9f8c8f9b491049f64f377914d,725,724
train,0x35be055a5c56c228eed365e1755f850db4e976bf,7689,7688
train,0x35c3034556b81132e682db2f879e6f30721b847c,70,69
train,0x35ca9dcbcfcfb8ef114e24e57154f3f9ad8a12ed,361,360
train,0x35d01fc1ee086586aedeab42160219eb20c07d0b,530,529
train,0x35d10ef9c2cd5a9e865414dd2623a9c4cdbcdef6,350,349
train,0x35d28772130c325403b5ed3cc591368f3baa8250,158,157
train,0x35d3bcec3031cd342377d1258c506f46ce913625,895,894
train,0x35d492bee1e166e30ce63eeaec050afd9e7340b2,579,578
train,0x35d82234a9f2cfe1dc2fb7665c785e1755cfd559,957,956
train,0x35e76716af84a34785b5b2925ac917449df4d83e,1121,1120
train,0x35fd00d47202b1b2158dba75e7cc8f71b068c256,2146,2145
train,0x3605fbf7529018d5b7d7ea38b3e6c73bfbd3fadf,526,525
train,0x360abb53840302d4b4b119d2004a856f1151366b,2579,2578
train,0x3615bbd725776b4c9d9997d6a63cf7ad3eb4ec83,1112,1111
train,0x3616f0d3d088e488c291e82a1762a7591661e639,324,323
train,0x3618516f45cd3c913f81f9987af41077932bc40d,1181,1180
train,0x361a67bb9fedfd1a1c9da6cbc38a22832b1f8349,94,93
train,0x361b651e3a2be819c9c627608ce559b1a8b6f4ca,350,349
train,0x361c56a9a6f008107281c45fbca91af9e23e888e,350,349
train,0x3629aae9babee473b5a453f94e12e7449c592dc9,545,544
train,0x36490a555a0019ea8457401584de111213ebd31a,1547,1546
train,0x364bf7acd034b5e883978a5160381a05f0afc18d,333,332
train,0x364e2dd385acb7a4a9f31abac87fbccbe694d648,350,349
train,0x365267181bc0ef38bbb8d8ca9b330dc0c3ac01d1,331,330
train,0x3659e8daa4bab9a263b3e43ec63c068dfbc1246f,1433,1432
train,0x3667858283431aff488d1a7b43b951c0afe16809,350,349
train,0x366adf86265497b1e39721a5c789a72b6ea0e67b,350,349
train,0x366fa8be925e65e1d1bb1b0f8043fd70df3925f3,544,543
train,0x36724caf8b66dff61b836b59cc659219346c2c9e,407,406
train,0x3686986e559f257CfAccB44F17af5b245E45814F,523,522
train,0x36905fc93280f52362a1cbab151f25dc46742fb5,501,500
train,0x3695e178d6f2ec3bc9039667dc560e378b4c228a,711,710
train,0x36995d4e1ab6ee76aa55f16736fc85ec6e7b6c1d,1134,1133
train,0x369d0db2c7d56b095d758379b75f64085953528a,684,683
train,0x36b0abfa331caf85ead376b59fea780bc20bb593,1554,1553
train,0x36b53af431e71e427ffd4b955e689c7a4b5b235d,399,398
train,0x36ce26cfec07b4c1ba5a350a57ab19a70bf7af91,350,349
train,0x36e6f07280b10cadce2660cc6f6db5da693e2979,350,349
train,0x36ea8cfaca8a78cea3d49c4bb6bf77a49a34b8be,622,621
train,0x36EFEE477f68C136139ABeb219Be6C2254711d0a,473,472
train,0x36fc2821c1dba31ed04682b2277c89f33fd885b7,166,165
train,0x36fc40e49210b3b10b7ee9193f92c36b9b8780a7,2325,2324
train,0x36FEf0a32D493fA86D6281205b924456597aAE5d,978,977
train,0x37047e71d4225577ad04d5229fbaa00cd4a573af,1220,1219
train,0x37198d13b2d9d4e3e83bc1b63c288b16b6a71907,353,352
train,0x3719dac5e8aeeb886a0b49f5cbafe2dfa73a16a3,723,722
train,0x37256d58e298cacaa82aa0527d56521f1b19e1f5,448,447
train,0x3726cc0cdb26106bfb297ee6697da2a8687f385b,1576,1575
train,0x37304b0ab297f13f5520c523102797121182fb5b,2179,2178
train,0x3735dFF4Ac21Ee1A2CDD17F9adc3f519Fade202d,1972,1971
train,0x373c55c277b866a69dc047cad488154ab9759466,1635,1634
train,0x37427576324fe1f3625c9102674772d7cf71377d,718,717
train,0x3744942C42451c2B42F43a51eE9bB6c6ad0FDc86,1538,1537
train,0x374b99781f22491A06aAD3Bf0cda34EcFd760ac0,1267,1266
train,0x3750213586fb53d5ebbe67f05e0d8b4d700a26bc,281,280
train,0x3760607b757efebeedacf6692a2db110680188ad,14,13
train,0x376206e05b41c386a5e4aa9061e7e2d8d41ed073,80,79
train,0x3774cc78af0bda8eacbdac6be5fb23261b8efaa7,350,349
train,0x377748ddc51b3075b84500a6ed95d260a102d85f,258,257
train,0x377dFA7BAb23A798cA1fa0923BCD4D4ef2184d85,2871,2870
train,0x37830cc959da69b8cd9f7a15b6c0270df11b9c55,833,832
train,0x3783747b3226217baa74b8da3e24d067fd41282e,360,359
train,0x379cA5D5F053F92a60388F4Ca748060c6F6664B2,311,310
train,0x37a5bb09f4d7613803f6bdd52d261c01ec2a7540,350,349
train,0x37aab22019448859fc255e6e353a1baf2c05e6bb,433,432
train,0x37b26dc242ae4c345438d38a8f4600b3ec1be00a,361,360
train,0x37b8093e3caf7d54421336fc408fc6b301aeac85,860,859
train,0x37bbeec2e1c7f1e53e72c32d333f28e4155ca5b1,353,352
train,0x37c50fd444edfaab330436d686d7c64618bf2f4d,727,726
train,0x37c7d59a4f5af2dbd9bdf822aeed0ce08c6e0b62,564,563
train,0x37d2747E7841e5784fc75b0Cc41dAc0b62Ac4747,3403,3402
train,0x37dc39d1bf668e7747ad9a9493455b4867550b8d,4245,4244
train,0x37ddfc68600022510e251ac075e33fecd9595b27,748,747
train,0x37e8789bb9996cac9156cd5f5fd32599e6b91289,1570,1569
train,0x37eb2e8263abe544eb5c41fdce6ef11764364c32,711,710
train,0x37f014c64d186eaf879c0033846b51924ce42584,241,240
train,0x37fe807b41c65c0c5e21d665da8176cde11318a1,420,419
train,0x380A0539cB57810B0e326E840B8b717C6eB4E2ca,350,349
train,0x380a3a584bd8531f4bb64acd90b1b13926f0dce0,669,668
train,0x380ae93a6efe8ceb317828218492aca4c370f640,544,543
train,0x3813a81a0a116a086799d37b66c0fd9925cb98c6,1121,1120
train,0x381e89a4073a16cb08547486a3eeaf426d48a1a7,551,550
train,0x3821f6196cc1e68f490f1cfcae1508a78a6180e5,573,572
train,0x382a71ecb288da8701428406a36ffa5d8f072d55,551,550
train,0x383b31de249444711daf30646a538c8f8fba0ed5,688,687
train,0x383be54c223dd41d5512ef5d69e6d07f45db42fe,544,543
train,0x384da2b505fe43fa02ad6a77a603c96b48175f57,350,349
train,0x38538851a1DF08022f96406663074EfbB4421d7D,1354,1353
train,0x385f9016fcb55cc7f31293025726ca221e6dfb85,642,641
train,0x387bcd322bec21d73d7ce1a8eb9a8bfd9c91cc01,27,26
train,0x3881c403a2ed46d171f813a0dac67dcc438d6f91,1674,1673
train,0x38897c62a4ddcd66a77bfc94e0f93fd4525b7d84,322,321
train,0x3890a555528b00178d8ff87f30d0531ad5e3aed7,551,550
train,0x3893b9422cd5d70a81edeffe3d5a1c6a978310bb,378,377
train,0x389e93ac36dd8c8e04fb1952b37c4aa4b320b6ff,292,291
train,0x38a5f72aa9e1c17707b0c98b32a96c185de8b645,544,543
train,0x38abb26f43aaf0fd52a34f2315345cda49722809,350,349
train,0x38acc6c57f3fea1d9dbffb395f3f7c3143f0d749,125,124
train,0x38b394cd27c3b0d865f58a4512b65c7b0ab6db66,604,603
train,0x38b479b2075a80917da2f4e6c48b398f13cef44d,766,765
train,0x38c2abd3d7ff6b3d45e01da3be6282bdb98fefd2,560,559
train,0x38c6A68304cdEfb9BEc48BbFaABA5C5B47818bb2,879,878
train,0x38E330C4330e743a4D82D93cdC826bAe78C6E7A6,277,276
train,0x38e9d51419dc53bb8c899a5fd473ce111b1757c4,8546,8545
train,0x390365cef67dae207db323496d24f643dd3ae581,145,144
train,0x390a6ab0684073ae6cabe6c390a43e87b117ed0a,1698,1697
train,0x390b6a6ab0daf5615909528aabb5e7da4a52409c,321,320
train,0x390efd02aba908ffd03ed7ecc59773d63306c197,350,349
train,0x3912a58e372f1cd53560529eff1e9b9bc0b52021,1336,1335
train,0x39139b54e733d01fd0b46fdb32cf45e08696541c,1192,1191
train,0x39142a73f414cb94b4baae892c75d5a828cd4230,245,244
train,0x39173925e7c7a07dc7a6afbf1dffd0179de18c27,618,617
train,0x391dfa74bb611fb522f3b23dc424420d7714a3ff,350,349
train,0x391F2A512b3d30A9F213f770d8557991b10cf981,247,246
train,0x39246080d8522b0780aff6da1733a21d7d6ff1ef,432,431
train,0x3931e02c9acb4f68d7617f19617a20acd3642607,786,785
train,0x393709845c63b7ac16ea60b6cda230a53693f2f4,2413,2412
train,0x393b5fd2b993eaf419fbadab630bc9bd3d5792e9,1602,1601
train,0x393bd8a73cd7041bf35daa159663188d4ce5960a,358,357
train,0x394002935731e9ad15621c965ff7398982ecfb11,343,342
train,0x396bde83ee7de885413cac8a3623a77191c2b30c,345,344
train,0x3978a8942fc6d5e57b53b3a179452fc876046426,1637,1636
train,0x397a464d74ef833273645ca18b714ca1fd9e3c2c,97,96
train,0x397bec1e3b62ab43df697cec7d8b780ef7edb17e,355,354
train,0x397c7f9c38e09b7024063e6879d45b58e5effdbf,1087,1086
train,0x39811d71d6d64552e532c165f37c4d09132fd4e1,249,248
train,0x3998c8ebe34a3995b45938b45bccc21191e78008,853,852
train,0x39a66bd7a97eb80cf59f240b50d9a3c04a5d2799,160,159
train,0x39B0969A52a4341360843fca444f9a4536F48cCf,1547,1546
train,0x39b948d3f844bb9e0e3b375901bb43d4866ef4bb,1563,1562
train,0x39bb259f66e1c59d5abef88375979b4d20d98022,731,730
train,0x39caef09a9d8c75036ac00740cf6d705ee93ca95,350,349
train,0x39cba70b2d76c35b3fe56f7005bd17c41f2efeb8,906,905
train,0x39cfd754c85023648bf003bea2dd498c5612abfa,189,188
train,0x39d457fc66b2631126f70b5d4fe3ca8dcb400654,350,349
train,0x39db2ab26f405916f0020ca12baa95e56fadf599,2045,2044
train,0x3a09769f27a6e4b01bc58b1273bcaa8159033ec5,688,687
train,0x3a0cb422197a02e0e59334c04df33d04ece3fae9,583,582
train,0x3A0cdeb95EF7E07c83b788dE3863ff04071435CC,542,541
train,0x3a0e9acd953ffc0dd18d63603488846a6b8b2b01,198,197
train,0x3a0f3f68fd677ce085b0b0a6782314494856f695,350,349
train,0x3a1b8547dbd01e48dacc85d833fab1f8e863fffe,350,349
train,0x3a1Bda28AdB5B0a812a7CF10A1950c920F79BcD3,1019,1018
train,0x3A299cEb5fcC7784dd25e56Be826c77F96275DeB,950,949
train,0x3a302f4332c3dd4e5f9e04df745a68cdbde8c8be,1357,1356
train,0x3a3515f7677c9812d193a1d33ab9448c033d1170,204,203
train,0x3a354bfea2b3a00b1130446e80650c5462f702bf,1293,1292
train,0x3a38d28013888b41b1172f84136aef522d08a99b,350,349
train,0x3a3aa655158955bdaf7255d60da87e33f783e211,644,643
train,0x3a49f78eE68D77f03CA706E264fc54d64d045a2F,335,334
train,0x3a4edd69b340a902dcd4a45b2182f0f0383c0b12,350,349
train,0x3a5d621b17b3e28de84d88050b460b8435e3966c,344,343
train,0x3a61486eb175364242772398ee3753ad549f430b,672,671
train,0x3a6b457fbc2c2a26d7f0067d92f741dfa26069d6,555,554
train,0x3a6b6db3706cc37e91469dd9f4f499a2ea3c5589,872,871
train,0x3a72c3f1185eacceca861c091157fca1ad1bdf3f,350,349
train,0x3a75a04e520252879589b8330b2f6832a1e63767,1539,1538
train,0x3a773baa30d09f04da0bd869b142ea5503a31022,517,516
train,0x3a783e99e5a5618b8149e3380d14328139d97e31,530,529
train,0x3a78b1e1fc38e61ed38f0e0e8d417cdf09f52016,545,544
train,0x3a8a65e21b2a55d535de612a25a898c08fe1eeec,350,349
train,0x3a931cabde9d3deeb9cfe50d8afb0b7be357cb16,669,668
train,0x3aa2d543a49efcbb24607f834358df3561222a05,1858,1857
train,0x3aa927a97594c3ab7d7bf0d47c71c3877d1de4a1,3217,3216
train,0x3ac6cb00f5a44712022a51fbace4c7497f56ee31,831,830
train,0x3ad041ebf3b2c2e518760372b2b22413bc029114,2128,2127
train,0x3Ad1c7615047E8aC1Ee9A302C7B523b30606a3ee,862,861
train,0x3ad2bfea535bf1673f22de61b19f758a2dd0efff,8557,8556
train,0x3adbf78bf966f53b5a72bb5d20e0bd7c53fa1358,99,98
train,0x3ADC753Fe4dEf03D12E84462431F7e8835A92a28,1382,1381
train,0x3Addbd1434e3E23B9781B5bE577ad7aACFCF0BAD,12455,12454
train,0x3adf2a89a38048bd4518e5a05c53fbd35122a605,809,808
train,0x3adfc4999f77d04c8341bac5f3a76f58dff5b37a,1794,1793
train,0x3ae2f3974c55b92c5186f33c9b7f132b03d7eaf0,953,952
train,0x3afde2b246a4d7466d6fa938f07625c60ef398eb,3095,3094
train,0x3afe47a46289b8ee2597ef8d8ce7bebf0f64172e,950,949
train,0x3b03bfac807ef159d64a09420ed67848e2160232,1967,1966
train,0x3b043d457f4270f52a99148fd104e0e9782759eb,2242,2241
train,0x3b1a38899491d9031cfe6f1d2ff08aaed3ff9211,353,352
train,0x3b1c6004e43bf49c521eb382dec02e6c3ff5272a,206,205
train,0x3b435f93c0915b8c5ccd3a5d0c3d445d5758845f,459,458
train,0x3B48064F3C20e8dd16B00cef94549dEB9F85bCc4,1547,1546
train,0x3b5e99da4df32b933e9887ef58b740a06ad38961,544,543
train,0x3b5F11dBaC1476af17957C6e5991F21c826743dd,341,340
train,0x3b69bd6342a5434c3fa78a885e9a35aa210f7176,2664,2663
train,0x3b6fb225e6dcb23452b255ff3101d18328c429d1,592,591
train,0x3b72358e3b630f03b904380a76248a49805137d8,1168,1167
train,0x3b72ed6425607e51be842d428b87226cb0a45bd3,325,324
train,0x3b901211c6d20f2bf3551a95f1b53f758915f441,498,497
train,0x3b95e7496f55ecfd4d6db009879e3a8ce684940b,355,354
train,0x3b96990a8ef293cdd37c8e1ad3d210a0166f40e1,821,820
train,0x3b98efa8b46b862099cd298b39fc1c7f4e2fb2fa,1471,1470
train,0x3b9a3c062bdb640b5039c0ccda4157737d732f95,467,466
train,0x3ba2175a0791dbe272528893b6922b4bc19d1f18,634,633
train,0x3ba5a8d30a598c58558f11d8347f76dd6f1d05f6,551,550
train,0x3bae01a250595cc17489394c04c09ab743e434eb,2326,2325
train,0x3bb62bada8f9921dcf0b1be5d2c972d69c064d84,1976,1975
train,0x3bd2f6fba04c33b3ee8b7796ed72cb7dd0cac2ff,271,270
train,0x3bdccb138271dce5b0fc609603c9948599ca8e2e,79,78
train,0x3be856c94c7a1ff4f433ae95a48544b1a62ce385,653,652
train,0x3bEF8905856F146f25ecDA1F042594c79cC0910d,1972,1971
train,0x3bf3b11023650d21140ba10c68a8a4dd0a372d3f,2154,2153
train,0x3bf541f87056d134e0109be1be92978b26cb09e0,1363,1362
train,0x3bf9aa2574d47580084fe622a10f9abaa61c7166,6745,6744
train,0x3c01ddc7af41e6888cbd8d0398fe34a81c3c7f36,1686,1685
train,0x3c0461bfce440aaa78f4967b8b84e23d3fddfc0e,1839,1838
train,0x3c26efbfa80c61839fe2da8b0f7b8ce05187c8a1,3056,3055
train,0x3C2cD1Cd28cCbEFd38ab56cf5aebD5444B5E8c80,345,344
train,0x3c3957eef1f490bd45ced6de99a85257ce9040d1,1076,1075
train,0x3c45122a41d36b3fff486442d02e9db2cc33cbe6,58,57
train,0x3c4a3ffd813a107febd57b2f01bc344264d90fde,891,890
train,0x3c4ac6052a3e43c5fbe7339c87aefb98c56d7d5b,361,360
train,0x3c4ce67bf86601921557f8a13864a9069d56389f,884,883
train,0x3c524e46825ae0653df7f396771da4c60ad82400,293,292
train,0x3c563651318b6b2cf555207a1e611bb577fff446,885,884
train,0x3c7767011C443EfeF2187cf1F2a4c02062da3998,255,254
train,0x3c7916a935faedd57bd8e3a91daf5c081f723855,971,970
train,0x3c7C6CaD6ed499Fc96e66d6b616A4c14De99a6e9,760,759
train,0x3c83129d5eb5df2006c9b3d39841bd3a2bb6ebfd,1166,1165
train,0x3c90a252ec61e922dd4de6481f1761b6a30993ed,1166,1165
train,0x3c9680f1ef75693f22de279c1fb35067fc15e2fa,6461,6460
train,0x3c96c6e76c403c774ba2ab023df5730375c09b2d,2464,2463
train,0x3ca53621001e34786d63311691ace2203cab61e8,662,661
train,0x3cB6C45A7689769de60d423ee6c546d3ca4B15a6,2387,2386
train,0x3cBa9e5CD1Fb6F3f3e801A6a1073ae4810a903Fd,256,255
train,0x3cbb9bb54a4a2bd8cb5d9487841b03d7a65e4404,2337,2336
train,0x3cc1876197f2945eb8220c6f21e13d9240f560ad,417,416
train,0x3cc81d9d440da71d9f15b564139c95a14c3022d2,350,349
train,0x3cc971718a7643507fede9248063dbbfaa7ba650,350,349
train,0x3ccb4b3bb15d4b8911cd7f57a6479e21daf4c68c,833,832
train,0x3ccd3f8531f1cc5d9075e8a5bb2e09f688644300,1737,1736
train,0x3cd00e563093f08e695bf6db03f2e44b04b6ae3f,1972,1971
train,0x3cd0c444137bac6996f262f92d1b79d6e8ad85b8,129,128
train,0x3cd8e97289dccfed9546ea58d0a0031037410c06,344,343
train,0x3cd90d2dfd9b6f8eee2ef02d6719180c5b6e721b,63,62
train,0x3cda32357a38774526bccce7806e7cc5c4916ada,421,420
train,0x3ce072b9ec58bd88e350cbd17537c9190fc67b2b,373,372
train,0x3ce205908643988b7Ca506A493d67ece5b03b5df,794,793
train,0x3cecd05537ea3a9de9267c0e8a8abf218a903148,1214,1213
train,0x3cf090c5e5a30177e94156d0a7f026f47e253464,232,231
train,0x3cf09759df237446a84c4de526d39e7b2dff0cdc,1192,1191
train,0x3cf853facae392c3e4310ab805da30a1da508609,433,432
train,0x3cfc5c7fa8db91de8efd633998097f8e96eff043,350,349
train,0x3cfce5b9e9109f3f13ead2579b867418b7c13bf1,1569,1568
train,0x3cfdef8abfb4cc4c8485fb580658aac352e05874,489,488
train,0x3d09042559ed46e61f0f1b6a13355e3d06368b2a,1456,1455
train,0x3d0aa3ed200e472498a869ea263c3d87279393a1,1202,1201
train,0x3d212ea8cb9b5795a374956cdb193eee7802c37e,82,81
train,0x3d2dd0ea5ee462f597d05f3eaf147c6156206d86,1299,1298
train,0x3d3583a1532c16f589026852461d56cef74e5cc2,1610,1609
train,0x3d3ed0a4f0af930955806b34367e7c64a0e1c84a,845,844
train,0x3d44a72919dd5ac4be78364ca577aa4a7d9f0a43,789,788
train,0x3D45fd77243365Ba890f32746368a859AE6B7dc9,296,295
train,0x3D46454212c61ECb7b31248047Fa033120B88668,425,424
train,0x3d4b07793957e97bee7cf8d978b35445b871d480,1583,1582
train,0x3d4d901902ce946fb2b4f889989bef96dec0ed71,350,349
train,0x3d5f5cb31987365fda0be822327f0552c7699495,350,349
train,0x3d7458412d5b99e61a0e2adb3ac0e0f0c0b9d8d5,350,349
train,0x3d79c48414f0f24451cedff9468c8427968a13e5,350,349
train,0x3d7c5223825cc58bfa07b9484935ad76e1741a2b,544,543
train,0x3D7e056d332AB4b860179081956e3ebC037d1c3a,361,360
train,0x3d8945dcfc11627a6a762f203be3b1b14db36c4c,550,549
train,0x3d9210f1cca179eb2a1fbab381e7ed09780a3942,404,403
train,0x3d9ef820804c88f2d2cd86d15f0c189600336bed,627,626
train,0x3d9f4e43b52b0d9d4c607254539a505e0e810f99,670,669
train,0x3da3ae4af4196dbfd4f8d824da11839fba9b2303,350,349
train,0x3db5f943bfb5f920324d7afb137b03d13e5d5ce3,282,281
train,0x3db9f293b2e992f8c339a543561a615559c375dd,95,94
train,0x3dba5cea55efefd4948a317b6fc03338aae64da2,350,349
train,0x3dc460aca540d0add6debf147a06dc3f34e86eb0,709,708
train,0x3dc865e42ec1c39093ff531fcfc1b4d502f52b4f,1312,1311
train,0x3dcff2492b076b2a78eac9979f50a413121fc70b,705,704
train,0x3dd2ecaa49df3306c1332d2b858dfe8268314a5c,477,476
train,0x3dda8f6237429de89ea2e372ba51314aa9aeb422,361,360
train,0x3ddd6a5dc87798285d43515832c17cbff141ad28,592,591
train,0x3de09d9efa51e5232d049c14d68c3d28b0b09589,350,349
train,0x3de5e73e975e0b99ca920f422f31f234150f31c6,1060,1059
train,0x3df0c635946fde2785528fd32803ea1bd59c9d80,637,636
train,0x3df31913cca3ea874d5d186dc259115eef7fc201,350,349
train,0x3dfaf3a340168a4552ab1937ea9527aae47c5ea1,880,879
train,0x3e013fc32a54c4c5b6991ba539dcd0ec4355c859,74,73
train,0x3e193f7d2373a6996e807b54c86dfd0d022afa8b,350,349
train,0x3e250a4f78410c29cfc39463a81f14a226690eb4,1164,1163
train,0x3e2a90ed252c282afbcea5489990cd1f21d2dbd0,2828,2827
train,0x3e3998ae57c9b3e914113e5383b38db839673409,223,222
train,0x3e3b657d3f28f909d17de9a91762781af66ffbbd,550,549
train,0x3E3eD6b6aa961D7678fcF1e9Fd2aFa9EcD221914,102,101
train,0x3e41c0eb7026914ef15b4aa5fc25f5570a1811bb,863,862
train,0x3e47d6d9c8c458302ee5aec3f0ae6df9b3ad8f2f,876,875
train,0x3e4ecfcfdabb36c1f0058694941801cbb11f6582,9942,9941
train,0x3e4f5dd1be2db446f4ddbdb1e4b2be0e58bbb408,8314,8313
train,0x3e540703d10d5db379c4bd3b26b94398e5d3e720,350,349
train,0x3e55859759e5a969622bf21fc91d9723f73023d2,796,795
train,0x3e5dd078b2cdc9a202cec8875efae59a324373f8,551,550
train,0x3e664e6625222d06dbd27c424d9f6a553eff6d7d,556,555
train,0x3e77c2ea976f303e79b7651de38a5ef1b7990a7b,350,349
train,0x3e7840b88396acd80bac66021e1354064461a498,137,136
train,0x3e944c004F8850242CaB7e9B71b6334EBe1a8A90,1990,1989
train,0x3eb6025d2eb27f038508192bffb71ef823e9b3f8,886,885
train,0x3eb91d237e491e0dee8582c402d85cb440fb6b54,199,198
train,0x3ec03cd2763a729339aff9927be679c76325d1bf,551,550
train,0x3edd235c3e840c1f29286b2e39370a255c7b6fdb,419,418
train,0x3edd6a60355909262f9f44ac88d47cdd53623a81,2462,2461
train,0x3ede28c3004674f83cd4335b1e3a0aafa028a8d4,350,349
train,0x3eE09550Ca8bed9b69aA353c4F043FEbf256E7E4,1547,1546
train,0x3ee8f673aa24e41300e9a3bdabef7c534c537199,350,349
train,0x3eeeb54cdee54079c6fb01d52b7643c8e50ff4c2,726,725
train,0x3eef3e3c07684a13be09073598cde5ce9ff6c494,229,228
train,0x3ef07ef86fdad193a381176dd66721dbea76a88a,345,344
train,0x3ef6c13b8e03e61f5c60a61d0e9df6e29011e765,506,505
train,0x3ef747219deecadb1082af16f3a16db776506ee3,330,329
train,0x3ef87200e773437307fb7b38594c810bfe55b876,102,101
train,0x3efd578b271d034a69499e4a2d933c631d44b9ad,293,292
train,0x3f092703790b85ece4c22e8a712718b94a357dec,216,215
train,0x3f0a24a07b2d729a02640deb1d27cd00da72b799,1202,1201
train,0x3f1049f556cf2d0b0c9552823e722a363bc76f0d,483,482
train,0x3f17af8d4e950ecce6f24bfaf0e43a56d8fb3491,537,536
train,0x3f418d108772412095c2959767ab7282971df516,232,231
train,0x3f4b726668da46f5e0e75aa5d478acec9f38210f,199,198
train,0x3f5d00617ffb9947f7cf1fadee2cc93ee3ab5426,350,349
train,0x3f60a98202cf7ac8be9afc077e6c28f2638009f4,761,760
train,0x3f61b512856056d663fd763b880da4a8ed4ceeee,1581,1580
train,0x3f75b09Bc7344D1ABfA8279e03e1e0dEB73Cc5FB,3403,3402
train,0x3f81a0f47133247da4777b6a004b422e38bd48d0,350,349
train,0x3f864c77e4361baaf676acef3830220aed0f5b0f,342,341
train,0x3f874330cbd26f5122fa9f63f8d3d44fe5c776de,1863,1862
train,0x3f8f74033e9aab9f2e8b782fdaca886b17b61f5a,350,349
train,0x3f9093d041e8c9e4ea58e4379a9220b10329dddf,350,349
train,0x3f96c0e80b82458c1a96a3b7d7d2297f55df4965,216,215
train,0x3f98c788830d1732953527444c6eba94a72b7d34,342,341
train,0x3fa9f26b2c0ebc692503568938f34784aa9c7bd9,515,514
train,0x3fbf67bab8461d59e49b1560a6375968f3c3a9a6,649,648
train,0x3fc39066ba6e199514ce2ad6abf45b8ab4a83599,613,612
train,0x3fc8b73ed26c59605671a5620492014a45fcc046,3232,3231
train,0x3fcee23add6e86dde3c4d395cbce1cae7f16d06d,445,444
train,0x3fcf78f7646f85ceb9344c5ba5a05a0e31a462af,602,601
train,0x3FD8d623695b3aDEdc1Fa57a84F93fD78326BA27,930,929
train,0x3fd8f39a962efda04956981c31ab89fab5fb8bc8,475,474
train,0x3fe56eb2f567c45536c65c40491731cdc04bb369,350,349
train,0x3ff88c83845bce6788f53a41b74bd9609b20db76,673,672
train,0x401e28717a6a35a50938bc7f290f2678fc0a2816,758,757
train,0x4026f73f99427c6b70c9b101321895cee6b72659,318,317
train,0x402b92b00552409ed1ad83a74ff037ce1a3d7276,1357,1356
train,0x402f5f37dfa3c1f59fc48fc4372a8343e64d7766,1202,1201
train,0x402fa04ccd2c2568e1a53dbecec1bd572303663a,1498,1497
train,0x403087fc37c9cd53475e77ce24071383c6ed02b6,317,316
train,0x40316c0d0a888c169cddb82bf2db22dca9d36b45,1741,1740
train,0x4032a725b81cfd0cdb519933cc6084d9b22175c0,117,116
train,0x40349A89114BB34d4E82e5Bf9AE6B2ac3c78b00a,1916,1915
train,0x40360631db85eddab268dd1b6ffea4377733e125,223,222
train,0x403860568bcd726ec403f8a1ca67f374e842f16c,2126,2125
train,0x40395044ac3c0c57051906da938b54bd6557f212,577,576
train,0x4040adfdc283cb587dc959c2cd54910d22d26858,1956,1955
train,0x4040dfed08346b98336be48072d071f0805c3ae0,844,843
train,0x404803e04be686f70f69ea2c2bbd59c33fbb4db2,502,501
train,0x404a639086eda1b9c8aba3e34a5f8145b4b04ea5,613,612
train,0x40544a0087989d6864b09c8af74df453021acf41,864,863
train,0x4062563853683081FfabC6f9157eC4C341140843,105,104
train,0x40685e86d1f5923352cb4d22ebe80294673044ce,714,713
train,0x406a19e0edb6061a8156718117a46350b9938ad1,350,349
train,0x408db62ff3bcac251c0d11368326579d01762cc5,3486,3485
train,0x4092678e4E78230F46A1534C0fbc8fA39780892B,765,764
train,0x409761efbcdf814953453c58899d592aef03f6ad,353,352
train,0x40d177249a59041104d78187b6dd0ebef241e7a0,903,902
train,0x40d4e1c93314b17f4af1b019848d56fc01876f4c,879,878
train,0x40e886aac0ba626b793c25015ed658af4ea92306,1955,1954
train,0x40fc744c0186c59da111ebf7438ead3c176eba54,350,349
train,0x41021442eab722c0a52c61738550faabfd0fca4e,268,267
train,0x410cac201ffc0e0e4c179d926076d25bf8bc5b92,1168,1167
train,0x4117912440d279aabfa20d10bf517c1ff9fe6c8f,728,727
train,0x4118d7f757ad5893b8fa2f95e067994e1f531371,934,933
train,0x411a0e6060901d65c7206d66802ab37ffc87c229,279,278
train,0x4122bc6e97f92acf56421e6365f9c03b692c988e,350,349
train,0x4125c610b63dd63bE5c48D5CC3C68784F92D3B43,1234,1233
train,0x41385664aad657990000004d3906d1572a6bb4c6,621,620
train,0x413d5ca4557484a9b1cd6bedf987c34d516f2475,396,395
train,0x414a609238afc34060d1d2d535b11371dc18071f,860,859
train,0x414b1da0bb6e948dc0559d14ebde9fa9572499bf,5315,5314
train,0x414b23b9deb0da531384c5db2ac5a99ee2e07a57,308,307
train,0x41517d565189866a77b669afdfe4f23767de2349,361,360
train,0x4156D3342D5c385a87D264F90653733592000581,290,289
train,0x41643089590c305b56521b06563954447019f5e6,805,804
train,0x416e18d9e4a661fab2df80b5ce9813133a856df8,350,349
train,0x417bc80bdea792de29dd34afab9f816a2318ea9e,91,90
train,0x419fab1b55b94e96425674a700b7c44c1d240c35,416,415
train,0x41ab75435668919bb507f871dd01e9762c2d173a,353,352
train,0x41C6145c8d51C5fE2B043B61cd84324998A8d42e,412,411
train,0x41c794bbae6cfe98bdccdfaa8643b30ffd7d7c62,108,107
train,0x41cECe7e357f332EB9093D13138B02632cF0a3ca,306,305
train,0x41cfbfcef2bc3ce51a240624c49c19625e07aa99,613,612
train,0x41d72655e57c23d78d601a2bd7ccc290ac266498,350,349
train,0x41D9384Dc97470bd2aFA06dB0c1be4f872519eEC,1070,1069
train,0x41dbecc1cdc5517c6f76f6a6e836adbee2754de3,820,819
train,0x41dc0d29ea75f603ad725b6b26fba39a477ac796,463,462
train,0x41de5b7cf63c8d028daa2626d9aeaf02cad8c6c3,1207,1206
train,0x41dfc15cf7143b859a681dc50dcb3767f44b6e0b,181,180
train,0x41e8eedfbd7d8765d18ef82c9d21c07cb27382a6,989,988
train,0x41ebb67c868f5f28bcd823ddbf39c0f32b191256,538,537
train,0x41f08cdff7f90368476adffa271a911bd101d6a7,676,675
train,0x41f0dE5c27e8d1cf462916A4Eb4163c39162124f,1990,1989
train,0x41F1dcb0D41Bf1e143461fAf42C577a9219da415,319,318
train,0x41f2EfdcD15eadf974D8F9BeA14c2936823D095F,1365,1364
train,0x41f5a1ed7b9950eeeade01f676cab6c217c8a555,350,349
train,0x41f85218009067b4edbb1d36ef95569e86c8495e,350,349
train,0x41f9a3392cc695b8a12c6b5ede0e04a1bef12d05,799,798
train,0x41ff0796a6c7a201476bff53c4cb2c48b084e5e0,8443,8442
train,0x41ff967f9f8ec58abf88ca1caa623b3fd6277191,621,620
train,0x420335d3deef2d5b87524ff9d0fb441f71ea621f,471,470
train,0x4219e0D5cc63f6d7D757b2B104e80d7eDA88aFeB,991,990
train,0x421e2629bd24c210d0eb2f8ccf571df40928bd44,544,543
train,0x422431dd7926165b83fbe433669c408843df23ee,303,302
train,0x422adcf787e49dd93ce10a583655c212e00d42ce,1183,1182
train,0x42338FF7E4C3B999Eb69B521323657017cE08727,1002,1001
train,0x4237288bce7695dfee23799e841fac3de023602f,544,543
train,0x423b2ab14a1741ec213b1311c3b1e352467441c0,756,755
train,0x423b7aee75b4cbe6e25b52447e1b16ea17b7c118,216,215
train,0x423e4322cdda29156b49a17dfbd2acc4b280600d,761,760
train,0x42425981257dde45cc96b19c3a0abb4cd68e6650,2886,2885
train,0x42521c270a7f4baed1ecce6336e383fbb875b28f,554,553
train,0x4253d9142bc0537b46a0d8dc31f014bb1bb3096a,592,591
train,0x42547f0b2191022481f760efb378399307acfb85,1851,1850
train,0x42597ff26cbba6c327dcc9bcd1c62d7bbd8e51ac,420,419
train,0x425b371f624f3520c152d6b19e487d7a093a6a9a,529,528
train,0x42639f18edecbf1806d113ce675e8d2a174a44cd,745,744
train,0x42644233b3d4b32523ecc289d3fcf24191b853ea,350,349
train,0x427a6663c260d12b4ffd4c2c9ecd6fee0c8a62cb,830,829
train,0x427D8e92bE999dffCa7C623a946363fEBa257233,906,905
train,0x427e4f8903ba5bbb08ddc9186da285e6b18da588,354,353
train,0x427e6460df1d9624f4e266f3dcc0c860fe5a6319,269,268
train,0x428c57de1a1d519e953334553b1cc7ef3216e0db,1080,1079
train,0x428e6456fdeb6edc17e67e8e5a5678bf04c219ee,1115,1114
train,0x4293621b406e56144104bf92fab162c854b6ed37,99,98
train,0x42a8bef25391d7cbc476309783e90303d99cda81,382,381
train,0x42acc3f6cf519f02f1bb1433b59477a930705c43,350,349
train,0x42afcf6295c8ba5ca9e772f60a7d28670b0cbfd5,2000,1999
train,0x42b03689FBAA9635edBC10aD1FDC7eA5FeEFBb70,400,399
train,0x42b64737900f1162396178be69eae3485fd804b4,479,478
train,0x42c24b96d363fb2f06e6bd31be8dcbceee2a77a5,613,612
train,0x42db5bfe8828f12f164586af8a992b3a7b038164,96,95
train,0x42ebb2fd690bbfd4a8d818830b7e884b9b62f249,1138,1137
train,0x42fa46fb906e57d95644f0e77596e53c6792b0bc,1737,1736
train,0x43021fef65be5e09d8516ac2f14450993784479a,44,43
train,0x430d220d752beb34be73ccb303b5ae36686b8598,350,349
train,0x430df78e3483fa841372a95898bd15360db26f7f,350,349
train,0x431bf438c31ec8e8c965f428d9df9f292c76cb84,7689,7688
train,0x43399077af6d51ec478f774c513af8985618e3f0,756,755
train,0x4344595470de5fdeffd02cfe2fc73a307c654cef,1332,1331
train,0x434459a7c37e11d80c815469ba422bdee31d41fa,621,620
train,0x434fec76c6f779cc3ba9aab123fea88ba1e735df,350,349
train,0x434ff2d2cb4c762456eea7b03ff0bc6946bd7d56,758,757
train,0x4355fc160f74328f9b383df2ec589bb3dfd82ba0,1126,1125
train,0x435ad5cae6ea3e065ce540464366b71fba8f0c52,608,607
train,0x436e321b9313552541d7ea07c57d525de0c4d65f,746,745
train,0x4373d59176891da98ca6faaa86bd387fc9e12b6e,387,386
train,0x4379fb29afb6ed5afe460524884da11107fe75d3,518,517
train,0x437cf0bf53634e3dfa5e3eaff3104004d50fb532,1540,1539
train,0x437e27d8a8cc41d4d77dba15a8c82141b18952d4,523,522
train,0x4395796c4e12fe32129a11b58410752dab56d18b,350,349
train,0x4397b892d4b33d8ff31e266586d5591eb735eccf,942,941
train,0x439b09631d817dadf4c338db4c1161563b2ad6e6,544,543
train,0x439b54caf661c21e6b231d972d7eaa98f199590f,2135,2134
train,0x439f4b2d7B7DfCdE4d63EfB075eBE250613bEBD6,66,65
train,0x43a05ea406e039db56e0024e6369dd974a00ea6e,544,543
train,0x43ad0e9446e72c5b9677a108f2b1d4adf34452cd,659,658
train,0x43b4d9e3a82a443e4bfb25470e1dcd12d6853f0b,832,831
train,0x43bf208fc4a395f5b0aac4d5c0a7528567b33e3b,934,933
train,0x43ca6017e714123a2780cc1d556b45d13a911a3f,1168,1167
train,0x43CbfB4932D59f0e30CA47a63E9aB8fEA3BFB713,1072,1071
train,0x43d441cbedfb3fcec6ff899c02b3455adb8be835,1216,1215
train,0x43d702ee5e08465522e93ae2dd39077aefd42702,469,468
train,0x43ddf6cc0ad563f57dd538bed452b09009078ca9,821,820
train,0x43ebdd16ef68bab63eddd76d01790812773b2b3a,1047,1046
train,0x43ee79e379e7b78d871100ed696e803e7893b644,682,681
train,0x43f6a1be992dee408721748490772b15143ce0a7,870,869
train,0x43fb95c7afa1ac1e721f33c695b2a0a94c7ddab2,820,819
train,0x43ff88addf8afcd4aa00256c01470c2dc766b8cf,857,856
train,0x4409016e65eb770152316bcdd3f95c8329b4f7c7,724,723
train,0x4409604c30e88db084962106afd9f29e2596570d,738,737
train,0x440c906dbfb148a7348970dd6df603dd4eb59c08,355,354
train,0x4418897146d431bf92a693c29e0fa60a99aede33,624,623
train,0x441e8975843f9cf81b685c793325a4441576c3c3,861,860
train,0x4420681bda548cddb90d0e2419b9c52ec2ca7c9f,945,944
train,0x4420974a2d98b8b5ee990fc4b32ca66b1c184100,6648,6647
train,0x4421455e76c17ff066f2b9b440de065d160d59f0,397,396
train,0x4432e7ffd729442614d9233499000530e08e9d62,598,597
train,0x4434af2262d1868261cbda45352f611c8116b9f4,1004,1003
train,0x443be708b29c70eb7824a308f2b2cc3553b430e1,277,276
train,0x443ed8c794478f5d39a6ac0ca25963ed2e2c4f26,726,725
train,0x44456721189001766a7157ed8f8727e819a58446,377,376
train,0x444670773dd6a84bca3d25f70c02936fb55be31a,492,491
train,0x444a49c505388743aa64eaa003198a01b18d3017,350,349
train,0x444e1a528b4c546fdb83e4c1790e2aa452726ac3,1803,1802
train,0x4456bb7364a4d8a339367298050692a48fde9f21,1134,1133
train,0x445b4c58113c784640a978cfe39b0065118b91a5,103,102
train,0x4461778cc8bc26abb611ff9cdb2c8248ba128caf,288,287
train,0x44643c4ae7247851ec0d7d715ca39a4ac8dc6599,399,398
train,0x4464c3de9018937e59996510845ce0934033cd4e,833,832
train,0x4465bfbe502c0b5d6c99ad7b8e290f62bae84e29,350,349
train,0x44691b39d1a75dc4e0a0346cbb15e310e6ed1e86,149,148
train,0x4469ff660a532af026939689199685d1ed61d8c4,1181,1180
train,0x446f174bc64cbca8b9fe81087798a156cfb863b7,218,217
train,0x44731a7649df116b65a805d82f25bc954f97fb38,138,137
train,0x4473d7e836e473aba72af381536a979e5063f7f8,301,300
train,0x4475928ecd06ab84c26708c958e27937f21e7708,358,357
train,0x4490f9807965c49a2471bd7b121a80f0b3861e5c,311,310
train,0x4492f471c5a6d0cc3fbd348653fe5d47a3ef1b7a,500,499
train,0x44977767dfe24dc8a95ff0affb48a3871312bccf,389,388
train,0x44a67c8570a61a28bafd0035042f2f0a73a64428,355,354
train,0x44bc5727c2c592038a944ca2696b5c958650c877,488,487
train,0x44c217e76de8214098501304521532d855a5e2ae,86,85
train,0x44cba3a62a15ac8f66ff75bf7abd058dcca7d7ed,975,974
train,0x44deb858c0398ce561f61704d090005610fadc21,358,357
train,0x44e4ebbfc7b33030e6b4828ff0f44bb890ec913b,404,403
train,0x44e5c5d842845de5bdf4a4f051c9b37f58db61ce,489,488
train,0x44e7786a9dd083ad147cec72cb3a5ef6b7b3f91f,367,366
train,0x44E8173818a6fA6F36F2D5C385aA852703CB51b4,239,238
train,0x44e9ea4b8ba286b5fe591fb23d106269378f116e,695,694
train,0x44eaa3f429a0ed46b6bc8d0dd6cbbe758ad41d8c,350,349
train,0x44F588aEeB8C44471439D1270B3603c66a9262F1,792,791
train,0x45125B61f06b2e9b8fC8A2Ea688c35e27086d2ae,1011,1010
train,0x451ab68bbec364b8a9e4403741d311c54e3907f6,355,354
train,0x4520d37fefd6aacbea789ddb721ba07f4b289af6,554,553
train,0x4526e21c0aff6a81b2e3895dba3f17425f1096c2,160,159
train,0x452a72e290feeeb08ff80a08acdac2267cc29c06,164,163
train,0x452B8B085CED1968b6faDE6C2Dcf608c5c297F31,617,616
train,0x453f55a3aba815a9168e015f02c3f89e83881ecc,1664,1663
train,0x4548014e7657d235d1bb200c82b11ac4ee448a4a,129,128
train,0x454e3a25e70a5aedd0620337671fe6df8826636f,6778,6777
train,0x4554134be58f741605c5f04fa9cc69ba955c76e6,2317,2316
train,0x4557bef5b5caef83d932c03667973d498c46d4b1,350,349
train,0x4561357ef6fa155d6c4b067612482f8aa49f52d7,399,398
train,0x457ca82795ae2e64337fea3196b237f54f3d9d17,874,873
train,0x45806bfec7db29d5009c287ec964cc4a12308f9d,1975,1974
train,0x45810cf27de9a7ec70b403bf32f5b0e6bc1669de,1220,1219
train,0x459aeeb6667a2afaf443102750d06e881aafd293,231,230
train,0x459f90b6e8dc23bbf1ff4c2f22aa2149b4bd4cff,138,137
train,0x45a5223b54910fa8d4a416a27e4ce683a0ceca84,399,398
train,0x45a70df7400a898d93dddf0dde589e2cbae96d3d,350,349
train,0x45aaf948ca47329f0059facb78806f1c63a3d197,977,976
train,0x45b8dc18470d09afe7e5a96b7dae3e5721023e4a,737,736
train,0x45ba41dcfa69ea1cc9b7c01ddc16f21e31036e79,990,989
train,0x45d090f5786f634879d35933fdf7b025903f807a,1604,1603
train,0x45d147c800d401350b24fc1cd5fbc98040b177c8,603,602
train,0x45d4c8eb7f60a89c483228c6bb1eddf4430d006c,1022,1021
train,0x45d993af0a16b0419f06fe23a508cc75bfdb447d,533,532
train,0x45e09dd6fd492fa317c36e8f94cb19a566758426,598,597
train,0x45ea7f2514d6f0f99639682eb1feeafbf25fbbf4,177,176
train,0x45f2ca168f3defcc1205d8597120ee9a36a94d39,1703,1702
train,0x45F8e0A1c931b644493E10e5CD3457f7AF522A98,1990,1989
train,0x4601c5442f97b9c14f335720b935d59642f1ffaf,14,13
train,0x460a40f16a00e3c6be9c55ef6696e7b036db2703,965,964
train,0x460dc8b70a189bee176d22d3f0272d171bd4c5ed,376,375
train,0x46309389fb1bf3adf73cfee86d0ded347adb88f8,957,956
train,0x4632d1c31c5d9e28e84eae0173b3afc9aca81ac8,670,669
train,0x46492473755e8df960f8034877f61732d718ce96,581,580
train,0x464998aa71b5e303a6b0cfb2b40cb50db7179800,350,349
train,0x4651a734b1decaf3544c350dfbd7619c15f7d703,350,349
train,0x465556b0b461a1ed5c9be3711dbd3b3d77ba1498,1108,1107
train,0x4672bad527107471cb5067a887f4656d585a8a31,551,550
train,0x467a1ada0c8f82eac9999f0f439cc316d2162f24,953,952
train,0x467b52a64559a649410d04718f3b113f178a0242,350,349
train,0x4687f9def6e81ea36c43cc1b9dac319987b124c4,530,529
train,0x468b840b64e2de2849cec1321fe8131070029770,340,339
train,0x468d57a31bb255b228e6e31efdaa2fd7c0cbfdf8,350,349
train,0x46b9ad944d1059450da1163511069c718f699d31,913,912
train,0x46c34eb40bc8215aacc6400b5fae1a69a83aebd0,350,349
train,0x46c54e170d4ce2f194c9c2b3cc767a90b831cc06,329,328
train,0x46d1ebf7bb93044e078e0496e4661ec772607d9d,1574,1573
train,0x46eec301d2d00087145d1588282c182bd1890e5c,364,363
train,0x46f5b875e07cbb8e127ce01a5c091fca89c6e6b0,544,543
train,0x47078e95d238108b5ee30d4806025b5aab6dac83,70,69
train,0x4721bccae510c30a43aea825e1ab0a28c37d7916,1741,1740
train,0x47230dad67fee1f7244b7e8a62c449bc46b5ae7c,344,343
train,0x4724c952ed4fc2e1cf83a3825ad9bb100891a5cf,659,658
train,0x472d4827266f0e83d12feb52f785c7e22ab5f0b6,157,156
train,0x473319898464ca640af692a0534175981ab78aa1,645,644
train,0x47333a2dfc39ca1802c4220d8fc8db830abea5b6,571,570
train,0x4733612f9eb257c386cc2a2ac2207f1060725cfd,397,396
train,0x473877afcd60e4c44848d4469cad016f2d593041,350,349
train,0x47414a04f29930c8e1c10f0b4791a9ddf3836efd,6355,6354
train,0x4763768d6938353c9c8849115c58a32142b0f9ea,796,795
train,0x4771a87fdda79d3afa6cc788471aafa26667b73e,350,349
train,0x477d1ee2f953a2f85dbecbcb371c2613809ea452,101,100
train,0x477f97ec5d39946bb5c2964ed523a99d5dfcdcf8,321,320
train,0x477fa86d97035217e576e861578d38a2e8888c09,295,294
train,0x47808c1ea94ede42cfa2fa429140d097f177d6b3,2126,2125
train,0x4781bee730c9056414d86ce9411a8fb7ff02219f,479,478
train,0x479710f58438a159b5046de0e8627f8c310c237c,350,349
train,0x47a061840e395f627603b07e12a99d8663bb823c,350,349
train,0x47bF405a0d8754D208057e7a792c3bc8d6961e70,635,634
train,0x47c8F6f026472F257207B2a1Df3E48d1baBa9D64,959,958
train,0x47CbEF5e053E36247736847A2A24a4Df6f2A8753,1547,1546
train,0x47ced6e2c88355c75fedcbc1056bee39c25b4edf,700,699
train,0x47cfba6dba7999949055f91b7e71ef12e34ae2a3,2385,2384
train,0x47d752f8838d301704bd8ed4c8ecbbe30c668fe9,258,257
train,0x47d822fcf7d242d4e6f22ab70b63fabab36922c4,2238,2237
train,0x47dd62d4d075dead71d0e00299fc56a2d747bebb,1419,1418
train,0x47f383f5acbacc18a3d9ff6f7af8b49bfed27c61,712,711
train,0x47f8ea54169f4baf1974f29656c98a650a0f3464,497,496
train,0x4802d26384bcaf94a41108d55d5d13500dea8e61,1128,1127
train,0x4805f9568bca23bef099c2a317346b42146384a1,393,392
train,0x4813A4BD1d5eF428eC87850CabBc09aF15922A45,447,446
train,0x48198311ac8d81929c0e67e00dfc789b706178e9,987,986
train,0x4823429dbda52f05f66a2670852b28bd7999e810,1923,1922
train,0x482457db0f18d72Ea9fe032FB07E18997D0b8c60,939,938
train,0x4827e9b0ade81be3873dc9edd94510a9b209acbf,349,348
train,0x48299b98d25c700e8f8c4393b4ee49d525162513,1198,1197
train,0x482cacdf34f1b64eda9a66ce96d0bde76f4355cf,673,672
train,0x482d79b55eaad6b96ed276628d642d1071bb1940,544,543
train,0x483a9e8167795a3ef586aab80468dd59d9c7963b,378,377
train,0x48453e7a54a420781b1ffbeed223bfbfdecd33b8,350,349
train,0x48461f602e5c371783b54a6a197a05b53a2c2b97,357,356
train,0x484c6c752e14460df88dde710bb17fa5d3393b53,168,167
train,0x484fe52e206665039d66f8098102d3299d243e26,1130,1129
train,0x48535d9d836fb6323dc038b6a82ac407f66f58b0,322,321
train,0x4853f3f995b2922179af67329ee4c3e507e53bb3,350,349
train,0x4857fb8f2d652069f7c2e9c8c94ca33a78a3ef46,793,792
train,0x48599941665827f9eA5a16C3D7417A43a1ce5df4,2214,2213
train,0x485b224c97ad56dc5b145eafdee71a7b5163f735,596,595
train,0x485ec4741f2dd65a4d16fb1706778f66bc4540ec,2370,2369
train,0x48662880680cbC66fb4c6D6d0E29865B12085eA2,1317,1316
train,0x4866906760006017d03083140b169ed36bac6956,1341,1340
train,0x486cf19a550e2814aef970b14e509e93209a0151,1224,1223
train,0x486e1f44b2a85150a6dd2de5aab87df375cd8880,271,270
train,0x486e49d1622fdfc8ca760fcfc17792753a4beca8,1529,1528
train,0x486e70cbeaa30343aca50c06c49878943d106224,544,543
train,0x4876bca6feab4243e4370bddc92f5a8364de9df9,79,78
train,0x487c73f2acdd11cb79870d90294c7a692e4d797c,293,292
train,0x487f8b8bd3e477fa7c95167cdd4b7353220151ce,619,618
train,0x488149f54fA505cA1104e26beA8df0Bfe4ebe481,125,124
train,0x48845c3da5bb1a4060fa2cea0ad5a3ef3af9a874,308,307
train,0x4886e9781B0F812B833Fe02801c09861B987E750,302,301
train,0x488872fB7c7DBE61018E7a65F88aA4b239649d62,1142,1141
train,0x48946d2452E72103703ad5317c9fa7b3a3D9b5a8,1883,1882
train,0x4895d0fcb5489434fd856f2942d578ea0c1aed15,1466,1465
train,0x48980227f694210e814b9ca0a156aa9962915a2f,361,360
train,0x489ddc201d1f9c0c527cebe928946ceb7a09baad,661,660
train,0x48a2378df3b5f4687ae918ae688cb7821627887f,350,349
train,0x48a6c4e778017d05916f56a227d5797c12652c21,488,487
train,0x48be9d49b2111363d3555fa7ecd1a315cd216ace,384,383
train,0x48c1b2f3efa85fbafb2ab951bf4ba860a08cdbb7,1078,1077
train,0x48c7CDADB1313076EfDac3Fdfb8427B4F58c5b7F,685,684
train,0x48c8efdbf925a8028abf1d4bacb7baa59ff2948b,423,422
train,0x48ca21691aba904a97a2f6807d5433b9b7ae3197,1798,1797
train,0x48cd81536898c5143459867c508c4b02440424f1,944,943
train,0x48d0035cb30980fe119116c4b4339ab1edc4abfa,564,563
train,0x48E3eC94BcF3824A83e8D7e00B398255BC41aBf8,335,334
train,0x48eE772b8C8927D8D32afc8961FBc177FB723637,903,902
train,0x48f0f65d7bca70768d13a4b97a25fa0fe91fc4f1,906,905
train,0x48fc26fa73659bf23be10ec4f5a3d691c53e2a6a,153,152
train,0x48fe9bc5bdb916fcb51404598020011bedede8ae,756,755
train,0x49018f3f8a4849861de1ee956f38a4ae95c02b88,350,349
train,0x4907992735804d10fa5e96c07a5d77a79543b691,672,671
train,0x491f01a87a53432d117f8f59c10cfb17901a13fb,819,818
train,0x491ff72e7b511123b6a6c074fbaef158546982fe,259,258
train,0x49205abe54d29cd50af26e27ffeb34d864162e76,798,797
train,0x4933dea7ea497a87d41acc5d8048ac2d8e6cedfb,519,518
train,0x49392a5867a4fd35cc31e366d790216daefaa647,320,319
train,0x493c9e90127a04100e8ed85e58a06e8c6a72ae5a,530,529
train,0x493f121b6f769fc8dbfb47ab834b13561d835009,221,220
train,0x4947d5e63A3D798131bccbdeEAaC63f9BD3EE485,359,358
train,0x49488350b4b2ed2fd164dd0d50b00e7e3f531651,544,543
train,0x494915Babe0763B08498093B807417e0Ab68b875,364,363
train,0x49516fe7bdc54b29a7f95ff55fdd38d9228e55af,2090,2089
train,0x4973311315133b37e723e05d00855ab3c9f7df13,544,543
train,0x4977c46f3cf3d6b82d0908feb333515847d0552d,479,478
train,0x497c59a3655b9f634cc5850978ba75ef08ebb20c,544,543
train,0x4987bac70b870f43660798ce515eb80b1fa90a00,174,173
train,0x4993CB95c7443bdC06155c5f5688Be9D8f6999a5,324,323
train,0x4994e81897a920c0fea235eb8cedeed3c6fff697,707,706
train,0x499a6b77bc25c26bcf8265e2102b1b3dd1617024,687,686
train,0x499e5f8914c061ce9ef0873a67c254f90cae5a76,320,319
train,0x49a422df3b775f219ef52f8a929429e52fd48f42,241,240
train,0x49a89cc89e347493d9a5349dc8af59817653af4a,1431,1430
train,0x49ab5a64b3eaed6c2e2e46adc8ee7974e8e88de3,1747,1746
train,0x49aec0752e68d0282db544c677f6ba407ba17ed7,382,381
train,0x49bd2da75b1f7af1e4dfd6b1125fecde59dbec58,641,640
train,0x49c10c1b10b584298b7036244d8c311d66934058,432,431
train,0x49cf9d7c4d7597fea5942b190b783fd7d4807be5,102,101
train,0x49fddeae0b521dab8d0c4b77e7161094f971320d,3429,3428
train,0x4a0077968c8d2339b2f871d3d005eed0c3fec601,536,535
train,0x4A18B5e31dF777CA500470FA4FD1616879c5A1A3,280,279
train,0x4a1b9162735ad0a8467cc8500f0afc054c0273c4,539,538
train,0x4a30a93e2562257b3c49aba2a79ed633b5b3c393,778,777
train,0x4a32b05f949d54146ee5db1a0d1f554f9f67d9c0,1692,1691
train,0x4a41661a42436b4b07bc887abcf69b07d567c706,350,349
train,0x4a482e3e536cbbcdeffdb70e4e7b794404617013,379,378
train,0x4a510cb4cc13cca6558a5fbc4f434266b788f330,1433,1432
train,0x4a53e0f5144adcbb606087615bf78078c2097f02,947,946
train,0x4a56ebd89b2750bf42ddec1cd3845938983be0d2,182,181
train,0x4a8be691e324e6d1bad3f957e2538d7b427a9fca,967,966
train,0x4a96a471dae05d667648cf97fbf0ed926ced059a,484,483
train,0x4a99791abba85679c275b3e3a2a3c23ef0598818,544,543
train,0x4a9d54e391812c54da8bc57ddfa32dfe13ac3d0f,685,684
train,0x4aa1fc4e04b7c4c5cd20b12ca28634b0322121be,350,349
train,0x4aac461c86abfa71e9d00d9a2cde8d74e4e1aeea,1547,1546
train,0x4aae3a2da70c499797edf4a4139b68454ec07883,308,307
train,0x4ab13f34a1bd7cc5b1cd5c586c32f4ba77f90ac6,237,236
train,0x4ab3ffdab88d5a73215b6adb8fb06c0730e2baa4,657,656
train,0x4ab4710b12409af36472d1ca43d48b4c82919328,419,418
train,0x4ab8510410a3a66b44631e403bdc1b4c799887ac,326,325
train,0x4ACE10d39919AEf52dDdDC0a3473451Ee610080d,820,819
train,0x4ad02bf71d9fcf86bd155fb1d7bf891e0cd9b31d,308,307
train,0x4ad28d54b4c807eadb6fc9bf9bf48a4c7b57d148,568,567
train,0x4ade33d3ac9564805d09e237011b32c3bf86ef65,153,152
train,0x4ade568854ed1fceeca5286ee68d17f48e7554e7,207,206
train,0x4ae4fc5e31f0270824433ce1bd03b6f2b1ac8e12,350,349
train,0x4ae5aee119a6ea4c849ce0d757b2c203a35e1555,2363,2362
train,0x4ae7e2524c821bbd2fe4a55aa263ac74e756fbb7,490,489
train,0x4aeeccf1f828cf06fe302ed0c71acd65259f8c88,348,347
train,0x4af328c52921706dcb739f25786210499169afe6,361,360
train,0x4AF36685d35B8889A9d8801576B28b79C7AD8209,481,480
train,0x4afdd46783bc8322770c574c4d3c584960be721a,1395,1394
train,0x4b04633ee658d83a24a91e3a1b244221800d89b4,825,824
train,0x4b0b98e7b1e5609e8e16c1a748b3a646f9d23c68,352,351
train,0x4b15b2d301dd81e05fc404e16bdd138b29dcdefd,789,788
train,0x4b17966feb21272c14bfa96b6826929be2b77522,350,349
train,0x4b24f0c8230c06e0d7caf722ace3f22ba5b80c33,1261,1260
train,0x4b319ce02bdc8977fb39fa70c49258a1a7c27d9b,839,838
train,0x4b326fd527306dd22927c16edbb8b97d2e928645,711,710
train,0x4b32ca05509ca4ffdbb7d2d82b27bc48ecde62f2,613,612
train,0x4b35e0ab998ebe8414871c13cf778f9d0bbdf609,586,585
train,0x4b36093313b660ac68a1a57a46cba7c3725a3a12,350,349
train,0x4b3ecc8c6af161a0ca7cee21e76bda404489e798,160,159
train,0x4b3fd993d62ea03614a597d1b658f74a3fbcfaa8,613,612
train,0x4b417860f4f507d175091defb81c356a0b49770e,350,349
train,0x4b43629ae22543f5042504cef4d8601ed6879938,385,384
train,0x4b46c859865e9846c3b033fd18cb66acd010e9d5,648,647
train,0x4b480c1abef305c0e21644d083f677405ab8250c,630,629
train,0x4b495e34c94b53c5b55e533c47f1cddfc2b1ef14,393,392
train,0x4b4e611823702285fd526d7a8a3b0aa99ab2dbcd,533,532
train,0x4b5c47b941019078634b3195cc7b99e4966a56f2,793,792
train,0x4b7ca2ac56e69b9687b94b41b61a57cad3017ee4,617,616
train,0x4b855725bb816b7e2b3e67bcffe0436b407675ae,296,295
train,0x4b864991128799784649c85ccf11bdded3cbb987,1212,1211
train,0x4b8b085091c51f5f16d8e4a873eabfa6508ddaaa,362,361
train,0x4b98AE70e25F1f3aF918f3186809F337BAF2b5B1,508,507
train,0x4b9d69af3662741baed2eeebea7239ced1f7a800,350,349
train,0x4ba3bbb97b5580e73b8649929b3a1e7e99b3faf6,153,152
train,0x4bb886b9d601d3690a08d46851843b04b0e254ec,864,863
train,0x4bd0c1b91d0d884fa4b31e4174a5686b29330667,350,349
train,0x4BF8AA9D458C14dF5fb407a2aa2E9ECCcDc9fa79,1137,1136
train,0x4bfad6fb23edcfa65bb8b8bf7a33499766404f52,33,32
train,0x4BFFC9B4d4DcF730820a2EdCAD48Ff5D7E0Ae807,711,710
train,0x4c21f8b097afebc00ff26fe91e5f836229ed246f,350,349
train,0x4c251de85ad3498c5b89388d8efc696ddd0b0fe7,6988,6987
train,0x4c2de8ec7ce928d572c336157974ed034751a043,350,349
train,0x4c382F8E09615AC86E08CE58266CC227e7d4D913,1149,1148
train,0x4c383bDCae52a6e1cb810C76C70d6f31A249eC9B,505,504
train,0x4c3891c5140bbd0cddd3643ced0d14a50c3f6271,290,289
train,0x4c3a23e11ac7000c79eb7b0a814ffa9d08c61184,350,349
train,0x4C3c6F5f2ef44F5E2fFCf6c20b906A91D246c9A2,444,443
train,0x4c478ac32725872e30bca49957abc7dbb325cb21,1074,1073
train,0x4c524b1e9d947c79be92e20c82e7281d783657dd,177,176
train,0x4C54a332e3c962D5E513C3cc927c4cCf3452C79C,7214,7213
train,0x4C5651c4f59B3E92E67d993b7B969F9aF861380f,420,419
train,0x4c567c3363cc42c5a42c6d8bf01503fd1d0b91cd,764,763
train,0x4c75c741f79651C10E97506E02aa1d621755797b,222,221
train,0x4c7f2f802cf6a51bfcf9bac3c5d6dbb30f85b83d,617,616
train,0x4c9de52c6e4832fabf2fd8b8330941f695f07335,727,726
train,0x4ca263ae1d81b3771f12d110406bdcc3ed1c0752,350,349
train,0x4ca748e2f804ed759939799cdc2de94f6cb19f79,350,349
train,0x4cb6d378f31f8e802a49092a1f2db97c2662f4b4,350,349
train,0x4cc19356f2d37338b9802aa8e8fc58b0373296e7,1984,1983
train,0x4cd29dc84fb19c205b65e7cba71bb2fc4478553f,102,101
train,0x4ce47b4e5f0ee1118b6a064dbb3b3ed2edcffd9f,358,357
train,0x4ceda7906a5ed2179785cd3a40a69ee8bc99c466,1599,1598
train,0x4CF488387F035FF08c371515562CBa712f9015d4,879,878
train,0x4cf526f412a88371e899336bd54388ef50dafaf6,600,599
train,0x4cf6666922c8f1af0011282b3825f24003c473d3,813,812
train,0x4cfbf3ee68edb303c3ca0d3209eb6300f8cbbeb6,350,349
train,0x4d0f445b379ef03045e439331090d201b5bf83e4,1726,1725
train,0x4d322246fb48b3222b5f421f7bf158cb952c71d9,878,877
train,0x4d33d750e63acde30a433c7b774ad57314b4fd7c,630,629
train,0x4d5c907a460b0844cc99b95003819c2aa2b2b77a,739,738
train,0x4d5e7c27b559f6f7be72dc28a2c16b0f342449aa,2021,2020
train,0x4d6223b643b88e6cabae36560053260b3721fb0b,120,119
train,0x4d6445C92aE02748105C73EE97E8327E726e465c,534,533
train,0x4d6e0922e6b703f0fdf92745343a9b83eb656402,1000,999
train,0x4d7068cfb8cf48942b1fa9e07252ba4a1fc49577,763,762
train,0x4d71c17e1423f990b653b88bb264c28d682e0fc6,496,495
train,0x4D767DeA962237a54c1C4881C7711C44D0914d1C,3232,3231
train,0x4d8c5e2eb294ecbb412748ba87ef491119acb369,160,159
train,0x4d8fc1453a0f359e99c9675954e656d80d996fbf,1569,1568
train,0x4d8fe567cea1eaae8a9b108047103b55f7fee235,642,641
train,0x4d9412b6c12b2e2bf0da15416b71f33c846e635b,703,702
train,0x4da8d3de333840e6580f3d86f5a2a4c382ef60fb,467,466
train,0x4daeb4a06f70f4b1a5c329115731fe4b89c0b227,766,765
train,0x4db455f06073f3ccdd090b1513f1f3c2e8006521,399,398
train,0x4db4fd6137ee3add0fbced73f1ea1d522cbc9d33,1710,1709
train,0x4dbd820420079fb3e59667039e2587f4d767fcc0,350,349
train,0x4dc3643dbc642b72c158e7f3d2ff232df61cb6ce,1202,1201
train,0x4dc7a32ae6a0b05637870349d96242830459bfdc,350,349
train,0x4Dc868D79611C2bdcA51dEE62873EB3A31423B47,327,326
train,0x4dc924eeb4d87ab938f5a72fc0ef4460f6b35a8a,432,431
train,0x4dD3e6916abac796e5f43b440A41b5B96E493C23,1990,1989
train,0x4de2573e27E648607B50e1Cfff921A33E4A34405,860,859
train,0x4deb286d22c0cf51f3fd77a48a3100385a0f98d6,711,710
train,0x4df42d7317561f1540934f17c9aac68d6a21024e,350,349
train,0x4df47b4969b2911c966506e3592c41389493953b,1218,1217
train,0x4df624b49cb604992ef8ebb5250b96ec256c7472,582,581
train,0x4df7a8904d2f2c1fe3b43abf884e629d01442aaf,314,313
train,0x4dfc56b2613729878aa0a49c928fb41af62ccbef,1092,1091
train,0x4dfD2a190EcE60E12977942c858A70644e4b18dD,1382,1381
train,0x4e022afbaf51487ecaaae11993e21cd6bbac38e7,711,710
train,0x4e032cb139feaeb34a1578ddda34bb29a66fa6fa,612,611
train,0x4e0603e2a27a30480e5e3a4fe548e29ef12f64be,641,640
train,0x4e09bec79180b52b8fa109099bb22e64e771c195,565,564
train,0x4e260e3ca268e40133c84b142de73108a7c1ec99,750,749
train,0x4e279d8638e8669fad40e018fc181d26ee780380,350,349
train,0x4E2E5e33A61b85301dd08b3A6Daddf836FDc6d98,683,682
train,0x4E4019c632579fB81E8c26503140aa2C9b55c065,1020,1019
train,0x4e454442bB63c2f3cE472073cD903Ab6450a5681,182,181
train,0x4e61847e3b0c5786e81c8cd477c4af76b5f7098f,885,884
train,0x4e61ba9c25d43e802c6be8d160432e4989dea1fc,288,287
train,0x4e646a576917a6a47d5b0896c3e207693870869d,3429,3428
train,0x4e64e18f6e6f5d694725c8c02ec8ace180ade2d0,924,923
train,0x4e7a37f5c5832a35fea477bafe84b666429a5a36,2384,2383
train,0x4E82fEA639245Ea0Bc3E5aC921e589014976ae1c,321,320
train,0x4E86721a4e00D7167c11D9CfD2480403Bb630378,866,865
train,0x4e8d979271cc2739d2bbd13b291faa3eb6df1504,614,613
train,0x4e8e8eb5a4ed17170b646d33b8ef3e7352585607,1469,1468
train,0x4E9348afCE4BEa8D091Fd05E845FbdD2cB3B49EE,1547,1546
train,0x4e9547d1a1154ee0451f063c253ad8dc39d5384c,1867,1866
train,0x4e98fd0076a1c1f0544b15763d8b002f943c94d6,1028,1027
train,0x4e9992c9b97873a39e264832972f29ce672ebaf1,1571,1570
train,0x4eb5f89549c4d7a57267340c13fcca1049b57f9e,1824,1823
train,0x4ed2c5e63c65741973f9593f1980673e03e11bbd,125,124
train,0x4ed985e2da341e276bbf7782f2e1e30689d33c89,424,423
train,0x4ee1d7720a04072142b2efc9d2c7d5d77ad63939,916,915
train,0x4ee697e33d72bce48c2170bfc009d801933fcb10,544,543
train,0x4eeb95a68c7382217ccdf9d4d1c89f3986c30cc5,1740,1739
train,0x4ef405d78be762c0e5628b1b93ef6c7ead2d9385,102,101
train,0x4efca42496ec176f1d56b21dbad7031477ec583d,629,628
train,0x4f083c2f2d8f9b6702fe89117961f34d12ae1787,1168,1167
train,0x4f0d5bb99f87610d3f1522029121f1f9ca3a904e,716,715
train,0x4f1adC39f25B67146bA15d8BF453A7F502e58a79,578,577
train,0x4f203c744e345344bbd70711d289ecb22fe29ab7,355,354
train,0x4f21bc4b23714e6bdd7ab44fe9e8e4bf73fe55f1,350,349
train,0x4f232a41b26bf07c37240f0cb3bde5727074a0f6,476,475
train,0x4f2753b700b9055a9542e1de1c8ba9ba2a466ef5,1547,1546
train,0x4f2875f631f4fc66b8e051defba0c9f9106d7d5a,1135,1134
train,0x4f38f4229924bfa28d58eeda496cc85e8016bccc,830,829
train,0x4f390f684f3e2d1b97f0fb335597fea7803ff27b,350,349
train,0x4f3afec4e5a3f2a6a1a411def7d7dfe50ee057bf,860,859
train,0x4f3f967d319f4ab49a89e7a768c8419ad9ab0cdb,1605,1604
train,0x4f43f4feb9f633ceaad86d8c2d8e6125f254ab2a,282,281
train,0x4f4841765d1745696eae65a4395c9ff3290a1f9c,12455,12454
train,0x4f4d8b0115d9c849403dd6215e65d284296585f6,558,557
train,0x4f4e76761eb0a5a2992a6f3ab1c90a874450ecca,2806,2805
train,0x4f4f0db4de903b88f2b1a2847971e231d54f8fd3,1224,1223
train,0x4f60d5605b4ceb8db307024eb5481af8e90ccfc7,425,424
train,0x4f6732bdCd526AB81F77EAAc94bA0c0dFe08b48A,1382,1381
train,0x4f75836e2d0ff46513532d276e0475543b43d308,1299,1298
train,0x4f800a45631f2c74ef2d37201adf417b3b90ad3c,865,864
train,0x4f8e1b037874010259b3b85cb07add59337af747,361,360
train,0x4f9330df83b26b8e1df8380fa363cb9894dc63ef,1741,1740
train,0x4f9B160eC27C75797c0ACF0198a221ED8a1Dc32f,711,710
train,0x4fa09edccfdf5738a5493e40a4b5753cebc0078c,254,253
train,0x4fa90fce56025184d748935dca18992976601ece,722,721
train,0x4fb1ca2cdd34111453756f19e6214899c379afd2,350,349
train,0x4fb663c1616bfe80b5b6d5a214efa81d5a121801,296,295
train,0x4fb718fdbf4a51d3fba11ea63309729b37ab76da,1457,1456
train,0x4fb894c7dc681867873a6064404c7fbe30fb5520,644,643
train,0x4fbe8801383ddcf09ca8d635cee54f50f55f74e2,521,520
train,0x4fbf2f1613cc86314b22ae10ae95d19cf2990824,43,42
train,0x4fdb91dbce6cee2e08cf85d26eaa3e9bca0c12fe,1733,1732
train,0x4fE6Ea636aBe664E0268Af373A10CA3621A0B95b,643,642
train,0x4fe7e8f9eb4cb742e7fd13b96231b4bb1dc6607d,350,349
train,0x4fed7f5f0314bd156a8486fc41dc8bd4737c24fb,65,64
train,0x4ff6f45d83f27cec8ae43a4cf984bfbac30baa48,350,349
train,0x4ffc3a02783e419dbc2ab71b953ede1d72350937,339,338
train,0x5019066b46ae4b8673085b609be366400f53871b,1873,1872
train,0x502e95cd1e19e1996af79dc7cc5c303ed590f8b5,343,342
train,0x5031AA6515C4C406318124A4959b15d07C8CBfed,635,634
train,0x503895fcde8d62b158cd2d4567d9ef3dfe085fb8,546,545
train,0x503bd876320c62c3087245266843fd8c9001c7b5,350,349
train,0x5041bfba3deb602d794f6cf6c3db50d572912c40,53,52
train,0x50448fd017bcd0a5790ccb02dba1f49fa7d68531,621,620
train,0x5044e2e924a139fd7da98dc29bbc070218197986,297,296
train,0x50523b73ae5ce404fcb15cceca30aa1a51e80601,850,849
train,0x5052856eE65dF7E98395586585AB020E39Cc1C4F,618,617
train,0x505743df6a349e1c39fd4727fd7c9f49f736e39e,308,307
train,0x50600fd003419cf50c101b5f67ba19c59a8c395f,174,173
train,0x506ed55d9c36a749066a3bd021ceb1af75d2e5a1,2114,2113
train,0x5070832e17e2042754ccd86f28b9d21fcb0e1567,939,938
train,0x507b0c87ba1116e75247442b28e2c77ae1622a58,751,750
train,0x507d37ea5fe6bd334d0c50db12f35ddfcb1b6a3f,337,336
train,0x5084bb035ad58007dde19466a341e5856db1ac7d,136,135
train,0x50AbfC76b637b70571C301071F7CE660c1C3d847,156,155
train,0x50ae8d7c70c33d1f40b36c75fe9f560646134dd5,574,573
train,0x50b1a3cb5a38d52fd43fbf0c96277fe534d81632,2465,2464
train,0x50bb21BEFA6c04F0C81a44EDaEA5f11D069791f8,497,496
train,0x50c798C86D714F58Ac08E5BaC49A127771E93234,1108,1107
train,0x50cf00e2b1887c162ce13f8cd9ebb3fdf5c99e70,576,575
train,0x50d14578e0caf771f92d4d72ff423cff7234277d,918,917
train,0x50d84c843847318d7e8c4318a8fe8aa4e0b15d6f,350,349
train,0x50e7495d1ca652fd8812d7e20facf67c09574d0e,342,341
train,0x50ea56f90e09f9c306c164eb4ddd9b7e1105a156,1287,1286
train,0x50f7c95b7e82ea5e0953de8c7ead20a9dd289ec2,738,737
train,0x50f7da5ecd7838b1f5a4813cdfb59d7d502dce44,683,682
train,0x50fcf0396874f1d4a4d243e8bb4c370c97f119bf,892,891
train,0x50fd51b624ca86be3dbc640515ebc407a163cd6c,1219,1218
train,0x50fec5d840995b5fcca57d4e8f4c6695b2dd411f,939,938
train,0x50ffa3cdcc3b8993c1b9ba25171fd7fd4f13e18a,291,290
train,0x51036b0029e95ecbce4784df0a87987d1092ec7d,426,425
train,0x510a71bd8a3ee739b099d433f5492d3f7b3fdd57,2669,2668
train,0x510c4d58ddc290a2b3888a0e4f07a1944fcb522a,399,398
train,0x511c1343c41900dbd64ddbac04635f4ef25177c8,498,497
train,0x51489a328C9BDfCB67ccE77C0d87BE54b5F8D172,400,399
train,0x514910771af9ca656af840dff83e8264ecf986ca,693,692
train,0x514bc174df04a4b04ae2Be81ee8c788c3796B06B,1963,1962
train,0x51541130834f4408f0ac2a3af88318e1c30a1d3d,1376,1375
train,0x5160680fb520e41f49a8411dbd0592b730f5480e,739,738
train,0x516130856e743090aF9d7Fd95D6fc94c8743A4e1,2047,2046
train,0x5162A13e4B2aDf708878C71F2CAd69525770601F,593,592
train,0x5165db3dffd92454c2d59faa8e2d907e54f174d3,1206,1205
train,0x516b55c0fdff1ff787c31ee5b8456bd9147de0ee,967,966
train,0x517dEB40cE4c6d4d95cd98f9A159375BfCe24E03,102,101
train,0x5182618e956deea92fad51de09a4db32e3978f9d,795,794
train,0x5183fe7cd4fde19bed92dbebf8a7fad8d276015b,443,442
train,0x51907923c3280c24b6b69b0d217ea34cabde684d,2008,2007
train,0x519475b31653e46d20cd09f9fdcf3b12bdacb4f5,523,522
train,0x51981161e95ca04de8a37e0680d6ba0e50adf234,350,349
train,0x51996c0a12526138815407bc61135fed50c0d136,369,368
train,0x51a1421116f4d35d2952343b9dd66b3371e48b64,350,349
train,0x51a38f67810f4ebd1c3fead7d65cf5df2bcb0b7f,818,817
train,0x51b27b2fcd3ee84ba97768f550928d9f79620c29,385,384
train,0x51b3e8bc61e9c21e979468379d3147d6b955b79f,1235,1234
train,0x51b7aab1017ba2c3d6365dd567c042caa4b49caa,144,143
train,0x51c6a6ef1352578ff01b078313e6779b88bdcb1e,375,374
train,0x51c7706ca1088af318a88ed493bf48b540c5c03b,802,801
train,0x51c83d97236646fca3239556253032357285c0a1,82,81
train,0x51caa9f9ca0edeeaa302e7d3ba107d442b49c2d1,1174,1173
train,0x51d9e05775bde1b3c12d781d2f847b1ab93e3c3d,98,97
train,0x51da145cd7b6e6bd8b334d6a5e663dee1d8937fa,677,676
train,0x51db5ad35c671a87207d88fc11d593ac0c8415bd,841,840
train,0x51db62d862314d036797c8ae897011dadb8256ce,1012,1011
train,0x51dce38369b7d57d367fa1b738723a626f15b8ff,433,432
train,0x51dd5df5a45bd76e7ec9358bb405d424ba02234a,506,505
train,0x51e119e01df0798417c430a1123dfb2faa5fba74,429,428
train,0x51e4e00e3e019e58fc0b8cc8c6490a2d28efbf44,539,538
train,0x51e6263bef3970485b1545d4ca181749d9b19875,36,35
train,0x51ebbdf8e156c4389bd512310409e922a4d9a0f6,350,349
train,0x51f60f6acb95bcc5b6eba23f8f5c81296ba649a6,454,453
train,0x51fdc3827865af9bde006a2ad6d593d4aca5e591,637,636
train,0x5204345a6cc213ac6c9c98e737a517321603caea,4033,4032
train,0x5209283a7ad07b579cb34183f4dc1da2aef422dc,361,360
train,0x5212d9d31a7a2549b1ff4c15b0733a8077c860fe,349,348
train,0x521c420c2a2b461034becbb41d4888b68951f14f,5315,5314
train,0x521c69e3994b93d95a007f1cc735f271903cb726,543,542
train,0x521ed218348577fa2915b9454b72712024d350d2,1182,1181
train,0x522e7ff686caf7ee5a4063b577ccc7f07054294b,314,313
train,0x52324aa1fdfaa263bb7cd102ef9dfcc615df6023,539,538
train,0x5232d444b9e2b09e524279ed676a4dbe05dda571,719,718
train,0x52361aAad6656383BC5aCd3fb20F6a1bA5280A54,841,840
train,0x523a4d2e260ee6230b4a99f1c74833e0aca94178,526,525
train,0x523d98210cf8e9c5000b8de62274bd499d9bd78a,2857,2856
train,0x52469C4FBAeFC3bd25b06BefA45078412465632b,1283,1282
train,0x524897c10d0a39d0cb1d1399557aee3de6a2f421,1081,1080
train,0x524960d55174d912768678d8c606b4d50b79d7b1,55,54
train,0x524a1407223446e3bab8819abb3fb8348c29afec,553,552
train,0x524c131b86eedfb15ccc81104b1222ae2e16db7e,589,588
train,0x52519fd6cb827ec77e961c76c9b326470703d0a8,313,312
train,0x525aEEf9Af9ae896179EE287e024a40cF5FC7655,3130,3129
train,0x525Ce184d0fe3e3A6e2e8900A20ea40a2A835A79,1436,1435
train,0x5274a2293dbe075a82d41e873bb927403a9dce46,375,374
train,0x5278a07e049d1b193a1c73d04dc319259d14d2f6,728,727
train,0x527980169Ea610d13887B97F12024320C75f26a3,1201,1200
train,0x5281147d7ad05937eeb4fbe5c252a35696e8c28a,350,349
train,0x529aea548fb57dc1eefa4f02e1a317d41a305456,349,348
train,0x52a17ca01b9925752aefde41bf80d7b10514e136,456,455
train,0x52a5e1a56a124dce84e548ff96122246e46d599f,611,610
train,0x52c00d4d7c5e488bc4447f9ccb009a0a6ba446c9,350,349
train,0x52c147158dba475851e095aab870941cd750ee7b,187,186
train,0x52c52944eaac353f054902225e1df036589fb6d7,381,380
train,0x52c6229a5a4a3ca88968ac60d3502007eb3f8d86,1767,1766
train,0x52Ca8205452f52533D7500F5D451E0Fe518E559e,296,295
train,0x52d0d5f9c0dd80f2611729b6066ee33b71b2c461,931,930
train,0x52d1c59249e44e889bbad68dd99bd1b18296f726,551,550
train,0x52d208f3ff79985b5a50a55fd35334f924a9f643,1010,1009
train,0x52d3ec187457a106d2ec546be4cb8a11d9be2527,3296,3295
train,0x52DB8ebF894036ec997Da693C5fa237A4fb69d10,407,406
train,0x52eaf5ee952d19f02f1cc20abd90526c21792f12,396,395
train,0x52fe31c97e5c29ea63cbcfb045e1171427bb9248,544,543
train,0x52ff8b15ef6b38cf0554ba9207d70d0d2437c56a,525,524
train,0x5310AAdC315a6E9Eb2eA62629e41E35bbd580071,671,670
train,0x531a6daa2216c4d14bc1d2aa19b717a033eb8b2a,350,349
train,0x531abbb998d277d4af1bc306bd1aa179f0758e99,544,543
train,0x531ac3341edfc39a04ed4c8b44ec396a46bc8690,245,244
train,0x531d89649690f570347aea8eba1461b640c1346e,308,307
train,0x53206dc09b9594b8d961f0b8c8623f87757760ae,281,280
train,0x5327826739f2f09bc36d94d88f7f373cc708ab6e,289,288
train,0x53289f280e0676600b17dec8c9663f795f69cbc3,544,543
train,0x53507e1c859463e6c2677c4c8be3e5ee05b2846e,1975,1974
train,0x53570f9db0d81af09d9ef418e37e025668eed05f,35,34
train,0x536d13e82d001c85f3fb9caaee004beaab62694f,353,352
train,0x5374af6f08c0e6aeff2deab62972bff2ab6ed226,308,307
train,0x5385d02f3a254ca716c144c7c333553a2e6ec931,376,375
train,0x5391362afb8614b60e0193c130abc8f3af372bb5,501,500
train,0x53926a4b6331128d77c6d73f4a7e5466af63baa6,1225,1224
train,0x53952e122b1529f8b77597c8d05347262ab577cb,1370,1369
train,0x53a30b07bea5b8e9b5f710e038867a1531b0b5dc,170,169
train,0x53a54c442583d2e844733f179d142c32f3c004b7,414,413
train,0x53acdca2213bec8140e2618dfb6bc71a2a2c7080,765,764
train,0x53b88f58521ec728193b93b0a33d438665c6e8de,319,318
train,0x53b8dc2dc30f6e7283c47f3384fc64de5e69a9a1,345,344
train,0x53c2159fa4690ccaa773086a137fb1cd17f65f35,633,632
train,0x53c347888c54519820249ee629b30316f3b79974,756,755
train,0x53ce47cbe7f2be0aecd086a70182a98c907d024d,1360,1359
train,0x53e8f709b71faf06c42df6ba837f56ccf69196e4,237,236
train,0x53f2982282727255d4b1ef58d06f1ad7fc8e4f91,585,584
train,0x53fbb9b0eceaf54a58a973dee0ea4bae8197828b,350,349
train,0x53fDf0c63b87F2Db6e2C58AB05a8a3c39d7d8D49,388,387
train,0x540449e4d172cd9491c76320440cd74933d5691a,2683,2682
train,0x540768c94302907518e57996241287b310fa1ae9,685,684
train,0x540cb060a73597e71a8deb049c261e5fc236fe08,737,736
train,0x540cf76f7efaffdeef8eec75b07807353667cef7,350,349
train,0x541ed2600fac28e7ab5d22c3bd3ad4361aa82591,350,349
train,0x5421965adb3f722433401d82b7a5d7b2888cdbd0,385,384
train,0x542486d7ae386860d9b659a557d614839689d053,701,700
train,0x5438b0938fb88a979032f45b87d2d1aeffe5cc28,862,861
train,0x545aab1c3bb742a0ad2474555d3190945808eb48,350,349
train,0x545ef6db327e0861f199222c0c2d162a0f63e723,1783,1782
train,0x54610301eff1c6c2a763f3f1786f3130aac2c456,315,314
train,0x5462311485a381621d6b768c28157c2a70cbb55e,755,754
train,0x5473311d1b728e6c66b71923e8efbd491ca5d435,506,505
train,0x54853124eFc380cA0b0f87958A69DF8622BD1721,891,890
train,0x5487939f38ad535223a6f5441edd43fac291da31,1303,1302
train,0x54880fc1b39ccb3c9b6e0592d92c647c2e449613,546,545
train,0x548be6d7065be1870bac64435166871c6e82ea13,1798,1797
train,0x548d32216d01617452892ea360bfce9ce8dc9729,1799,1798
train,0x548f27d244271334edf4caf800fd2934f91cac44,602,601
train,0x548f7581e85b473da466ef9edbe85c5226eaa3b2,687,686
train,0x548fe7c07062954a1930a1df08c9ee24fe3cc30a,1073,1072
train,0x54920ecbaadb81cfcd12cf3f8d971686fe95b269,553,552
train,0x549b38e8e5fb1ba4acd4187d8b7c8a04deb53206,281,280
train,0x54c1cc3a3bc33839b31ad01c182b6d3bc7f4deea,321,320
train,0x54c5a50f090E1f4c2cB732C35a52c8FCcB213E70,369,368
train,0x54e18d5057d5e55224cc9b6d14a671752d5b08bb,90,89
train,0x550f6406647daa6a6642086289b6f3a6035d2d7c,349,348
train,0x55100b6e3e1cc3018881a4a68edf229a80bac944,748,747
train,0x551e7973dc165523ea3fcbc7b074004df218d2b1,354,353
train,0x55272df80297fbc078952d80ebe82b62e4b0dee2,1334,1333
train,0x552b00454a23e5f118e5419cc84f82100ed1bd38,1050,1049
train,0x552ed8253f341fb770e8badff5a0e0ee2fd57b43,2017,2016
train,0x552f355ccb9b91c8fb47d9c011abad5b72ec30e9,5315,5314
train,0x553b4546d26f383d4f4a056b7f50dadff07fb252,1454,1453
train,0x554712b13067f5a0e067d368cd2a67a2ab7acf78,1704,1703
train,0x554a39d838f18057a1f8a5191330cc2d1522339f,350,349
train,0x554c98b3ec772f79ee5b96d47a1d10852ed274c8,1778,1777
train,0x55516b579e56c1287f0700eddda352c2d2c5b3b6,617,616
train,0x555eedd21fbef9789ad25a531e342df0d020d98d,1174,1173
train,0x556241B90b4C55457a31e27eB612bDc11815D989,355,354
train,0x55648de19836338549130b1af587f16bea46f66b,465,464
train,0x55654a38372617aedd583009f76e28700e48fdad,78,77
train,0x556699c754085943960b03ff65ccc80b06aaf1a5,850,849
train,0x556b7a8e1e842625844de6a08669cd20523ce131,350,349
train,0x558c62533def5e9d77a7e555490c0E2889EaCF3A,606,605
train,0x5590cd2ea0e54db352ef7e96b906bd8059de1474,348,347
train,0x559cd4c08afca638b5ef6397804874f688d69cbb,453,452
train,0x55abdc2c1aeb61b06958740484e61126e273aa61,1246,1245
train,0x55AE5792903b179915E10065E26610435832A3F7,971,970
train,0x55ae7e1b4ca7c171679b64c38010686fe8e90413,744,743
train,0x55bd73230819d2a91b9d35a82fe501cabdba185e,54,53
train,0x55bec5649fbb5f5be831ee5b0f7a8a8f02b25144,79,78
train,0x55c44fbad82686afb0ca41cefb8d086cb937b2e6,242,241
train,0x55cbc016483d279387f3ec774814bfdfbc1e4582,413,412
train,0x55cdbdeb00037563de4e082575704b3606b7ffa9,539,538
train,0x55d25b666c9058a5828e8d0989967dc00dcfcfdf,573,572
train,0x55d34b686aa8c04921397c5807db9ecedba00a4c,3713,3712
train,0x5602586601e6b066780c78f1843192138d0d70da,647,646
train,0x5603bb927ae1711d91843329d7d77a18ac1887d7,798,797
train,0x560a20eddeddf84217221aef0d5ca7d7ae7ae798,1335,1334
train,0x560da6e7f219e37a094342b3a56ea27bfa6798be,892,891
train,0x5624a41b818e4e7da13dd164f848ede66b197647,1478,1477
train,0x562952c749D05DCa4cD004489a153c7EE7E58240,813,812
train,0x562b85aceee81876d27252b7dc06f03f6a2565fc,1478,1477
train,0x563527d10a78f649a9330b0fb03387b93fb387f9,247,246
train,0x56367a4cd348c8c61dc8a66e6a5f88e32fd6aa32,1972,1971
train,0x5644ef5f7d76d8177f14336665bb7edd2e2fdf81,368,367
train,0x564c8f68c1564916936328d09e16d3c09f7c4ab3,584,583
train,0x5651ad6511e243e4529fc9363cf88fffc7a2a669,559,558
train,0x5652ef57783eb0a9538d15bd94e52f932aac5311,711,710
train,0x56609c7dcb32cbedf7c5896cbb29b227bf4ec6a1,299,298
train,0x567287d4f42086beab4b36de9af21c70adec6760,778,777
train,0x568ad119417a50529ed0d296a9f1389a6525b49a,385,384
train,0x568cB7f316066BEDf380cD31096a51ce1A1cfb57,523,522
train,0x56a20f5c2ad2d88d635783780a7a1ad0e50df492,1620,1619
train,0x56a312834d31c76072a03c8200f1c106bdd65bdb,192,191
train,0x56a7c8f31e840861d7b61dd47ccdec188fb44eb7,649,648
train,0x56a7d37b5252b057aebce6d65d2f87e49f1e1dcd,1168,1167
train,0x56b22eade410eed0048e443e54bfda9eceefebf5,342,341
train,0x56ca702f192a751e4280a6da3adc203bb062a755,335,334
train,0x56f42ab51f447665a1084e42c117104bf4d942e7,350,349
train,0x56facfe436b4b4f4228bfeecefe5174cb505bbe6,350,349
train,0x56fc1a80912e6b9629c9a9ee3790ccce2408d3c0,282,281
train,0x5703c635a16abb44465a2d4b25334acaaead1fd6,440,439
train,0x5703f9eaC1256E4DD00f7c91A787512EF2193313,1474,1473
train,0x570b2f42ea4646ed99a69b3675b9b5bd69d90866,350,349
train,0x572e6f318056ba0c5d47a422653113843d250691,520,519
train,0x5730e1cfe3c663062aa1370746ec128abc5475a1,889,888
train,0x573a4109120beab28d5e5f540bf33d4981562662,371,370
train,0x5745b21F6365b379451F2f327274812D7A5D3d0D,362,361
train,0x574c44e81f272514e29c6adc411b8c53a856fbe5,609,608
train,0x574e19181afF5DeF5C7166fE1733B2f9916a9cbD,2025,2024
train,0x574fb6d9d090042a04d0d12a4e87217f8303a5ca,3268,3267
train,0x575cb87ab3c2329a0248c7d70e0ead8e57f3e3f7,1119,1118
train,0x575e61f9cc9eBcC4b6b58bEBAa7C1cA66e1A3a63,3403,3402
train,0x577f56a16080787323a8e4a9227c040b1c2017cd,940,939
train,0x5783f4e4a1bec72f41f246c50ba3d06265d984a6,344,343
train,0x578d2069F4b5825437305e58397ea601522aaC2A,310,309
train,0x578E7DdAbC49ec520d4D683b9fD7472885Bb3716,544,543
train,0x57929e21bb0de26166d3f3cfa09be0b2bb9f0a9c,636,635
train,0x579472a4230d5ef5dada4c55fa437bf6a1bac2e4,56,55
train,0x57947c42c8f2a978a770a0775b419aaf73bf9f2e,350,349
train,0x57951c31278a45ddb2051cacd9ada88b63c2276f,697,696
train,0x5797a6291c3f22f785bc6b793d023ef034a17719,350,349
train,0x579afc9d2aab2fd0cbf55eddc35ce4667725f88e,344,343
train,0x579c1f90bc470b1bb807951220d516be8ef1f8b4,350,349
train,0x57a139c6f0a1b125c172c7690cd9a350828b7607,350,349
train,0x57a1ACBf4205eEf6a0aC6d41B481268c3Db3d768,318,317
train,0x57b88d3ce3ba5937dcc1c48f35f8132d1c744dc0,656,655
train,0x57c555591b18cff058e6fabfc57a6b7c7f37c8e8,705,704
train,0x57dab934f21901f22ac444bfb33c88bef1796ebc,345,344
train,0x57db9d1890eb580a5ba18926a7c76f7abaa1831d,4160,4159
train,0x57deefef435a069d95a1523ae8955c993b2b1201,544,543
train,0x57e33c7b740fc5cad7feef358c0c117c7769204b,544,543
train,0x57e41db46a4381777c0a2f53384ea2ee0d46635c,544,543
train,0x57e7d2eb31a54f3d661de5a29114ff16f1295991,296,295
train,0x57e84e2c6dfd300f798794f8b330a2a519114b3d,416,415
train,0x57f854ba5baf019ec3a77f81c2966fd0d8905a38,3084,3083
train,0x57fb62287bfa829194b33daa231a7c100ac1f2e4,1675,1674
train,0x57fd3480581f72b0df1adead72b4181a52a1d7de,2017,2016
train,0x58054e51c19fa796443043418be91032b99992a3,1073,1072
train,0x5809df7d3bc8b26e148c60ce2998c911f248cca2,120,119
train,0x580c1e3caca14826976b5820947f7ad486ac174d,590,589
train,0x580d69737e11cf2fb306c8fc0161b86f7c9f03ba,532,531
train,0x580f18c090914EB9eDbb3d6A810C9789a91c7ba4,48,47
train,0x5816047dea1872f0dbc037b7223a7ed78ba7f2c1,453,452
train,0x5824f275dab2c59b8972a1fda45ff404c9a703e3,762,761
train,0x582851ace6a6f7f4259de01fa412afcafeb199a9,518,517
train,0x582a46566e22cD0E02A40ed01E108b499A346Bc4,885,884
train,0x582b2489710a4189ad558b6958641789587fcc27,857,856
train,0x582ea0af091ae0d98fdf08216cb2846711a65f6a,1073,1072
train,0x5833498879c55c3eaed649fc5d972310339d60c1,1547,1546
train,0x58474228ffeebf58758bb661a4280df6aa433371,1725,1724
train,0x5849de6c1e13c671f462baf37d7defde1a49cbf0,342,341
train,0x584ac1314963f7c648241d03467185645b640281,361,360
train,0x584af734a101538cad9b9522d1b9c87f1c08f9c4,1020,1019
train,0x584e47f78481752afbc2af71b9509473af9ff753,350,349
train,0x58534c480ef96b6478940f9bbf6748da8f2ec935,2246,2245
train,0x5853BE674584c1d328889F46eA12247b3fD768Eb,335,334
train,0x5854f05e13d2e87bdea5335c4b1156d727c1e676,1125,1124
train,0x58594ceb0db0b66759e22ec783bb61d740355d34,3737,3736
train,0x587c549c4113127340ac0f5e996cab7a4f35bb49,1708,1707
train,0x5884969ec0480556e11d119980136a4c17edded1,603,602
train,0x58870bcbc4b0001d99ecc84adf8736d6193b8af6,915,914
train,0x588cfe5203b9bfc759782d207bcbfeb93edd678d,1421,1420
train,0x5890301587c4f9099d5ed4041cfc4bff332357a9,2252,2251
train,0x58976fffbc75ae75fd2430fd67e65a4abc5e62d5,350,349
train,0x589dBDD68e21Aa11C92954feE25b9a5C40d3E150,3403,3402
train,0x58aA8050d56A3cc49bf37B54474174a81e4b2A24,829,828
train,0x58ab2F692C606c520ACaf784FE4F0553ccD4Db8a,578,577
train,0x58b71665b05b7952472fb753541cd2cbd1020fab,66,65
train,0x58bd394f3dfd9bbc15f4bc662b2def3e597e4e90,632,631
train,0x58c3069023ed736f430d585003715058c2e3c671,618,617
train,0x58c60fdba15376c44699c2858a498ac159ffd8cb,404,403
train,0x58d712c408ac3a0e2e80a593b91512562a19897f,886,885
train,0x58ded6994124b4fff298f1416aca3fc9cdba37b2,611,610
train,0x58dfcfbd7955a67287eb0e4ba38a233c6f0f8012,85,84
train,0x58e41735fa157a69ae9abf96321e890fb45f3dff,350,349
train,0x58e55918c6aca854384d21b199b4af953a2acf46,960,959
train,0x58e60c9b9d897df980e9b65752091f92187d98c3,350,349
train,0x58ebcd3230e0c28bf82e3f91f72d80eff32d00f4,3591,3590
train,0x58ed4a37e20703b5ad0aecc9658fb1d30cb9afdf,505,504
train,0x58F792248d5fE5cadcc8Cc222eAA97c1F4089F8b,3997,3996
train,0x58F98D3FAAE31Df3553380075cAe610707547CF2,335,334
train,0x58fcf11196abaeefdf23198ec4ec9c5237963e17,1926,1925
train,0x5903bac538fa570d30ae5b39614c0707b9e584f7,533,532
train,0x59044d260ebdb51bba52855e27dd73c18c780d17,1610,1609
train,0x59061b6f26BB4A9cE5828A19d35CFD5A4B80F056,1250,1249
train,0x5914ce317d4d0d17df0047d220ac38d79c5521a9,1285,1284
train,0x5935b9cfebf9807925b2e2b727aca214a0c18fc8,711,710
train,0x593b851932dafdf8573ed7891518b1ba5b0d5838,104,103
train,0x593e2cd90b0d5acce70962d32259258c6566fc18,293,292
train,0x594120039687ddaab50c4ab03bada20eb4b218f6,355,354
train,0x594b1b426a2522db478c07f8cf1c73597d82dbc5,348,347
train,0x594dd662b580ca58b1186af45551f34312e91e88,3768,3767
train,0x5956e9888791e86baca2df137eb697156a2aa605,847,846
train,0x5957b11e1c49ba92890a155f8fee9028462e17f0,957,956
train,0x596964ac32f690d34cac020545a63754251abacd,1127,1126
train,0x596b4cd48e684042947686759a7791cef82b969d,1306,1305
train,0x59728bf28f4c8137e211efa21e055b603f6a16c1,364,363
train,0x59820c019d9eff4152354a575eaddb5b8b2c8dda,128,127
train,0x59820f462f94da72f2c4a3c33dbab92b30ceae1e,911,910
train,0x5983f1eB0508190e821E380A8Ed273725f5d927C,1413,1412
train,0x598697ca1a65772b85dc1cdb34cb6af015d60244,350,349
train,0x5993b7cc235ffa42693bd7f6429a375e504ecb22,1175,1174
train,0x599a4b8188676224d4c9b393b947e332b60b15e3,478,477
train,0x59a3b625ee9f31dbc9a5f45b63047237d4c87d46,223,222
train,0x59AFE2580BbDd2a2528CEC86ea00F990DDD793C7,1547,1546
train,0x59b35d71102d143fded3326a37a8d77b78bb5fc6,399,398
train,0x59baf65547d0ead60168ac116be82d6d296ac6a9,664,663
train,0x59bcded9c87ce46ec97c13640bfc0390ceb00e99,725,724
train,0x59c22292f7a1c6fa4fe8b2f5794e72903521b085,1030,1029
train,0x59c48b9ea261181893de2951249362b896559b5a,375,374
train,0x59dfd53a5279df812ea29d78c5c3160a82a22351,769,768
train,0x59FbA9d2C185A872e8137285301D3d29babdF4e3,717,716
train,0x5a00d3dd61b7ca41d60113de51d2304c9162adcb,2623,2622
train,0x5a109163996ee56d88e7ce6e9579a45eddea036e,153,152
train,0x5a13caa82851342e14cd2ad0257707cddb8a31b7,6198,6197
train,0x5a22c6597a71ed1510177ac9d9cf900a283b6197,21,20
train,0x5a2a454675c1b659caa58b5675ee759b992b84b1,1448,1447
train,0x5a30b9d5df526e3ff1517497a8fae401fb28a712,636,635
train,0x5a353355d259d67835d555d7950dbe96d9839f97,908,907
train,0x5a36e5a750d0ba0b3b2c7d6c83c1bc0f90fbed0a,916,915
train,0x5a5b5018f1423bdaeb281144412f763a379806c6,640,639
train,0x5a61c9b4302072758cd43eaa3909759d323f6c69,346,345
train,0x5a82de3515fc4a4db9ba9e869f269a1e85300092,689,688
train,0x5a84b5f02c9a5783ddb8a67eeb9c9477711add87,278,277
train,0x5a8e329b223fbab183e09fd33c44b6da4f436bbd,1327,1326
train,0x5a8ffa5f2ce95b3a397bda16ad84781b6fde4f8b,1441,1440
train,0x5a9bf6badcd24fe0d58e1087290c2fe2c728736a,416,415
train,0x5aa24fb102c6b7b13ba353922746223348a4a8b3,1821,1820
train,0x5aa7ec82de098d957699d78a2515610707e89231,957,956
train,0x5aA88d2901C68fdA244f1D0584400368d2C8e739,74,73
train,0x5aaA2de6800b0B4D785aCE7C2af65342DAB221a1,1990,1989
train,0x5aad8436ec6320E846084aa4e6E6231387E8950a,1268,1267
train,0x5ab14c104ba2771fd2a6ec6f616da1ad41d5b8a7,804,803
train,0x5ab39784b7ab27692dc2748dadfaefe314a712e5,350,349
train,0x5Ab5ddED8C5C384015C8f3A27D59Bf71B952a3A4,239,238
train,0x5ab63263075c05afae67930dd911c513305d8630,480,479
train,0x5ab70ade9d30869bdbdc9f9eb71caf3853abb9d1,350,349
train,0x5ABb8dDA439BECBd9585D1894Bd96Fd702400fA2,79,78
train,0x5abbe7b5e08b812f42238b367d1cc51c2555de56,1048,1047
train,0x5ac0197c944c961f58bb02f3d0df58a74fdc15b6,775,774
train,0x5aceb3732891236fa650f6ac0fc54ad6a62721d7,479,478
train,0x5acf52a0e0478c7cab146c4d9c8d1932fa79a73b,350,349
train,0x5AD02e427Db5257169dD8e8997DC335cBA2fE65c,794,793
train,0x5adce2c8e78ca9102af302eab5937f7cefb0a266,143,142
train,0x5aeb706c39a76c31fa89bf726de1a6f7d6bc1a51,1249,1248
train,0x5af06b1e10b072ddf1436615cf686f97ec0f78e1,543,542
train,0x5af90794590e60f6dfeaae768f43b2104f39263d,532,531
train,0x5AfAE3243D6b6B76E1aB483F68E01F2fb55ff425,1547,1546
train,0x5afeda7e32c61b80c25f78ac7f6cfb5de613b509,1055,1054
train,0x5b0462bb50a0c4b051e26a01689f45f6ed0ffaab,118,117
train,0x5b09a0371c1da44a8e24d36bf5deb1141a84d875,530,529
train,0x5b0cf947B24434d116373677e1c41145Fa4DACB5,224,223
train,0x5b2a0ba66653b38c41c3af69a30af013b9e47f4d,752,751
train,0x5b36208992284CEFA4de83F2Fb34B33D1A75d4B7,1972,1971
train,0x5b43d6ac79bc4b89ca1f9cfd5b76f7355aae2781,350,349
train,0x5b476974576e4af43a0df1bba8c2fd43ceb31da2,4177,4176
train,0x5b4bc61c5231312a7bc380eb2dd6c67e03c98b39,350,349
train,0x5b5439c49847f4481c0411d3e416db912f3b605f,603,602
train,0x5b5750f5a140f4780ef59e33597e073d4a8d3adb,728,727
train,0x5B5BFD08A735B614322Bf4D02fFe9972A6dB7C29,350,349
train,0x5B7093Fe2491DFB058c94BcD62A1CD4D822F884C,750,749
train,0x5b75ae0aaabf6f261a97d2583885c4aef7743373,399,398
train,0x5b7821baebcc7e1fa8eadd1220d3bbc02e9b28a3,353,352
train,0x5b7a5c531159e94f608d2eaa3c6616c505918d2c,404,403
train,0x5b8c5c4835b2b5daef18079389fdaefe9f7a6063,454,453
train,0x5b8d43ffde4a2982b9a5387cdf21d54ead64ac8d,2260,2259
train,0x5B9e55ADAfebc7c5246A17d2fe952A2d72A1c099,3339,3338
train,0x5b9e8728e316bbeb692d22daaab74f6cbf2c4691,654,653
train,0x5ba12fa4941988e0ce19e0bbb11907ced19d3f0b,1536,1535
train,0x5bafcac10ee06a7a0e6227f896aa5352f947a39e,359,358
train,0x5bb52e85c21ca3df3c71da6d03be19cff89e7cf9,186,185
train,0x5bbe14b0dc0423a2594e3b4ac87ed217c4413a6e,350,349
train,0x5bc6a25063a8641ba95546ddbac3180791fc3ba0,544,543
train,0x5bdf79f1e7431edb75537d23d3b404ef86f44316,532,531
train,0x5be015eb0be828742b1e9ff9f784ea51e540b6e8,815,814
train,0x5beeC0Cf71d30ED317979917896C677f3701A1c6,420,419
train,0x5bfd517c7b03e889204e0cf48f1cf94d067524ea,673,672
train,0x5c0b958f75123557712380480b4c99eddd04958f,553,552
train,0x5C19285318BE27Fb0120CF519519d7f05ABB833C,1547,1546
train,0x5c25bab9b4ab4c6ede1d7092f2f1bf92287d10bc,350,349
train,0x5c2978a171033a19c1a455c84875f3609dab0a7e,1558,1557
train,0x5c2C871E560Cf6BcacCc04CA9b78e6520372bD8D,530,529
train,0x5c430fa24f782cf8156ca97208c42127b17b0494,1893,1892
train,0x5c4a7fe7b47007da7cb5a7d25cc9084755b49000,3114,3113
train,0x5c508f6bdcde0c809a28fa58e61e280500da4677,236,235
train,0x5c50b52100d0e3601f39fd8bfb6095bbd2813686,353,352
train,0x5c6183d10A00CD747a6Dbb5F658aD514383e9419,387,386
train,0x5c70008427a2b2a07702ab59bf191439f652e4ec,458,457
train,0x5c757f693aa2e4aff5664e23a6b0c06a0bb3727a,361,360
train,0x5c790caf8d45cf339362a78fc56ba9e3cf2aa6a0,656,655
train,0x5c84c9dd997e16578e62c9f7557e708db05c1076,262,261
train,0x5c8951C94b059900D05b10D592b44C78574196c5,1170,1169
train,0x5c927cb7352010e03e0262142796eec015c6e71c,673,672
train,0x5c9362bea20046bbc2f6e73e264b91e067e17693,2344,2343
train,0x5c96dcb50aa675c712a2378e3ac1c901aadb427a,222,221
train,0x5c9f880757f678f72ea1055436ba4513e0c436cc,350,349
train,0x5ca5c12893A50Cf2561C218f9d44825c0083DaB6,799,798
train,0x5ca7099611020d9234c7191c7b066779128e715c,736,735
train,0x5cAa6488f965F2F520C5a70f15019952C6e3C1fC,339,338
train,0x5caae332dd0a17827052de681f6f2155e00394f0,1302,1301
train,0x5CB92b06Ca0226E0a2C5fc8ee23e9cC66B1a4e11,1495,1494
train,0x5cc26eed3ae35db1ab37ce53aae8838a202b75cd,442,441
train,0x5cc4a441e43d11d27747aba48efed848de412d28,281,280
train,0x5cc6940d930001b1e1d29725cbfd68afe479e968,1478,1477
train,0x5ccbba98869018d8f1f87402dc78fef763c85b89,274,273
train,0x5ce146bd472fc026d227731282ec095597ac26a3,350,349
train,0x5ce8e61f28f5948de4913bcaada90039481f1f53,613,612
train,0x5cf317a5b29508e3ae99feb5d9fa27ff63cbf6fa,700,699
train,0x5cf3da4d17b83b07a73fe6b706e9d394113052cf,467,466
train,0x5cf4a369d58d701059414dd6b3b72145214129d3,186,185
train,0x5d0e1a73ec9f0c5c13d43f8315674855ed2b3d4e,654,653
train,0x5d0fe1fbaed92e33877acc95b1b9272ebf50ec7e,350,349
train,0x5d1f5Db1AE19575d261b40cd6a60f049FB4c3678,284,283
train,0x5d1f6e8143065f47723ea4cebf53f2ed24c003c6,597,596
train,0x5d268508179db4da44de9057792758bff280e3ed,263,262
train,0x5d315fb1c83e2cc81b76aadd6fcf3a06966d3376,1733,1732
train,0x5d39fcebe89ab0397947881539fd6dc7d99c6a87,407,406
train,0x5d5194e9aa451d36ec4faa62609d18e1ed6765a4,44,43
train,0x5d65d971895edc438f465c17db6992698a52318d,843,842
train,0x5d667e4a79abaa815c5701f39a4a5e101dbaf36b,1187,1186
train,0x5d66a6657bad3f4fa26f7546dd297d8393d8b7d7,447,446
train,0x5d67888188772Df8eD420E5Be43820c9D98A8ef5,203,202
train,0x5d818363b3f083d0262d5a213725636110e89f5d,421,420
train,0x5d8a20fd80dfa0417e09c10b8a4b224077948c25,399,398
train,0x5d951e9377ec3383808d842fb37182c1363ca34b,137,136
train,0x5d9a60dcd25966e49a7db368241e8766ca834d61,1842,1841
train,0x5d9a8392371fe33639b2ad1993357746b8e01113,453,452
train,0x5d9c4532ca1f598f42fb4d2cf7cf26a1d54f1dc6,524,523
train,0x5da6f5621c6f5c8b8f09e2a6d62a9ed544cbe37c,739,738
train,0x5dbe296f97b23c4a6aa6183d73e574d02ba5c719,614,613
train,0x5dd03e3965806ed6be628f41d6844eeaa01f7f8d,308,307
train,0x5dd67e19d9a8db52c0e90f2439d8c8c2a4854559,364,363
train,0x5ddab66da218fb05dfeda07f1afc4ea0738ee234,458,457
train,0x5ddf3e8cfaa2b1cc1f49a57f78b6c4a982757849,500,499
train,0x5de2818a8aaedf7cea537bb73b1390ae1cb81335,306,305
train,0x5de3e294ca2a0aba67df4610015d8e21cb8c8987,1358,1357
train,0x5de961c448d0745c32839c8d9cf479e61f101076,448,447
train,0x5df5a712cc10512e64c0cd7ba375d5a28ac9b378,216,215
train,0x5df9b36adc69dfaeeff71efa2f5e1e44e4b3c9c4,350,349
train,0x5dff4aaf908d4c800bb61027a0aa1452d446a6d9,1484,1483
train,0x5e05456f4616db37e8d12b27e302847609d99b63,350,349
train,0x5e0c6a4168be7d01798cc36aee371aeb0e4f9a13,523,522
train,0x5e0D4C7713914d17989Ff5Bcdfa5583dD714e65F,617,616
train,0x5e167c121042414a02e5de80d1f6706320f07742,1019,1018
train,0x5e21dd5ae3074d36db940bd4e0290fbba6b34cb3,1200,1199
train,0x5e3741d9faa0f62660bdecdd3ac43c97c83a9881,433,432
train,0x5e39a5d846dfda5c66538ce9ed6043e42089eb0a,1433,1432
train,0x5e49ec3fbd55e7b86a5a5b1a32c73aa44b42b4af,211,210
train,0x5e569e1ecd56fe30dd97ee233ec1675b60fb6680,490,489
train,0x5e5e8d48b42686de57a1448ea02db5e40fc0f732,3719,3718
train,0x5e6016ae7d7c49d347dcf834860b9f3ee282812b,784,783
train,0x5e64e1265ab191e5bb94319c6e31bc18280155d7,259,258
train,0x5e86aab3e44acaf801b3358f8870c37e12a716c2,530,529
train,0x5e93e6f1f19cd0977ceff3b5e6fa318f631c9c86,350,349
train,0x5E9483Af5aF106625ABB08dE51E0d3037d04c3E0,1283,1282
train,0x5e954deb1ec021c93a2a484e32e741f233ef6c02,712,711
train,0x5e97a458f3d5794d3145cb863c93658a04cee75c,434,433
train,0x5e99ff20c437adbb0f503f0b33ba8aa0f9661a9d,977,976
train,0x5e9c58aaed30f2ece3d2baf7814be9dc4425a6d9,970,969
train,0x5ea401aa37d0d2f2bbe2eb3df3a78d986ee95d50,759,758
train,0x5eaa84b84773483ed0a2cf3cedee8fd89a11ef21,319,318
train,0x5ecf22fd1c54f4c01df5da427929c14a1090815f,1328,1327
train,0x5Ee430FD04Cae74Dd2717C76652e3766Adb46059,424,423
train,0x5ee9bc8a2b2baa393706ba3f3268135663a626a1,713,712
train,0x5eec85dc63dd62bdb492ac1012b71201396945d0,994,993
train,0x5EF7D6bCF0Ff2fee823883841a246aB84ffce8A0,865,864
train,0x5efd829c74b90cfc740e3bf1f8cfafb4e2d4c80a,687,686
train,0x5f04f4ff4dee64d0a8461efe4c6a463213f5cd20,647,646
train,0x5f1256C7261939Ba5d5cA6d9A0f08BBBe6E1c3fB,1919,1918
train,0x5f2ec9cf1ec1c0e2c880b6584921e812a4225395,350,349
train,0x5f3789907b35DCe5605b00C0bE0a7eCDBFa8A841,861,860
train,0x5f4fde3b07db9c6528b665957959f023b77878e1,350,349
train,0x5f573cde69abf5f945998ebb720c052eaed3d773,1676,1675
train,0x5F586681E6AAf49b43bC8808B65c4f566249De35,983,982
train,0x5f59f4828d5d3501f1ce87539589436f1023a617,630,629
train,0x5F62b254DE3F177263E7e8Ea6A613a62FD749067,1413,1412
train,0x5f68698245e8c8949450e68b8bd8acef37faae7d,1853,1852
train,0x5f6e8ae5036be21cb17285f0e7f2b8d51e0b24ee,350,349
train,0x5f70EfE40C4f1d6981AA71Fe2f670ef2755cFdfe,3339,3338
train,0x5f9605823c32a09bfaeb7e744784705f4b7e2f59,1699,1698
train,0x5f9b61e7d7a7da4f8cd5f5c91eb935993e2d01ef,1880,1879
train,0x5f9fd33cd5e927b0f77a4dd4eede3671a15fb522,361,360
train,0x5fa1ea99eb3acc1f9e84cf28fde6431b8fdc9dc0,1168,1167
train,0x5fa9bfb614bfcdce2c1138062a559fe8b3a7ead5,936,935
train,0x5fb05fffe4be327ab88dacd6ee61e60ddc8958ae,350,349
train,0x5fbb459c49bb06083c33109fa4f14810ec2cf358,328,327
train,0x5fbc020c3ee08c1a6909b2927e7dcab3afce8dea,4925,4924
train,0x5FC15bE6890D2D5d5Efe293BF916f3e25fe173a4,350,349
train,0x5fc516dadc9f55cf40a415bab5ae56202ed68396,555,554
train,0x5fc5e27d5f22e609d80fd4b5df02740f73c57fe4,1189,1188
train,0x5fc631ff1f5bb76b3789c59b279bd33d72f9d3a6,623,622
train,0x5fc6de61258e63706543bb57619b99cc0e5a5a1f,636,635
train,0x5fcf7d4634f385a90cb790ab2a7632b252bbbc08,1075,1074
train,0x5fd898ee851cd3be05cc5287041279b65212579d,748,747
train,0x5fdca7a3d3ec979dd5b2bfec2ecc6ad0fb0a87bb,915,914
train,0x5fe3342c5be7bece5318977c76ef7382323917b7,2505,2504
train,0x5fe4b212422fa42448c84e8a996f8a46f17cef0d,489,488
train,0x5ffa69e5df1c0a24c58ee8789e3acffd6f8a6511,459,458
train,0x600ad7b57f3e6aeee53acb8704a5ed50b60cacd6,978,977
train,0x601ebfbbac3c7d2e80c41532891e903d3c1ed6b9,925,924
train,0x60200c0fefc1d0ade1e19a247b703cf3ccdc915a,350,349
train,0x603195f8907bd2a516dbca038e0943017b6859c2,530,529
train,0x60366bcc5257c8688c62e637169038e3530536f8,1025,1024
train,0x6044b34a29e96f542f96f103c996864D0a812238,1717,1716
train,0x604e244d5157c3ae734642364ace6c633fb1f278,659,658
train,0x60538f00263cc5ad2e02b7834aadf9bdd9f42831,729,728
train,0x60626305EEC1477bab0b7a8dBd6036CF23d00494,396,395
train,0x6067f3fe6e565f515c2c43b84582e1acc618c521,957,956
train,0x606a24aa75860a817cb5f2db859158ca4866edaf,1066,1065
train,0x607F4C5BB672230e8672085532f7e901544a7375,633,632
train,0x6085df4802721d24e39f69721b294a831cb2bd10,229,228
train,0x6088a529b22cc225f0780a5b29b09d34017f6c39,455,454
train,0x608d00b5e4ad0b4108f74163606ea22c457833fe,771,770
train,0x60a76ea79eBC7264F2897EE7FE4f33F31ef25A74,42,41
train,0x60b1bfaa999ab532df3ab804b43ed549a8636501,433,432
train,0x60b5ae3b8247f00276539c6f3ea6cba5785242a0,355,354
train,0x60ba8afcbc08255813e97433d2d98312b2d09c97,662,661
train,0x60c3dec97ceec639a83a5729835b577684287369,962,961
train,0x60c3e51706e32aa62023f888d97b6528bc910543,275,274
train,0x60c68a87be1e8a84144b543aacfa77199cd3d024,905,904
train,0x60cb4f37bacb0629a76288c3091e1af26c15ee6e,524,523
train,0x60cd862c9c687a9de49aecdc3a99b74a4fc54ab6,1266,1265
train,0x60d27714f09225a8128a7911cf2534803371fd50,113,112
train,0x60e6b603b34b39ed22e95c10f360afde8a88d1e9,508,507
train,0x60e79c69080d921f44594fb3c2b723b7dd5d3c00,569,568
train,0x60f37f3a9b2f14a684397309cb3b20c628fee43b,358,357
train,0x60fdc32553d9ee170e9baaf541e34d6a20027882,509,508
train,0x60ff4f781c7fabeca2ffae6c103c61ae79ccddc2,1469,1468
train,0x6109907dc5e78b1acb35fe66d0a21021b96a5f14,99,98
train,0x611171923b84185e9328827cfaae6630481ecc7a,1032,1031
train,0x6114c567e210da0eac7ef287e86f68a9e2540e6e,254,253
train,0x611fD421087B18029cc011e91639c18D748A6D71,466,465
train,0x61245b6a6678f3158a37ab2c5e52369b9f452318,590,589
train,0x61295d07be235619b4963368779737e14be27b3a,527,526
train,0x612fc8ede4000c51d31f1dcdac85b1407724275d,478,477
train,0x61334f8aaaaf774ffc10efc3fdd1a2680f1d35b7,544,543
train,0x613d0e9b91af3d0057fe376194580dd0048e91d4,546,545
train,0x61645fba94c7443f5c29577a20670128d573ab87,825,824
train,0x6164fdd00b116f723f92af4ee433aa4a8e2ea5de,1547,1546
train,0x6171c17ed30be5b63cff75c002fb98f7cf689d1f,392,391
train,0x617e14190bfd344a4e5022fe0ff3f80621702fbc,331,330
train,0x6183DD6d4418B3414c5b9e700c81A5e860a22397,768,767
train,0x618bb37e5644da4946f052c50d7819f95d327c8b,1751,1750
train,0x619de4f05fe07522de2bdcf2daeb1a23da8c0bb4,598,597
train,0x61bd471cc68c90306a7a75e13e4a11579064914c,56,55
train,0x61c0407487349e7c828d0c21d63bfd0ac6640ab5,144,143
train,0x61c13b7c5ccd3d1b97f8687d1e7778b28115ad5a,523,522
train,0x61c1a8a9524044f4d2fa3cb51eaa166e2aa59f3a,8482,8481
train,0x61CCA6c941c6629df67439694889C2d1877a17Eb,277,276
train,0x61d0407edb149dc453c47fe31139fae9c1472da6,451,450
train,0x61d4fd654fbacf4f908530dc4c11511de45564ed,216,215
train,0x61dc161B06088b9cbaaD53391134929A83D1EB7A,609,608
train,0x61dc347d7fA0f6e34c3112fAF83a2e468D681F68,78,77
train,0x61e65C9B566071583bc6D0376C325695039cb471,3373,3372
train,0x61f30fd17eb78e9d65bac0ad0ac79f6e9aa51594,1129,1128
train,0x61f33Da40594cEc1E3Dc900FaF99F861D01e2e7D,696,695
train,0x61f9d1ce56ac1623fed4e949d7d420251fef0896,971,970
train,0x62087245087125d3DB5B9A3D713d78E7BBc31e54,495,494
train,0x6208D92f729b81Ae203d320AD9a1bcAE865dDe9f,350,349
train,0x620da804143803c72b78a7b419552f9a2bab9877,359,358
train,0x6211fb03622acdfa7ab474b7033c2ffb4d08960e,350,349
train,0x62135173513ebca9e07370171f7cde40cc32f9ea,925,924
train,0x62191e09fa1f0ebcad7e10dab011c2393d7315aa,409,408
train,0x621ad3562f5141c4a0e7cad958b8b524d356332b,929,928
train,0x6221Bb984591D60A15132b0Ce2c71b0599Fa0F08,549,548
train,0x6228c94f5960562b77d373a338aa737a0dc8315f,869,868
train,0x622CD54dEb2bB7A051515192417109bcF3fe098f,348,347
train,0x622dFfCc4e83C64ba959530A5a5580687a57581b,2764,2763
train,0x622ed7ab4574a16399780f612bfee3ec10f54f7a,353,352
train,0x6238f8b237d81e0a37d32c5765008b51338a5d3d,165,164
train,0x62451d37ca2ec1f0499996bc3c7e2baf258e9729,731,730
train,0x6248211b830ce0191c7643b19f5ddb059e018672,384,383
train,0x62533b2690b8b786c5ada34534570acb88bdf997,399,398
train,0x625615dcb1b33c4c5f28f48609e46b0727cfb451,1045,1044
train,0x625cc23684c6d5fc21a64b338d310e2e72e73b3b,237,236
train,0x625f220be6440c14f3481072f1cbe9a83a58ec75,175,174
train,0x6260f78a41168fd1edb81dd6f00c4945ac884cfc,1480,1479
train,0x62622ed6987616d2d1c6f7e002ba8f127b38b15c,440,439
train,0x627285200c02068e3a1a8ded8541f37b1200701f,1098,1097
train,0x6278ae7b2954ba53925ea940165214da30afa261,422,421
train,0x6290a4c43d767e9501ee25c71040cba49a6ed24d,350,349
train,0x6291089eef5395434a12016bab9796d69f5ae9d9,353,352
train,0x6292cec07c345c6c6953e9166324f58db6d9f814,664,663
train,0x629888c58666481b32576a7022c488d0b19af90e,350,349
train,0x629aee55ed49581c33ab27f9403f7992a289ffd5,1556,1555
train,0x62a03c868c959386b2df7f266e79bc711fb92398,461,460
train,0x62b46ad2e8a203fe8c04b6f97f5006e1a53e9b15,138,137
train,0x62caf75a67252f7be236a7335fed1410c7434b7f,1580,1579
train,0x62cd07d414ec50b68c7ecaa863a23d344f2d062f,350,349
train,0x62cD1a710FE058738662C4090D971DA1676687bD,3403,3402
train,0x62d5c4a317b93085697cfb1c775be4398df0678c,132,131
train,0x62DfFBD49f35CB53868d091310cD4D0336b7C98b,407,406
train,0x62e66080900fe39cd52bf5c0f8385b1339bedae5,477,476
train,0x62eA4DEd70ACBd1bB9af54cc87f9141835E90894,966,965
train,0x62F0646eFB09c28518E787D0C7675D04013dB44f,1990,1989
train,0x62f1A9b456973157ccB0D4072016B99831Fc5C04,604,603
train,0x62f9f2fa64b57e7c9f5ec0a8b0c4d63075aae5fe,350,349
train,0x62fbd493bdadb8001bd865088de963f96d255c60,547,546
train,0x62fe44f0911e87c16eb1eae49413afec058e78a2,622,621
train,0x630decb05f8bbee21b5cd3aa41a55699e8ae0b15,1021,1020
train,0x630f3e84dccd7390af25ad58f680e61593dd1da0,361,360
train,0x6310ee0a08dc01a9b1acd077cb1d9bd17e55a081,2716,2715
train,0x631a4ae8642636c69446b79b1ab2a6dd2add1d92,682,681
train,0x631b4cea5064e2577cdb73c37ed2de00c30ee14a,410,409
train,0x631d139a4e21c20dd75722ec7428315ce186ffd5,3875,3874
train,0x632563df1aba8caff260de9902e7da58ff6c8179,621,620
train,0x6325cff224c4947fd7b4e2e2d29e1a2a5e3fc80f,1377,1376
train,0x632a224FD49e3e4C2AAB5d63c57B772EeE807e68,910,909
train,0x632a9DC767860d3bA86F2aC6575bAC51402B9Afa,544,543
train,0x632ad54cdf22cf06e2161ea96a04858e97258496,5960,5959
train,0x6332e805ec892ae6ba2c97e50736051fe46fd475,603,602
train,0x63338bb37bc3a0d55d2e9505f11e56c613b51494,58,57
train,0x6352b68ac998da593bfe68f17605085dc4e86b77,516,515
train,0x635783f8dc5e941fc142235ea44cc3529c17695d,611,610
train,0x635a47a32f02c6ddf6fc623132429eeebd70a2a8,1984,1983
train,0x635e3225a76768ccdcf8894d734aec921db55259,436,435
train,0x6363178ca9f101ec978a9a1ffc1301385ff2aa97,350,349
train,0x636740e327726fa05f720b10ec2d71e0cd4ae2a4,516,515
train,0x636991bf69febcdd9eb1a58e11021d33d40c5660,1121,1120
train,0x6369e56e1b8499a62d8632bae7becb9f437eef98,848,847
train,0x638dB321775E03cf4c29207E0Bb228BbAFb76460,1312,1311
train,0x63a9783e08bd93d301710367d3c2eb6e72cf6c71,350,349
train,0x63c0f17c1f72e1315e3d4f8a89a37d95f1314793,361,360
train,0x63cfb4af5a19ed135a21e000f1a8950c0ccd2def,551,550
train,0x63d3cda2ebf391f633e96534e7bd6aa60f305c23,617,616
train,0x63e07355131D163a3Dc59Ec643a5091b3F1a35ee,914,913
train,0x63e634330a20150dbb61b15648bc73855d6ccf07,1455,1454
train,0x63f134b1cb7f8f39ce3d8e508be443bd40323125,753,752
train,0x63f28b9f453d66d9d15a124d05399a8120725be3,1169,1168
train,0x6416704a47bb0ca8d004649314ac85e8bdfa9263,2125,2124
train,0x641d12639c3d1841be0236e0833d7a3f91a84ab6,621,620
train,0x641eb0320e137c754b00a0840e81fc8820a07940,512,511
train,0x642f3f2c16fc5f7072262660c8d642ef7390d884,544,543
train,0x64386613c1abc7a2ce3c00765f505c025d10b8b1,2535,2534
train,0x64463ba0ed340981836f99f913835d19a42c2e12,350,349
train,0x644a8775b0b515522f2b433b4727ead12279a545,276,275
train,0x645170008170d601ff71b7dfc8cf871b4f7c2bbe,272,271
train,0x6455219b188ea785f54aba960803af3434df6eda,294,293
train,0x6456e0e49bf6318e417cf8f1c86508eec70f66da,711,710
train,0x6459fe2c8d7c26c0011772310d8ca0f570f1d667,177,176
train,0x645B5d6CdC4e577619d6a77352c34c7774b185F6,971,970
train,0x645fc4154bf926617d68dee49b06a1b059b3948e,350,349
train,0x6465093bfb90264dfd2640845c7b628f77e94b87,291,290
train,0x64669148BCA4F3D1216127A46380a67b37BBf63e,102,101
train,0x646cec6ee42d258336165cbbd5deb4af14f0f476,715,714
train,0x646dA308Ba60102BB2E746B7d86dacFd3A71209c,813,812
train,0x64734d2fedcd1a208375b5ea6dc14f4482b47d52,565,564
train,0x6478f910014f9308bd3a7c0960e14d44e0aa0162,349,348
train,0x647972c6a5bd977db85dc364d18cc05d3db70378,308,307
train,0x647ba6e3c85733e2d8e8e571d06f43e5b5f052a3,182,181
train,0x647f274b3a7248d6cf51b35f08e7e7fd6edfb271,350,349
train,0x6484f2d499091a0f6e1a2aaeeb9cf830846d3cd8,1245,1244
train,0x648dac4dd671e11ac55a75e361b1a5a556c0398d,43,42
train,0x649157d663c3444600c6695c4fb8f56d9984aaac,160,159
train,0x64a7F6E31224d9f0a27D4b7470c77144C4aC31A4,291,290
train,0x64abd25c4fa5a18abf9f2992352d9f73341aabd8,611,610
train,0x64b54f3E5D36Fd96E7D43bF63920aC7332765405,189,188
train,0x64b91ccc04b71c89d38124d1e3b412f8f917be2f,183,182
train,0x64c6000e088bfe297cb7c8a1fcaf01c440153cb9,1246,1245
train,0x64e988ae0735c948d1269f87981c619ed5cf72e3,172,171
train,0x64edfafd34d1ff0866449413eb0bf5794f8bc8d1,350,349
train,0x64f09bc2909a4b9402d71f33a3f16eeaaed23823,399,398
train,0x64f4ab7fd6fdd98783768c36fd01a13c8a60f045,308,307
train,0x64fd65e594cac4a59da0cfa4924df899d83bf758,399,398
train,0x65174ea72a85bcbb562b37749b998f08037bc123,102,101
train,0x6519af44237b17f67f8915666daf96f21dfcb0b4,416,415
train,0x651a0320a91272c19bb39af6ed409589761ddd4a,2142,2141
train,0x651f8e09d0cb5cf823e2bfe91b97cbde714756d2,249,248
train,0x65292eeadf1426cd2df1c4793a3d7519f253913b,548,547
train,0x6530a7731c02bdc1bc2237ebf4c1a91fe6cd89aa,352,351
train,0x6531f133e6deebe7f2dce5a0441aa7ef330b4e53,2212,2211
train,0x65391a542942510b10c1689d874b62620de28d3e,472,471
train,0x6545faca22bc81999cfc0687d4ca82c14f139675,350,349
train,0x6546e21a148d6ffffee6bef916949f2efdae36aa,452,451
train,0x654f8afdb7dc9e74bf58f0ff32be7f448164eb54,214,213
train,0x6561fe4825007c85ad1517df7a79c83cc9f10c65,350,349
train,0x657881910de9ae349f44e7a727146e327c9295e1,497,496
train,0x658aae60865b3438205f073d58d0a34a6ea05573,183,182
train,0x659536686a178ec5883555761c73aeaa9ef8abc4,3471,3470
train,0x659e51a74fd86f9b63dff638b5a91b09e3b96e1e,828,827
train,0x65a7058f077086750731e3b26419d97527ae6deb,912,911
train,0x65a9bc21b3150ffbcf3bb0e650c13ae0ed7280d1,1810,1809
train,0x65ba2b92faee7e5786c5edd6142b4a74e55330b2,385,384
train,0x65be44c747988fbf606207698c944df4442efe19,364,363
train,0x65c440683088134aef7af22f3fad6a9ee5c19fed,23,22
train,0x65C52Ae9b15dD6F30902E9f8164C91E912EE2Be3,241,240
train,0x65c8eb2ece64a686f7e990ce2e1cadf498156388,654,653
train,0x65c9b5f1578f2a6e19d29b5ed31d259b95ca20c1,342,341
train,0x65dBc8988557CE4260e84a467990a075115be771,1265,1264
train,0x65e151d4e56261b4672bdebd76d7045030b38292,932,931
train,0x65e1caeb034b41e7c96b3a533cdf628ba08aa546,463,462
train,0x65f38d730da1f6a9cc1c3dfbdc5c4d0f3ef7c805,410,409
train,0x660FCB0834B1293117D472D65186534ACF75AF4f,281,280
train,0x66105e698aeb55dc0aec74a142958bef00430240,1487,1486
train,0x6610bd0d5c9419740357044a9e33bfd401e8e33a,350,349
train,0x66186008C1050627F979d464eABb258860563dbE,347,346
train,0x66416D0f07b0CF1CD423b001f181E511F94689c8,880,879
train,0x664e6db4044f23c95de63ec299aaa9b39c59328d,893,892
train,0x6651562d6251953dbee83d80c4014eb3f4c00f55,1273,1272
train,0x665bf627d45f72e96c48b1e9c2d26155745fc6d3,174,173
train,0x6667bef19002aed8adc5f8e2d544c0707473b999,922,921
train,0x6669c10955f8f3a64025ae9793b9a92e777d628d,426,425
train,0x666b35005cba52675efe34642e01e2fba8332fac,314,313
train,0x667102bd3413bfeaa3dffb48fa8288819e480a88,350,349
train,0x66803a2fc3bf02ad16809637756a68586276be16,350,349
train,0x66980DbFF5476f2D09A9330821E8f6B2572C4B1a,334,333
train,0x6699c29c4d747f0cd65ff841bb01ef45ec729eae,533,532
train,0x66a8cc4cddd86a3d6ac34f553dd250983fee3fd4,455,454
train,0x66b11115e070269d65400ea359a72d643804cc2f,619,618
train,0x66b1e7e51a441f41a0584820a629ba36fd2e2dda,791,790
train,0x66badb3552255d7ecae69c666e2ac1e718807245,399,398
train,0x66bd47f0a926465473051687a263b7c19f20d9ea,553,552
train,0x66bf425100421454793c3f8892a635b4c595f8c9,1166,1165
train,0x66d41949efbbca83362b4e204299a729af650e2d,672,671
train,0x66d57f44c71aE20E584A946fE99BFa62787739d2,361,360
train,0x66d725e68a6bc01b6e59d7921994144e5de02f88,510,509
train,0x66df48ba23c5e6cd5deb75f91bcc99030e2bf115,350,349
train,0x66fd97a78d8854fec445cd1c80a07896b0b4851f,613,612
train,0x67001700b122b44012de9cf7d7fa3338fe9265b3,24,23
train,0x670e6e1719939905bbdfbfc41cf867636c4e16df,350,349
train,0x67119bbdc1683df2ad85ccea4304619f5d62e000,7343,7342
train,0x671abbe5ce652491985342e85428eb1b07bc6c64,410,409
train,0x6731560e455537c9f088ea02a47a0ecfa28a9231,1439,1438
train,0x6732689d2bee423b6a430874abfc85622c5ef50f,378,377
train,0x673293819e6d2d6fe4cb111de87c1389a2d9d796,350,349
train,0x67354c70be127082c5b520086a74c980cf9335f0,42,41
train,0x6736c0a2f0b3cbbb6ab7a59988356f96a6b47835,685,684
train,0x673f0dec1416803a39d50760c697fb26f4c539b0,278,277
train,0x6745dde69632ea1820ad6781d0a49b9670472837,1520,1519
train,0x6745fab6801e376cd24f03572b9c9b0d4edddccf,748,747
train,0x674fc83f67B9668859A1d7882DFDbc384421C506,44,43
train,0x6750c97aa8a1b388ed560a06aefd64d457455ba7,837,836
train,0x6753f465c10534cc2f2905ab3ad2468d43357d82,442,441
train,0x6754e21b9EAa053c62d7854dD6561ae451B0cBCf,939,938
train,0x6755917a7b65c806cfae0522674a17dec77a6285,350,349
train,0x675c807fe3cf4fcc51b5c739b4bb910b0009ccb1,340,339
train,0x6766495fa372acc076d4c854fbcfe099cebcbcae,350,349
train,0x67682915bdfe37a04edcb8888c0f162181e9f400,465,464
train,0x676abde481967851b0c28e81bde8561e756d75e8,132,131
train,0x678042580304a7f32dd03b027d90083818dc16a1,126,125
train,0x678105d3ea35a0465a2968b93f592c0775087694,537,536
train,0x678d0b382f2988d6c9654a143a5de4999cb58270,466,465
train,0x67968e26d9e254c497746ef6d59c195081a3247c,843,842
train,0x67b4044c61f8b982f20ff07fcb219a3d636b7137,350,349
train,0x67c9232f2f449f7acd4dd784cc1f20395af5baae,1282,1281
train,0x67ccdc29e59e1c65dee7283fa6c8b5bb4ce5cb8d,768,767
train,0x67ce771af21fd013faa48ac04d35aa1f20f9f7a6,647,646
train,0x67d061904e6e308c4e01b28b72d7fc15dd0d7dd6,123,122
train,0x67f237ba395cd763306504a61b5bc431567fb55f,544,543
train,0x67fdc2c4fe8718af73e8525863daba5298897cd9,350,349
train,0x68048BB2e2485794b9432a045715e5F970309a59,100,99
train,0x6805661283c64a79323d187f9d6b2ca4dae59fd0,43,42
train,0x681cf489650b01e83ce64236081b08f62b010d3e,350,349
train,0x68202b08b503a5d586f2b4380b5bf18e3cf8a8fb,107,106
train,0x68228f7a676c2817028f0d7bf183e94f8a77aa78,350,349
train,0x682d9c8e0efbb161a11591ed1b9c6ce3dde2cd57,636,635
train,0x682e6eba7ddd676346337fbd244d0b2b71dc0c13,350,349
train,0x68313dd3310a2cd88f58cce6c47fb283d2db70fa,526,525
train,0x683e3dfb9354f1a2e491ad23c57304b647f8d693,678,677
train,0x6846c829d6645590bc877674b98c465a26462143,2128,2127
train,0x68563d2a5fc58f88db8140a981170989f001b746,181,180
train,0x6856ab155e75efd2ff6afb3f45455d6c1b9a8b37,350,349
train,0x68623fdf159dbdb7d1547d3050821ce57448aa47,1482,1481
train,0x68662fae9167d1e3eb6fd0ed7c416826faa20b0c,646,645
train,0x687174f8c49ceb7729d925c3a961507ea4ac7b28,1490,1489
train,0x68756412fd30d04c821d7bb92336adae8bf51f79,344,343
train,0x688b71d1dcadda5055c390aa2cb9d04aba0677e6,342,341
train,0x68974bb47457c299b18eeb7093b5a8cb95ee073d,108,107
train,0x68c7147205a8beb9d99fd19908b93462cdffc60d,1523,1522
train,0x68c85d5aa3f6da0c5776ee7567d1e7e52724381b,350,349
train,0x68E2f9a46A802775d99D5421E466DD70e2bB4012,86,85
train,0x68e9872cc009179101b97a9533e5c16105e7fafb,701,700
train,0x68f739d1b2d3C9aBa9cA0496f6D246C15170EC4e,1596,1595
train,0x68fd0899fedeeee08b77c189d2f8ac38466ea216,5315,5314
train,0x68fd0ec88a200c926e0f8aef306af64b7cdb2c42,687,686
train,0x6904cfa3ebd1b845b1c3a6a141ebb18720a3f36d,2141,2140
train,0x690508422d576edb99d676320ea251036d164062,6841,6840
train,0x69098Aa2E9595bB33eb9584476D41bcf6002F1B1,1547,1546
train,0x69124a78daf152a4e16a912f820b7c2ccd158e50,393,392
train,0x6917f7a6e28c10f08b266c9c990e44f0a989e4f5,1935,1934
train,0x691982b11c381d6282161a1a3f0dec8bba681f59,506,505
train,0x693bb391F6E2cB3C9B8d6A261916C662f9c86A45,1023,1022
train,0x693c719cbe22bd9a184b065e27160994e630351c,544,543
train,0x693d0fe44aee808ef83eb87aea978ca6a5de1433,149,148
train,0x694404595e3075a942397f466aacd462ff1a7bd0,199,198
train,0x6956983f8b3ce173b4ab84361aa0ad52f38d936f,716,715
train,0x69569ec8ddf4dbd0a48a96bf7ab37e62cfe2c3ec,6013,6012
train,0x69570b7a8a27d197a8333f18eee7dba0947f2d6c,361,360
train,0x69583c6f3d60786e7fd4054c2d539771c36944c1,312,311
train,0x69644dad199c1973ae660ddbd86bfec1109c06a7,69,68
train,0x696D8598F645EAC74b2Ee3dF36af197da05FDE0D,606,605
train,0x69719c8c207036bdfc3632ccc24b290fb7240f4a,301,300
train,0x698d6d565583d9d03e349044c143b54eef6c0604,1741,1740
train,0x699191a2964c052f00ca33de9d80c3c4250d6d54,160,159
train,0x699e0f01c98621b11eb0facfc1e00a094cb395b4,1197,1196
train,0x69a8D2808C0fBf3Ccf7c8Dcb22773491e724AB4A,937,936
train,0x69acef48a54de9ac9b4aad2b97b4b2b5bef0ef06,361,360
train,0x69ae52c5b4afc652d853fcfebc374983738d6b48,606,605
train,0x69b5357d893fce82248e83ccd9b0871f5d5d9461,539,538
train,0x69beab403438253f13b6e92db91f7fb849258263,781,780
train,0x69bfbf000bd39444af2efba733829b04211252bc,88,87
train,0x69ca3b8e6e4573f8db96c1ebb61cb77e7124d1a4,210,209
train,0x69cc9be8e03a11fc0707666d5ce64508047de2b1,223,222
train,0x69cd4e1e2e1cec76eb7f3b1acdddaddcc6d60fc1,1261,1260
train,0x69d123842a90a56ebd4eda6e3628f5fd18dfef4c,122,121
train,0x69fda08cc89cb6c63f84bfe0b059b0c38038cec8,644,643
train,0x6a04f1b8cd341232b59c8bc70a102c45f6b29b38,981,980
train,0x6a0a97e47d15aad1d132a1ac79a480e3f2079063,1203,1202
train,0x6a0abbde66e54d4b22d71427076026089d2d6aa7,439,438
train,0x6a1286df6b19cd500080eca716c7b70d5872c97f,338,337
train,0x6a190eef45f589373a463afb3b90493e696c45e2,761,760
train,0x6a263a89b21a0c395a53220951f366234a19c497,793,792
train,0x6a275885a6f858634077ec018584412b1fd65887,504,503
train,0x6a27fff31951944e76ae9506663b8c5248943d3b,229,228
train,0x6a329e1c3f10ff293806b2998ff20331d7e9af4d,646,645
train,0x6a3cfb5aeefb9138a28b28f3852a8fee81216df3,1184,1183
train,0x6A3DCd2Ad3C693aA8CBc3e5bCB075b674209A033,6218,6217
train,0x6a47cdde561a27dffc6ebc70d368e2e10e9c468c,333,332
train,0x6a4813f0b2f1c8f3ce9da742305df1ff0ee4afc6,344,343
train,0x6a57883b5748bf3631ac2e0d43bf0d6f6cbcd16b,1076,1075
train,0x6a5a304d8b0675d74665a3162353b1f5440b23d1,523,522
train,0x6a5d6882c025054d5cb71ec6ff5f9d1685b392e5,361,360
train,0x6a6312ac6ac1502a1418f8317f1c289152494966,329,328
train,0x6a802a8bc6b0fa3ce5f5f46eebcfb4d4935c83f7,1174,1173
train,0x6A831Cfeb73cfec94513F73fe759071E803B60E0,713,712
train,0x6a85f717aaa16a9050858be9415eb213dfc1957a,706,705
train,0x6a8d7d37870CFC7aBf7a316412bab5ed9C3ABA34,1052,1051
train,0x6a995491c251aa7d280cf321170e6279dd563058,660,659
train,0x6aa03faa7856c5fb8671a174d742eedb46b12d66,546,545
train,0x6ab7b3236a7df8e6b28f2310199edd0b5c228c17,293,292
train,0x6aba1623ea906d1164cbb007e764ebde2514a2ba,341,340
train,0x6abef920138ba464c171fdff4cc6d9bf7f35f230,350,349
train,0x6accf0bf1a78d8eeeaf03171b68039c030adfde8,531,530
train,0x6ae17842e93dd8079070c6af2dfd759616fc54a6,296,295
train,0x6ae930630384c7a81308c03baa9bfa69c65bbf0b,524,523
train,0x6afd9628ef194f2365f6de9c8cee8938dfd936ed,949,948
train,0x6b0186208160a253adc782e5cb5ab9376e0ed205,613,612
train,0x6b06f4130f73c2f84259087d9279e6e763d3c531,350,349
train,0x6b133e8011821f600df8549dc8ad034fe32dc8cd,350,349
train,0x6b14c373c24556165002a00cba4174fd96fe28f0,371,370
train,0x6b17bfa6930e7490ebd2874cef490074708f36b9,455,454
train,0x6b24a17b69d60261b427e9e08837bc31230d8304,111,110
train,0x6b31d68c23c27f04d813aa1cb8ac436dc0432971,286,285
train,0x6b4d6666156a2921850527aa00e47047857159d2,705,704
train,0x6b529c5012522ea6565307dcc4c03e1154459b56,350,349
train,0x6b599a32fac9484dd79e45ba75cb180c4e5fdeaf,42,41
train,0x6B59Ea6d4f3a61c2BD1EFbdeeC3cb4620AAcfE07,361,360
train,0x6b609d9095d069c805650234ab67595b3a6ab934,2548,2547
train,0x6b6220677b93e8fc9dc3ffe582e481b7a56c79a9,796,795
train,0x6B625e363E2241D0e67b1f01E0488144436d505A,1497,1496
train,0x6b6294ebf8d467f737ca4ecf5423ce9f9cc64cc5,350,349
train,0x6b697082bdda19c7fb9af9a265d8308993d670f9,1066,1065
train,0x6b922dd2243de553ce56857d70c9d7622c70aef6,915,914
train,0x6b966351e9f09ee60072c1778247b7af817a9073,602,601
train,0x6b9c8c4e246f43cac225a64aee0c50434e61d7a4,332,331
train,0x6ba08c997a8dd0f0a3b732f9e1de8ccf37fb54cc,350,349
train,0x6Ba4313d6B01efD3C81224a1d34794B2A0b0CF76,105,104
train,0x6BB6CdACABca8CcdE8E015dEe0def578E1af9574,366,365
train,0x6bbE84367dff18504385e4aA2686FCa8867b98cb,1972,1971
train,0x6bcdfc84285033c32bed951cf724f989ba197396,2174,2173
train,0x6bd33d49d48f76abcd96652e5347e398aa3fda96,184,183
train,0x6be4e8a44c9d22f39db262cf1a54c1172da3b864,1261,1260
train,0x6be5744e45292144d6814ffbedcb6aad1bb287e4,455,454
train,0x6be76ab6e8399cde817953377f597611cb98f646,447,446
train,0x6bea9fcbb37750cb16473691653d3bf81369cf6d,1824,1823
train,0x6bf09313c859c30b4fd29b56130be3e3e5fb56f8,1261,1260
train,0x6bf196304c678cfcccb6df166c943e92b0fcaaf4,1248,1247
train,0x6bf33c7ca3a4a8f34f0f548f38c7cb41a3c03a12,350,349
train,0x6bfa4c3c887fdc965bda1f09ff65fbf1f3d8b58d,558,557
train,0x6bfd14b85d863408fc2df06cc4f9808d36930fa3,382,381
train,0x6C0Fc347aa0C1bFC3037f06ED09FFd8f5de07259,623,622
train,0x6c1a692ea7c92ae76cbfdda122830698c950f0ff,437,436
train,0x6c1bcb34142bffd35f57db626e0ac427af616a4d,498,497
train,0x6c437ddf9397be0708d13e6b063fb564fa8cbf5d,358,357
train,0x6c5208924c5b302f756a79776a8b2918a041ad4d,155,154
train,0x6c543F2A4FAFCEBEef4C668538Ff75AE7600B047,1751,1750
train,0x6c5c0e2496d27f60c486faaaaa9bde58ea1dc386,75,74
train,0x6c5d20e283890c60009c94f939c2884e540bf604,350,349
train,0x6c61f6343b7420e142fb05f8b86afed3179eb0f0,550,549
train,0x6c6264e3a5221288a9bd9f858ec9a1d35dc68ae7,455,454
train,0x6C7b36428B1644B476e392eB22F08d353416e586,1426,1425
train,0x6c82d05919392877ed92dfa90ad3660c75e2f646,354,353
train,0x6c851b25b4c257f9344f67aedbd7069826d9a49f,350,349
train,0x6c940a8d477922F1CffE012449321098E06Db3f7,645,644
train,0x6c9e70d6682ea36ff340153d574b2c523671b107,957,956
train,0x6ca479d5c7377d7013acfb18561439748a57f1ae,2338,2337
train,0x6cbadb622d30a8c998c907911a9b160e735348fc,633,632
train,0x6CBAe4Ffd478786f1daE7359b4965cDce0FdA659,523,522
train,0x6cBc1A135d3C9a835d523aaE9E4723B9b776fC49,1201,1200
train,0x6cbef0eec5c883fe96dcd5db5cf1b9d578aa7e92,155,154
train,0x6cd164064703eae85509e3fc6f4ba026a4f8d22d,281,280
train,0x6cd3cbfa29ebb63e84132ad7b1a10407aba30acd,362,361
train,0x6cee948c9d593c58cba5dfa70482444899d1341c,1884,1883
train,0x6cfb72765d2673c7f830f9cdf90c248179794119,75,74
train,0x6d0a44fb6a416da6efe1c192560be1bccd01f6be,2223,2222
train,0x6d252f9c166492309eaedb9d379ddcdbabbec35b,1547,1546
train,0x6d271cbF16be9E9D037DDA5F0dc507777bA27a1c,747,746
train,0x6d2e76213615925c5fc436565b5ee788ee0e86dc,1383,1382
train,0x6d2f190e6fd3bece517cb817254e8411249656a6,400,399
train,0x6d306c48ee21a9d125d366bab9e2a6f0ffe53c5b,368,367
train,0x6D3bC1272428e5de8853480b87C4407D9ec04ce9,1547,1546
train,0x6d402b714df85f7fa3d257f1e6a86b62d099a4f3,580,579
train,0x6d40fba2705fb58874f93f290521a3aea0997083,113,112
train,0x6d4391c85a98231309bb88a51e84ef355936f025,350,349
train,0x6d44f3135f3708e5d9512b6f7d4c009b0e8d60ab,574,573
train,0x6d48e7b4D6fc5517Ce3DbAc40a19fB1f7739DC40,1990,1989
train,0x6D48f848ef7c9be6C0983cD2ac2140A0f9edE7F2,526,525
train,0x6d500e4b6565c3c25a6edd51839d52269e3d293f,1124,1123
train,0x6d52f43e5958b8cdf10c91f71cd95cd8d31aa52c,100,99
train,0x6d5cac36c1ae39f41d52393b7a425d0a610ad9f2,1962,1961
train,0x6d5cd6e324ce0813d041ec9d5e39d32cb862af64,1607,1606
train,0x6d6c14d241a1c610b5d248be778c17ee57679a8f,1758,1757
train,0x6d7a655ddc6bc6b1a0bf4b61be2c9f914e34026f,276,275
train,0x6d7de51bcfa5b4f3d470de3aca3041e0908060e5,569,568
train,0x6d7f2957f4d485c6bf5f543f725d3405cb3afa94,350,349
train,0x6d9aeea69207b186e67e24cc8ae05fe3ed1e0fbb,1304,1303
train,0x6Da1aC2756bbf05faCc9A863fbe2E1a887D0D092,498,497
train,0x6DBd680d41260bAd7f5328C2BD42E2A6bF795ffD,3403,3402
train,0x6dcf8319b3c6fffd4ac6079a7cc336d1c5562f80,466,465
train,0x6dd38916b8c3780fd487980c54c90c175017664c,3369,3368
train,0x6dd4e4aad29a40edd6a409b9c1625186c9855b4d,656,655
train,0x6dd5b09acda78b05d0356483fe05eb0768352945,1295,1294
train,0x6dd8645b1d763a705e02bd79ce8d1f80bd404879,350,349
train,0x6De8D68B045d8939681C10542FF9072a543A5007,753,752
train,0x6dea55ba04a37fddd05e1fd979c30aa0e634e837,269,268
train,0x6debfc5f3907e150b4d32255e09af8a48db5f853,350,349
train,0x6e00d60e15c9a60ba18d5b7aca7ee37777be2a7d,19,18
train,0x6e08a8b4da2a13c655af2dd74f7bdb979efe141b,1459,1458
train,0x6e0eC952e49212F2e2E2f94FEdaa84f5C044acef,745,744
train,0x6e190f83c048b3303fe508e3132618faf55febe3,517,516
train,0x6E2aBdd755ebE560d10A9836d0bd9f99FF4Ba60D,398,397
train,0x6e3bc8f50d04f7262f5c99f1cbabe502eb5e37f5,1740,1739
train,0x6E3Ed592e28006Eb6db16A568a56E82437A32935,985,984
train,0x6e3fec7cafe50fa6d25c29807377df1cd63a19a3,769,768
train,0x6e40178330c43081c5a8815ed40e9e36b0089495,726,725
train,0x6e428d863aa57b457b038ab1f0e34d77f736bae3,1418,1417
train,0x6e4f8919e3f15b86bf1e611b97952f32d12365ef,350,349
train,0x6e53aba735258d5e5013ece65ab247038add4860,399,398
train,0x6e54c3918c4d7552000ff570b9fd2c80c9a0e26d,1201,1200
train,0x6E556d11e6f7efC097eBA82feDb9a985091a285d,1972,1971
train,0x6e5c02cf6fa4770a8c91d19cf58d24bd24bcc6b8,902,901
train,0x6e5e810a6a0f6e308eff3010673cf7faba2a9fb8,350,349
train,0x6e5e8fc671b516b0e508c0fcaaed01a61cebd959,350,349
train,0x6e5f94d66846e05eb8a5f83c9c9691ee72fd5e9e,1122,1121
train,0x6e6d4e67bae518015f0b092d1a7b058de335ef05,319,318
train,0x6e76a24475522df1a7821490ec7a0b8228cb602d,350,349
train,0x6e77c68404cb4b86b1cf7ae4ade8d260b4f9d5ce,306,305
train,0x6e7cf33736bafee311a73093741f93ab8cd6530c,556,555
train,0x6e81a9ee3a1d4c2522de6e15e30ab551b3bdcbb6,350,349
train,0x6e843aefc1f2887e5b0aeb4002c1924c433d9a13,103,102
train,0x6ea6531b603f270d23d9edd2d8279135dc5d6773,267,266
train,0x6eb1eee8dcb041e2d3b2130ce124c3005dc3d6a7,431,430
train,0x6EbA23a90Fd0ce5eF120bBe249A96038B2be5e29,69,68
train,0x6EC8a24CaBdc339A06a172F8223ea557055aDAa5,1999,1998
train,0x6ef2b022bea67b819fa9a4d582d5002c09a8372b,350,349
train,0x6EF5B9ae723Fe059Cac71aD620495575d19dAc42,1376,1375
train,0x6efeabba975c334b7f7704a6d28716f25332ccb6,361,360
train,0x6eff08361f0f388ec7c7693de0926ce83e4deb96,350,349
train,0x6f03a8349ba2af210e614cf92012f96ab1cfa164,848,847
train,0x6f0a7aa19425752ff39d9f568c9d930ef30997ed,362,361
train,0x6F1408e206d23d446E1580830f11f79C2E58D92B,932,931
train,0x6F152d5fc00d648604aF67Ce07D9BaEfec4958D4,554,553
train,0x6f1a769952c60b2d03f46419adeda91d87866dab,653,652
train,0x6f28b146804dba2d6f944c03528a8fdbc673df2c,1486,1485
train,0x6F303642844F734aD4176d0dFE93eF7e0776eF46,266,265
train,0x6f328f0a7cd638cda9fed876abf71423ca109fe1,529,528
train,0x6f35804a4261da644f0bcc74338e418339f7c23f,1354,1353
train,0x6f38169cc63e97f5c258965c67ac11f052f288f2,750,749
train,0x6f440f96f31d0978592042e09b3ac078a0b43968,350,349
train,0x6f456ff1ff6eea6e62adeb59c11df2dfc294f76d,741,740
train,0x6F47980674550d8c8240e6eaf3B594F562Adc7A9,626,625
train,0x6f5ac0ad55a612ea106c07d0cd6f5b84ade69ba3,219,218
train,0x6f7a4bac3315b5082f793161a22e26666d22717f,727,726
train,0x6f7ad850ef94320cb88f5ae66e5eb8244e81c949,431,430
train,0x6F7DDff6d218079DF7019A812c26ECE81803c606,3403,3402
train,0x6F7e6b48d610b903F28AAcAB271Bdad8B7612495,685,684
train,0x6f8c16cd7dc673c85834ec60875fcbef5a206055,350,349
train,0x6f952d7acaa2dffaecfe34d064ed5b46fcc59664,133,132
train,0x6f9e77dc013e6a7156a5aeb26fb095f3405fd911,911,910
train,0x6fa3217293bb88ec6accecc368881c33df1248f5,785,784
train,0x6fa4bc3d211e302c49881577dace630f6a3fbcc5,239,238
train,0x6fa6473735456d4f3fe8a13894a33c8ae888b191,293,292
train,0x6faa826af0568d1866fca570da79b318ef114dab,867,866
train,0x6faf33c051c0703ad2a6e86b373bb92bb30c8f5c,64,63
train,0x6fb143fa38e119f1e70609dc8ab9e4d65e871f65,613,612
train,0x6fb5b740296f712e058222c64d40f3a759ee5b32,2056,2055
train,0x6fb5cdfd4a38d34c92e4873fdfc22dce927edc99,1884,1883
train,0x6Fc135d4A065fbaa45E3dF178f2EBc150f0401b1,842,841
train,0x6fc21092da55b392b045ed78f4732bff3c580e2c,544,543
train,0x6fc61357f00b7735e5a75156522def9cfb20ee02,45,44
train,0x6fc9c554c2363805673f18b3a2b1912cce8bfb8a,520,519
train,0x6fd1dada61f2d210a1e4e47b672f73bc851862f9,711,710
train,0x6fd570c64568a05b9cf3afcd7d31aa5e3c9b8350,865,864
train,0x6FDFCe60998725F4cFB4Cc57505A3abDbb6d0646,400,399
train,0x6feb3701cf93dfb79131814598ab3f79ed5357e9,749,748
train,0x6feb3a071a2732378521c53d024b67ad068ec921,516,515
train,0x6ff1333a6b8faa3f7550305386c5675b9834fda0,1285,1284
train,0x6FF73eE2255c30e072d35598f9b06795122d4e64,937,936
train,0x6ff869d8727ef71369dd33d7e6fd63da31ae203f,756,755
train,0x6ffdabfd395d5d902c6ed24c96bbe94fce2ea4d0,350,349
train,0x6fff3806bbac52a20e0d79bc538d527f6a22c96b,2203,2202
train,0x7019823fbea7613d98b4ed43473e50a9f6392590,1758,1757
train,0x701c244b988a513c945973defa05de933b23fe1d,1733,1732
train,0x701e28058b24563b9f718b720f7c48cb6690226e,1469,1468
train,0x70254718da1db312d0cccb8b3dce542f31f92c26,342,341
train,0x7025bab2ec90410de37f488d1298204cd4d6b29d,1201,1200
train,0x703df068cf5709111c7ee9dadec2085e9ed0a14a,695,694
train,0x7057fb12780c122bd51273056c4b3fd117c89f48,544,543
train,0x7060Ca51d704ba9962Fc7C8639cC3cd5B0d9c478,350,349
train,0x7078b01170768c6db7bd9f515305682e52664cd3,234,233
train,0x70791b81028f30ff01d4ad8f83cbffcd2be1b1f3,2421,2420
train,0x707bd951c676c5f7a957df363d6ce1b2af4b636d,1037,1036
train,0x707c27ec4fda696955ad2bd73a254310015ee94f,350,349
train,0x70807fa9343ee3d7d6e9d8602bf3ca867cc86479,620,619
train,0x708352cd28ea06e6bbd5c1a9408b4966ac1226e4,4202,4201
train,0x70953bf7a3a3dad73c5b0d0aa7367ebb84abffbb,350,349
train,0x7095e151abd19e8c99abdfb4568f675f747f97f6,308,307
train,0x70965361f143d268342C84b4d6f7C41b438cD5D7,606,605
train,0x709c7134053510fce03b464982eab6e3d89728a5,792,791
train,0x709fa7c33b7c90e88b9511c6dfb52a3a2544ca87,350,349
train,0x70A8629c1B9A50133C5325502232Bd54447BEeE7,204,203
train,0x70b147e01e9285e7ce68b9ba437fe3a9190e756a,350,349
train,0x70B610F7072E742d4278eC55C02426Dbaaee388C,165,164
train,0x70be0bc47ddc88d6aae1ced870fece5503fd853b,497,496
train,0x70c01853e4430cae353c9a7ae232a6a95f6cafd9,135,134
train,0x70c4eea814bee9b74cafeca0200991bb0d8a4320,1077,1076
train,0x70c5e77577772aaf718a73db0d752ee35791eb69,272,271
train,0x70d146a7dc622772b9d4b4fc02f28516ce237011,1168,1167
train,0x70E29C7124585a20EDe4E78B615d3a3B2b4DAd5C,501,500
train,0x70e531091d82e183f7246012d1566c3fe1315625,72,71
train,0x70e66333d3cd65a50182790daa704f49344a4d78,477,476
train,0x70eb907cb2c51bda4e199f54d4c21b97676bb451,15,14
train,0x70f1bf88e567d7ef45a0e639b8e7b3ecb67991c4,353,352
train,0x7119adfad3c95f679d5a0a1282db35736eaa9d38,525,524
train,0x711e10146e6c00f18e2805cf165d9bc5644b9dbe,615,614
train,0x7120be3d97c424590cb200d5b740be7fd3549896,516,515
train,0x7120ff5f847df1db65bb5dd2aa503dc703057747,591,590
train,0x7126932c04cd3ea8edbb1026826f1b351a84f1e9,350,349
train,0x712c290551ee48f6b3ccc318bd63989c5c37ead4,395,394
train,0x71449c1f769d01fbe0f5d84a7b762f1ad84f8993,547,546
train,0x7148b80b38278853ca8263cfc0b57d4478ae6a6e,452,451
train,0x7149cab37227eb947c762fd762cee87050f19171,279,278
train,0x71504c35df538d9d9c18b5dc95f47850ca430906,596,595
train,0x716989fa21d5043165079ddbfd04a76a001a595a,640,639
train,0x7170dc57aaa5a971f3aecf3bfa5c2cfdd9d73bff,3399,3398
train,0x717e3a6b50ff883dfad0097895598e3af8dfc3bc,86,85
train,0x718bea7a9a70368955dba5ce657d0695fa04e024,318,317
train,0x7192bb75777dab47ef6fbf6f6c0e4bcbb2294f38,991,990
train,0x71972877d68acf22114e05578364a307cafe2885,2009,2008
train,0x7199C3fBc0832e8798d2514eEAa88f0CE597698D,889,888
train,0x71a2a69fb4b03cfb3419992ce13c389e784cfcae,146,145
train,0x71a311e90d2cf8b7d80d95e4bdf03da037653605,786,785
train,0x71abd3479b5f3a1ffb16bf18342ecda13c53ab15,645,644
train,0x71ae0bd9eb29fd697421cf428cd2b51727301fdf,2185,2184
train,0x71be2dc302aa4296c35f286d89c7249f95643cd1,391,390
train,0x71be4a37ef6423c4dc0530410454d85da3d73d64,350,349
train,0x71e169627f604cce4e79b31da7f5e1bbe274d2a8,368,367
train,0x71e1f8e809dc8911fcac95043bc94929a36505a5,286,285
train,0x71e43af6c3def8112d931eff8cf577c99161b032,350,349
train,0x71e562513d5a353e699709916f5650b951be0e86,551,550
train,0x71e774fd3e3948cfb6fcb1aaff4bb906858fba3a,390,389
train,0x71e8d74ff1c923e369d0e70dfb09866629c4dd35,551,550
train,0x71eadb3f4acb430e485c34e655b1f350ac963e35,7479,7478
train,0x71ecde7c4b184558e8dba60d9f323d7a87411946,385,384
train,0x71f1bc89f38b241f3ebf0d5a013fa2850c63a1d4,854,853
train,0x71f7a8522B6f38549bDD9E6AE85AE220497AbfE3,613,612
train,0x71fc91bd2a3c75ffd7464cbd26edcd5fc50425dd,1058,1057
train,0x71fd1b8263b40049269ee881c9cf842e6ca297e0,544,543
train,0x720466fb4684e6368cef3e9da93a8c76ae78d84a,1333,1332
train,0x720608228bda773fe22e816ee72463040f11c19e,1676,1675
train,0x72088c9767f55504157159fab3fa1de8d79bbe3e,1168,1167
train,0x7221816f73e710eb952ce08bcaf54a31600fae6c,902,901
train,0x7229bb50Da9c01b28B9F1aAcE7711605d88AFbD3,520,519
train,0x722ab587b0f710cf60c19d89b31127a616eed97b,609,608
train,0x723437FAdE99e15A33a0355189e0a00eCE23A7D6,845,844
train,0x72419ff7590642cc6062b372e1583709ce1f8245,350,349
train,0x726059013c3499305cc88b6f2409930d72b3e5d3,296,295
train,0x72636c350431895fc6ee718b92bcc5b4fbd70304,729,728
train,0x726b61fa2a732c5946dd5059cad6f6f838c5ccfe,774,773
train,0x7275f61c3abfba3596ae71f7128bdc3b0fc01fa9,289,288
train,0x727ba6c9c18b86261377b944d6129037ac25e804,434,433
train,0x728781e75735dc0962df3a51d7ef47e798a7107e,2443,2442
train,0x7287bef78619e10c32a1eee82046fa3c4a29f17d,1062,1061
train,0x7288c72Af505E3a6FF2712699e2A695465D353B3,982,981
train,0x728afba5d214b10270304d09895a449eb73deb6c,579,578
train,0x729d11fd8ee835a165a6824362bebac8a7831aea,1260,1259
train,0x729E18C28FE7543233cE28310348362D93484DbA,442,441
train,0x72a38b32532cb0191caab895997508df23e880da,348,347
train,0x72ae659d654a7f90d874523af574ca9a0aa914ae,534,533
train,0x72b7706cc6f6fefa1b2628c721e178ad1b7e04ac,359,358
train,0x72b91d9941e2bccecac2358e6bf044e262d7965b,764,763
train,0x72b9b023fE0F9BfDbe979cC525e52CCb4C3dF95d,1990,1989
train,0x72bd9e034a034796d77b080bb3d477333c651be4,350,349
train,0x72bf3030e276a96539143551bd8f91aff699bf7c,432,431
train,0x72c53a5e52151361814ba3daf70cd10732335d89,348,347
train,0x72cc898de0a4eac49c46ccb990379099461342f6,488,487
train,0x72D32ac1c5E66BfC5b08806271f8eEF915545164,824,823
train,0x72ef77b170e76719fe1844f876fcab529c70cc18,342,341
train,0x72fa5c5067cd1aa4144d0423d289e2efb3ae1f9c,488,487
train,0x72faf56b84760c866030bafa6856656bfc41a364,1861,1860
train,0x730cedeadb5905c7a28760dccf204f587fafa1df,367,366
train,0x732acb28ee1a9b47d544ed662b018219b309cf27,350,349
train,0x732e28b4a2fae96461f6b4cfae8165d8a0d464d6,702,701
train,0x73307e983f8843d3e09d320dd4c35cf2783f71f6,530,529
train,0x733172c38a6956206c9d4a902fd8a045c7f822f0,551,550
train,0x7338809d1a2c6fbb6e755470ab2a28e8c5dac63c,1275,1274
train,0x733984edbb5890419f82f2b37922a8f5f5c53773,346,345
train,0x734a1c579bb5f053103b798cac815f6346c7d035,85,84
train,0x734a8329c2b99bcb4c32091a4ca7df7126a14d6a,399,398
train,0x734dee061f735fdb559775fa26a6531c4e1a25a9,350,349
train,0x736638c1e70c3856487776bc3485c24cca8e0135,596,595
train,0x736695bdc678c2a661109a61b8c57b333103d035,364,363
train,0x736703abc14c182ac77f674a40fb478c05a5a919,691,690
train,0x7367a68039d4704f30bfbf6d948020c3b07dfc59,1499,1498
train,0x736fcb9221bc56a76116981d010d17a320d7ca73,784,783
train,0x737ac585809c0f64ee09d7b8050d195d14f14c55,5132,5131
train,0x737f98ac8ca59f2c68ad658e3c3d8c8963e40a4c,540,539
train,0x738A6a902ff347fB8e21DEEf824a4757235f0b8B,1355,1354
train,0x739d60e1192592d84de81f07521762662ea31032,350,349
train,0x73a8de5bbeab01b0be663cea7b64a0c35de8df29,338,337
train,0x73b0ebea28f76be1368d578d13657354330472a9,1258,1257
train,0x73b29c2a2dd1c18fe95cc43f67e5d202651794fe,935,934
train,0x73b6E33895B7095587412cDf9B6E3d0AF472F3bD,1299,1298
train,0x73b958200ca61991556324cdf2f315ce2ae08698,742,741
train,0x73bb668896012d42e1f8be7a7a981cce88f88674,916,915
train,0x73Bd349fa5f5EAa2a329CB98d012A101C8Eee9D9,350,349
train,0x73c452b7ceb224f91955baa97a1c3f3c2dfffbf1,747,746
train,0x73d5227fd916e19b92c5a70c0168e8981d765fc9,338,337
train,0x73d884cc043cd7341be7b6573737a22a23d9d1a4,1358,1357
train,0x73f0608566464c09bb0edb156c22cb781c9c4484,426,425
train,0x73fb696745590296b0f3a1fba99fc27bead5717d,678,677
train,0x7403d5b81024efd07cbe0d803cb2f3abeac93f35,2264,2263
train,0x740e6b6f0a0165e8bb3d1cdf94862bdffbded22e,679,678
train,0x741733ca54e0f052a092bdc95ba9897c2d56e04b,2353,2352
train,0x741F1923974464eFd0Aa70e77800BA5d9ed18902,271,270
train,0x741fC999F5B62c80831cF659AED04c64AC8eF24e,509,508
train,0x7421c18f8ea6245cf1242c335daf2659927014fa,30,29
train,0x742686bB1B136b396b59818F42e47a4fC3509394,1312,1311
train,0x742b41ebc3cf0c5576ad29960a92c7b25b3052e8,188,187
train,0x742f42fcfe010ddd5f2e8fff224ac6e8ae940990,544,543
train,0x74300eca3c7c5c89c2ebf9bb0e22d0647727f780,613,612
train,0x74453cf53c97437066b1987e364e5d6b54bcaee6,85,84
train,0x7455976e09805fdd1b41879958c9e050289412fb,3130,3129
train,0x7460266268341a4c366a034dbd28bf54b9e3b043,1073,1072
train,0x746e85fea204c4ee4ce845ea80f2aeb74328fe75,350,349
train,0x747616c4a19bd9bf1e2b6c8a77d206ea1f9c6018,1256,1255
train,0x748b44e8abc840e60a2b86bbd138862a713328ca,2698,2697
train,0x748ddddfcf0f50c9866faaf37254a57cb2ae097e,594,593
train,0x748e0216c9c0ccf215dcd1e848d461e6ce86a5f0,530,529
train,0x748f9a0ac36b123c7e4f687f7737f759628c4392,1409,1408
train,0x74947f5aa38e170048bc4c84825fc58d9a1ed58a,51,50
train,0x74951B677de32D596EE851A233336926e6A2cd09,1498,1497
train,0x749dab228c71e650addba8c9875b842ad460a3c2,174,173
train,0x74a492720Ab2Cf59261B14bC89E78f8147A96F61,1063,1062
train,0x74Aca0F1a40F7e0F3845DadF52C65060dE7749AF,355,354
train,0x74c3bad428ed6511da87df578d6577d5a75392ef,345,344
train,0x74caf5a02bed9de4912eb0b8ebdba53fae75f9a1,219,218
train,0x74d13225bc488397212e63dc38b497f6aa7a7a69,390,389
train,0x74e2a211f647a59bbfce54204f3cb109fe5819cc,262,261
train,0x74ea2438157d8bb836cad8419be38f7bba799d30,555,554
train,0x74eD16001a47d0eC3c7ef0eD338C817344466E6C,545,544
train,0x74f4ef03989702d1a6daeecc23e16e408604e3ff,766,765
train,0x74fe5f01f6f82e6feddacad6c0f09cf6933c43de,439,438
train,0x75009ba0e084973d9c42fa81862d7076fae4500d,937,936
train,0x7501a4f0b6fcf5ab8d682a57e668214edc3d3ea4,446,445
train,0x750229c6e70aa4b747b1bba2408436d74465381c,1061,1060
train,0x75031ec38fa67370f7bcf0c173af241b321c62c5,606,605
train,0x75041597d8f6E869092d78b9814B7bcdeeb393b4,79,78
train,0x75051407bb4ce22d3e6c38748237a3554e93d328,60,59
train,0x75094d99ffbffac7865161f281e1b0c27e1905a9,350,349
train,0x75174139986c6885539b511061f7c37017af79f6,428,427
train,0x752406CbFd32593Fc422DA69cdD702d1eaAdC121,83,82
train,0x75298d365092dcecab1dae51b257b972d34f0323,238,237
train,0x7535716cf00fb36058157f7a44412849df0970a3,350,349
train,0x753664c03482099F48320720BcC9b49D5da8a7A1,419,418
train,0x7544e2a9a29ee2634cc5d9aa0385d30bdbe04f68,350,349
train,0x754a024bd98c79532e570af47e21695a861d2be3,551,550
train,0x7550f3936a356246ea8876582e90b4bb3ab540fc,656,655
train,0x75542A5D1Ea42dAE3dB73077Ad62Ce20aC3097D4,420,419
train,0x755c3c2fd3b9dc7da30a5433998dd033f02040b0,361,360
train,0x755dBaD80D66a4C78080aFeecC17ECd78461B54c,125,124
train,0x7563e06d6507dd9ee37ba9f957e0d57a6a16daa1,1119,1118
train,0x7568807d20053230d259502d516ac0a75edea44a,526,525
train,0x757320b8ff0b250a830bcd51d95ce6426dbe0b16,611,610
train,0x75738fc16aef19ce08479ae9c7976498dd320be3,1211,1210
train,0x7576cf770348b33e6f1b02fe3cbd175b37e17822,350,349
train,0x7585f835ae2d522722d2684323a0ba83401f32f5,3262,3261
train,0x7598c3543ef4f27f09c98aeb3753506a0290a0fc,563,562
train,0x75a018effdedd4619abd1e29f154cf7ea0d41e58,350,349
train,0x75a12b3c84cc92dc887adee7451be25dfba208cd,2764,2763
train,0x75a17c63c2121447655955b55aaa1a413e750232,1193,1192
train,0x75aa7b0d02532f3833b66c7f0ad35376d373ddf8,705,704
train,0x75aa81161e07483f6ca199fef46c13eb13d190be,242,241
train,0x75b0A239C11fbB8A75a472EFF43500560A058D98,453,452
train,0x75c700c054cbe20793c46ae79094fa1ec6693e3e,342,341
train,0x75c79b88facE8892E7043797570c390bc2Db52A7,454,453
train,0x75d2c8e67c6cdb210c14fa9432a37613a854c2b6,345,344
train,0x75f292a24664d4c46ffc9b5a87d5d7f246b9c12a,544,543
train,0x760137b2c8eca9007df1fd1d1ab5cf10b1f53e41,544,543
train,0x760fae3a4278b3b46c5bbf08c0d107ecc3981a6a,842,841
train,0x761932818972b0368db57207ffb9c64b90e511bf,998,997
train,0x761d0ca58b3b34ccf4f66438f9d6378e2f063dce,1216,1215
train,0x76246e564258c2d6ce32f1895183cb0f2f513976,440,439
train,0x76273a63d7c102a61104149f3cc567ec2b4e4257,1373,1372
train,0x7627de4b93263a6a7570b8dafa64bae812e5c394,387,386
train,0x763186eb8d4856d536ed4478302971214febc6a9,909,908
train,0x76399d9fd1c0b496a1e0593334819142d3e452a5,350,349
train,0x763bbbfad61a1bef272c155aad828e3f8309710e,871,870
train,0x764bdeff97cce4b689e8b0ed8cb122a2bb8058f3,350,349
train,0x7653d3e923e1b9a6f45de8ce718c12b6e62c3106,93,92
train,0x7654915a1b82d6d2d0afc37c52af556ea8983c7e,2646,2645
train,0x7657C23126570E2DD5fea2e7D37E21Ac65feb143,688,687
train,0x765EDA6a8Dfb0f70E54e096DaF7c81156CC7A0Dd,985,984
train,0x766a0518ce0d022247d55d068d0b23db0e5ca7e5,1861,1860
train,0x766d1f049ba649f9a89ae417ba555599a6546b5a,1229,1228
train,0x766da880f94c69acb4157e794d7956a29dfa4979,1228,1227
train,0x76712f443a27a1397eb2bb118c572a26765c7b91,2325,2324
train,0x7675de10fe92ec4661438d0b502bcf280898c043,381,380
train,0x767ba2915ec344015a7938e3eedfec2785195d05,1524,1523
train,0x768e66ef1ea28ec0b1380a71577a2a83d78d32a4,40,39
train,0x76914ca27f3c7422a14c22aaeafbbd05d3f3526b,216,215
train,0x76a0238bd8Db4CA6e17E9691E32A6626E202bFc0,622,621
train,0x76a2eaa876ce3580b0c10f8a3f01021f566e82bd,350,349
train,0x76B31b3539da83db81745aa54370a96e5E96e371,407,406
train,0x76b969cdcd7b03f76aed454d0e4a57421a8229e1,635,634
train,0x76bc944a26cdc38173842dacb787f98e6c7348a9,821,820
train,0x76bc9e61a1904b82cbf70d1fd9c0f8a120483bbb,1871,1870
train,0x76beeb04fbb6326d3c928484de13481284b2100e,1279,1278
train,0x76bef8d75795947c6f2eddcbb7a7929d8777d94b,637,636
train,0x76C4A88DeF0a977f057CEEa01A03D5Be89379995,523,522
train,0x76c95F5F9b374948d5686E842c525BaAeD5C4345,110,109
train,0x76dC101cF28c5268f9562A281E9B720B7b7d6e2D,2085,2084
train,0x76e580f75BF01bfFbF4f44167d5822346de4f176,325,324
train,0x76e82406a5040b605c6d30caf4802e7eb3184bbc,350,349
train,0x76eacde255403972bde24dea3f464d0a4104d7da,1228,1227
train,0x76fdc56071e37aad79bec53ab015d7087c5b02df,356,355
train,0x7702cbba3e02788dd50535afb691fabcb64308cd,313,312
train,0x7703C35CfFdC5CDa8D27aa3df2F9ba6964544b6e,1897,1896
train,0x7705FaA34B16EB6d77Dfc7812be2367ba6B0248e,2061,2060
train,0x77070dd59c298d766585de4b5ec2b4549ab28ecc,178,177
train,0x77113603fa0A4eF0553b5070547911658ECA1FA7,683,682
train,0x77140fd91053d4613407d5253d3151e717d211fc,350,349
train,0x7725b8e47d65d2e1b01d088d0b55db7c2f2a2688,1435,1434
train,0x7728dfef5abd468669eb7f9b48a7f70a501ed29d,685,684
train,0x772932a7093f5f3fba00a9339abf01c47a660499,910,909
train,0x772d3e56b3d3b4a0401ed4bf1ad4e8754d18bfa3,244,243
train,0x773418c3cbcf93241e688209ef462910462d3704,617,616
train,0x774057ce5efd143e28f13cc75186edf685370c95,1174,1173
train,0x774a6a79515756b50b66b85b09d792e3a5378dac,616,615
train,0x775677bbbb575bca9f052e2f7e01294cafd5422b,298,297
train,0x7765E6252DE637495EcD9037974D8641609B304a,528,527
train,0x77727ef417696f95a10652cf2d02d6421dda5048,617,616
train,0x7776a879ab315314db00f193a85aee7c53def11d,857,856
train,0x77777779b121ccf5cecda0edc3502c6085914fa5,332,331
train,0x7777777c85eb309d937bddc80d74eeae7205503a,1114,1113
train,0x777b8a88ab35d3bcc98bf485f5b5c6f83adcfe5e,1495,1494
train,0x77a4a5b3007efa19b5d049b914a1271367e27fe4,891,890
train,0x77a542bf17132b3d261409e30f8bc22182d776ce,350,349
train,0x77a77eca75445841875ebb67a33d0a97dc34d924,455,454
train,0x77b275827eB3cf1792852b128a6DBC7a699BBD91,1839,1838
train,0x77bfd55f422b6978a1a21de65f8a13a1b58fa766,814,813
train,0x77c4A9686F6b8beBA2c8518a2f3AB12e4C6e1969,1990,1989
train,0x77ceff4173a56cd22b6184fa59c668b364ae55b8,1421,1420
train,0x77d19214d20edcefff04f9cc362fed4a99fb5212,100,99
train,0x77d21329b781e93576140805517b659736018ae5,350,349
train,0x77e01450fd870dafa3a545bdfc2b6e13c879f645,2127,2126
train,0x77e85eef9fd34143c7f042ce29e066602ca51abf,891,890
train,0x77eb5558fbc60dfc5fc4a16c97b60fba804e5fe2,350,349
train,0x77eC4fC3013eEA1598E449b09afaA3E1e0d85897,813,812
train,0x77f7f94e24de94f61a85cc29460dd8154daa66e5,485,484
train,0x77fa1d1ded3f4bed737e9ae870a6f3605445df9c,672,671
train,0x77faed976e187f26b49e78be8418ab074a341f26,735,734
train,0x78018b2e6d68f2e044474b147b0238fbf5e5f409,368,367
train,0x780623f5ec165b48394189fe1263466d5c16fdff,430,429
train,0x780a484e8959473f5771375e90de7cdf823fa75b,107,106
train,0x780e9a3542a452ee90891a0b02c85f03024fa23b,358,357
train,0x7811bac10c1633d7bbf8488b0fbfbd4a6e24676a,350,349
train,0x7816773556a09D06670A734CAf5FA22562427b0c,827,826
train,0x7817a31ea2f9789da18D12059d10283cab8E33E3,1936,1935
train,0x78219a78b338ee760dff8d1f3e086ceb028a7aa5,567,566
train,0x78394fa537fcc18f7edd24178e75cdc288e561a8,544,543
train,0x783CF9C6754BF826f1727620B4BAa19714fEDF8D,92,91
train,0x787C2fFFB74F559219836a77FAd6181f808b6F73,125,124
train,0x789e00c123b1e1f65862caea6a615c069e672091,707,706
train,0x78a06472d78bfef33270654319b6373d51cf0575,610,609
train,0x78a73B6CBc5D183CE56e786f6e905CaDEC63547B,1535,1534
train,0x78b17cc10c4d34fbf6cb474731f7340e487a5db3,938,937
train,0x78b29e7f87cd3e040b0bc1c3708c49022a31e441,350,349
train,0x78B4633fe468C97a326d2f38fa31EA7E87a90351,361,360
train,0x78b7fada55a64dd895d8c8c35779dd8b67fa8a05,598,597
train,0x78c2a1e91b52bca4130b6ed9edd9fbcfd4671c37,88,87
train,0x78d30c42a5f9fb19df60768e4c867b697e24b615,576,575
train,0x78d5e9b5df886e55f9e1cb1bbbabcaa910f6c18c,621,620
train,0x78Dee7AEBc3E135a9f65d743a1D1a4767d5c0BE4,350,349
train,0x78E0743B2cC9967BaC4643D559A027FA53F6BC88,808,807
train,0x78e875446bd39664a0119240f0d2f64e9c834810,1002,1001
train,0x78e9a26a75918a8bcc363ce933c192a52bbb8c9f,1426,1425
train,0x78ea6700931ffb0224ae7b4554ce826fba8132c5,1738,1737
train,0x78fe77e988967e84d5c897b03433c6edc460fdec,544,543
train,0x790bebd41943056f19bae6be94d3e03828f00b4a,338,337
train,0x791425156956e39f2ab8ab06b79de189c18e95e5,701,700
train,0x79182bf192912d83f895a3d04997c27ef7fed4fd,224,223
train,0x79186Ba0FC6fa49fd9DB2F0bA34F36F8c24489c7,2156,2155
train,0x791af7fccfee46330bb02dac1e2585dc6f49c996,361,360
train,0x7930a6660e4982e6e773d8d5cb64339a77974960,350,349
train,0x7933446fcc2b3f13967878144cd2dfbd217bb904,523,522
train,0x79335d54b738d29d2534f5b69671fa00bce50baf,1285,1284
train,0x793746fb77a0653073edd112a32b33b62c68e8f8,350,349
train,0x794c154af769e8c2c6a0169df2aaeb825ddbe09f,350,349
train,0x794eb1f985f472c0b44c4041b4198478366f9940,532,531
train,0x7950d074caf142bdad0c11b2402cd85344f8c7bd,1741,1740
train,0x795a9bfa0b30b92efe663cbfbec1656b6378748e,354,353
train,0x795C96c59f765F9442438DD03c5fAab2259DCD60,48,47
train,0x7965c9644e6e69b9135644c5de33bed2c6f8c281,181,180
train,0x79660fcae87eaf98cb0b97a3d3ea678b813dc48f,1009,1008
train,0x796859ce94c6f3017593066a98b2cc192acfa587,108,107
train,0x7971c7b520204216f158cbc669a7ffe088402592,350,349
train,0x7983a415823a907af25e68264b32c34abe10ba8e,1027,1026
train,0x798840b77a0c35f985963b706879fe76fe2f2255,635,634
train,0x799e51bf885f9d7d353ccdbccf67a10c6ae4bc10,282,281
train,0x799ea67fe4c2cbf5655727b53a291cab952b4c77,657,656
train,0x799f987acb75a571dd95f7fd152d30f50484b837,77,76
train,0x79bf32b2c0f9a3f30fbcc4aa1e3e07e3366b34f9,247,246
train,0x79e11ae0cc32fc39b455360e42e80cd7b1b05a72,665,664
train,0x79E50de3A0798033E1428A721a8085455A4128F2,268,267
train,0x79e959b7a6f14adbb8b40ddd29ed8fc2d64ae5cd,356,355
train,0x79ebd9040baeb547863a31305a3247df5037f329,927,926
train,0x7a04bf94556e6f9993ccd154b631ab1a8a98d3c9,99,98
train,0x7a1503bc08d49c122a4681d2df9a915dce6066c3,1110,1109
train,0x7a1f4c713b7ced54b86a3baca9cbda91d2ef27fc,208,207
train,0x7a2301086478efc25a51a8f2c7490d6a2dca3fb2,578,577
train,0x7a23687666b46cb674c2034e1bac94dcb5423dbd,1132,1131
train,0x7a2770fc68c659b0255d6d80bed82c7b0f163d6b,6304,6303
train,0x7a3d8ab221d66e4a546a0bcd21a87787d5bf47c3,105,104
train,0x7a3ffe753a209cc8281d68356270e6848f098f71,1202,1201
train,0x7a4033a93885247a4292988a3c0c0e3c1cf55721,712,711
train,0x7a4349a749e59a5736efb7826ee3496a2dfd5489,85,84
train,0x7a4528ac52fa6b27aaa1e0dc1bcfbd7f82976595,350,349
train,0x7a7559469c02e06ef1e810d986c5d35b70ab6ef4,588,587
train,0x7a7913bf973d74deb87db64136bcb63158e4ea39,149,148
train,0x7a7a64e7823e62c007eea8ac38eb29e883572eae,350,349
train,0x7a7d08bcb2faf27414e86ecf9a0351d928054b6b,67,66
train,0x7a835d90800b6f4c17742cb56711c83c487cde56,350,349
train,0x7a83db2d2737c240c77c7c5d8be8c2ad68f6ff23,772,771
train,0x7a8ae566f615fa9589d6a5af342dc282cb3be809,350,349
train,0x7a93f0d9f302c0818022f8dca6ee1eb0f1b50308,1009,1008
train,0x7a960bb36b831a230eb113c22a8afb45214c5949,748,747
train,0x7aaf7d5de5ce40b27b4ba8b4dab461b89509bec3,6,5
train,0x7ab1ab85fd3b4aaec73866c0bd646c301a1a6825,646,645
train,0x7ab329fadec5da9664e7d22040f9bfe8f2d93516,390,389
train,0x7ab4aac9cbe01e4553b2018204c8ddfe864aaa12,508,507
train,0x7ab873f7bdd12a2a4ed4852378479cc8b2f32940,602,601
train,0x7acb51e690301b114a2a65b2e557cc1b7e644ba8,515,514
train,0x7Aef44E5e6930F8799559aFB046Ccd8692044f86,1317,1316
train,0x7b06ad092541635cf83a1ff03daf713269d94a15,554,553
train,0x7b1309c1522afd4e66c31e1e6d0ec1319e1eba5e,1163,1162
train,0x7b15aBE50AC0D5c76645549cace7D44E611aCC9C,738,737
train,0x7b186e4289c566c5ae625f278fe20283ab1c64d6,348,347
train,0x7b1d45b747f7e28724d4b32b40dd07dc3665ce69,748,747
train,0x7b22713f2e818fad945af5a3618a2814f102cbe0,357,356
train,0x7b23d5576225af5bbe641020381eb9b3b2a3123f,350,349
train,0x7b26fc24bdb49cbcb5256e8bc8809705ac223a8c,834,833
train,0x7b30e76452df1bfdd70e2d081c3a15ed4fc77156,350,349
train,0x7b370849292c4bee6800c00773eb4519c1a845ae,40,39
train,0x7b39940dbac110f1227d37c395675def270afcd7,523,522
train,0x7b4700f2a2e0765aab00b082613b417cecd0f9f0,469,468
train,0x7b5271c23e0da39d17e04304c5ce651ed6074e8c,649,648
train,0x7b533e19de8c1a2594e0d170c4131aba2d7ba39d,1202,1201
train,0x7b55e5a0aec97c7fa3594393c3471c79a1204890,636,635
train,0x7b5d47dae1355399c140b8886d8b8c9fcf9fbcc9,2203,2202
train,0x7b6054262d9ac537110a434ae75c880192faac25,453,452
train,0x7b7524fdf31b31fa4c1d463f490dcbdc07e63557,581,580
train,0x7b79387dd30dc6848dd2308c825b6802e99abc84,2277,2276
train,0x7B7BA265B15B562151724be322fB0F7135e2EB0d,613,612
train,0x7b7e5d448b8e1daab71eee0bd828d2798cfa4ae8,562,561
train,0x7b7f585506f997859811e527a4bf44e34363ed77,413,412
train,0x7b879c09973dcd83a12c58cdeb2103f620b4cd22,544,543
train,0x7b880b6c40553ea3f1aa6f2c85453c441fed1f7d,699,698
train,0x7b918c11398d485fceae7f2864f09701857d7549,1741,1740
train,0x7b984c4f9d619bdb68ae74090fa3daaf00d6f564,108,107
train,0x7bb7ad9e14442d4b26f7a44f59b8f8378fd66974,186,185
train,0x7bb931911eda807b2f5636230808ccbc69fcc001,88,87
train,0x7bbcb1147050e09040e66f157386f029aec6cd80,474,473
train,0x7bc9743883a41d0eae531456e37d6b271f395f6e,613,612
train,0x7bd52bdff0acf4e18dd80c6ee86db205d83f88ce,194,193
train,0x7bdb9d2f09c49cadbc0a32296b37a78caaec0bb7,448,447
train,0x7be3e5769ce2db28b082f40bc8629f233f465837,2209,2208
train,0x7bE6327D21414a9Da0CCB92925479530AFf89E6a,1464,1463
train,0x7bf1c64e8b9e2a7897456d16216382b5a0524130,350,349
train,0x7bf3041d2a611dd15d2cae392b0974f19d909fdd,1700,1699
train,0x7bF4BA18cdfBD4286dC7e93497BFA62B3d6Ec739,72,71
train,0x7bf7cda359e01ea987b2b5063d10f39b5b951fdc,364,363
train,0x7bfd8e92672a54f3efcd5190a45a8b7c6216d10f,304,303
train,0x7c08e870a8f056d147604d3d5d1b95d1f76e0f79,381,380
train,0x7c0f6468838d8256a6bb334da2136a825aa3ea15,767,766
train,0x7c128f530a19d0da72251c42a888cced86055479,684,683
train,0x7C135358b2FfD611480000daeF43536cc9f99c71,551,550
train,0x7c1D82A70285f11bFfe5De9053f93af9d270c411,2230,2229
train,0x7c24982c5166b5529d95af55a210ed04eed7d1db,350,349
train,0x7c27efad27469bfa5369a5bcecd5c4bb07170a65,169,168
train,0x7c2832ea0d3709699a39efaeb7c46740c97e9fa4,476,475
train,0x7c2af3a86b4bf47e6ee63ad9bde7b3b0ba7f95da,2064,2063
train,0x7c2dcd52815b16e1cbda441b45915dc03b5ab3eb,553,552
train,0x7c32DB0645A259FaE61353c1f891151A2e7f8c1e,1225,1224
train,0x7c457dffffdea37c790e9d96ce93b86b7606ad1e,1768,1767
train,0x7C694AB2B9A84c1F24a2742c2351362AF3e197B8,181,180
train,0x7c6b64ea75faae3ca4b223f7e5dea700acebc77e,582,581
train,0x7c6b88fa39a9a60466ddba414821560a060928bc,1683,1682
train,0x7c6f0f0bb581e479f72c31abb6a89013cbba5b7a,494,493
train,0x7c7cbe140194d6b5866ee1fdf667a10e52bb67cc,448,447
train,0x7c833af22bd7da8ad29541c35230d1c822e23889,397,396
train,0x7c8db6eefa66f5fca3343bd10f7d4932b0c152f7,404,403
train,0x7c94d093df52d86056390f27d344c3019a865d32,237,236
train,0x7c9801326a2a8394e45dbacc115c975381a693ae,615,614
train,0x7c99b8f798fd6930e798198da8cfdb76582148de,11,10
train,0x7ccfe64e02e378c2ba6fab17e5c8b9c404e5a8d7,265,264
train,0x7cdec53fe4770729dac314756c10e2f37b8d2b2f,317,316
train,0x7ce1cef50c3c72952e851af7e6787d7d19a740e9,970,969
train,0x7ce88ceed1015ecebaed624459dd97435e77157b,309,308
train,0x7cf271966f36343bf0150f25e5364f7961c58201,717,716
train,0x7cfb70d69f176be9631480dda87531b715d9ec09,744,743
train,0x7cfc4442dd96d6f85dd41d458a13957ba381e05a,78,77
train,0x7d01989c920ff8c45916195317381bb6a62352d1,433,432
train,0x7d176a3f8b4ac56fac1a610ad7e9e4fc263f0e5a,319,318
train,0x7d193819ad03d0dc90f00cccb26e190e95f1f2ac,2146,2145
train,0x7d1ad551b2b1d4f142ffd868906b58ae64b0e847,621,620
train,0x7d225b77cbb5f826c1a45ea23b15a0b317bd7840,626,625
train,0x7d2624470429a4fa48f09206238749fbbb45eaa8,1168,1167
train,0x7d2e0263c59530d45c1491b8971596e440b78d20,350,349
train,0x7d2f06d779ddb93b51018ce6bba12af2d55f10fd,271,270
train,0x7d315da547754800e4cba2f19bad35e49ddd7423,361,360
train,0x7d340742b6efc49df173985036c95306ae8692e8,346,345
train,0x7d38056d5486df55954477f5426afe6c88789031,2054,2053
train,0x7d462f1219ea5bdc8e6a6d879d96ef2a6c5275f8,613,612
train,0x7d4b8cce0591c9044a22ee543533b72e976e36c3,808,807
train,0x7d4bb661561ed8db39ab30221787f5c0ab09bc28,634,633
train,0x7d4d20d71c331df3d5675112ca5a873b3243d3f2,112,111
train,0x7d517345f11C69a93a28Be80fceE0d6234273651,704,703
train,0x7D55bEFF247dE632Ea51F24e59643c2c02256799,367,366
train,0x7d58ee0e31888c0780a8a6c58f6e273ccc6f1201,756,755
train,0x7D5Edcd23dAa3fB94317D32aE253eE1Af08Ba14d,508,507
train,0x7D6154b80Ce4E087652C0308Ce6a4f83b13FC743,1547,1546
train,0x7d669ae0b893f91f59861194d53e3ef348d7d4a8,711,710
train,0x7d6c1fcd1ee018cb12bcaeaa2f160dbf041fe37b,350,349
train,0x7d7af2744eef43e2b4831c221a96dcfe099810e2,1140,1139
train,0x7d89c06e55dfb8c9de313b2f987a169e4992730b,350,349
train,0x7d9238e1c39e91089bfe5e72a503e32f2dac526e,568,567
train,0x7d967a044f6ac48728e8b3438610e95c06532b79,424,423
train,0x7da247644c9f5bc0ea4e2c789ebf69569cdd3f1a,7689,7688
train,0x7da27e8ee158ec97ad3f6a75277080fa9b3f0371,350,349
train,0x7daff44549fa2291521dad7b2cfa816dca71d05a,617,616
train,0x7dbe2567998b3f3ee6868804ba578cab91d1c0b4,777,776
train,0x7dcb72ad13f89a3e6a97943073b03e65935e976e,100,99
train,0x7dccb8c9639b50cfc33175307f0656d6eb5892ac,613,612
train,0x7dcdbd2c6548774d301811658ddcb0e75eca9881,421,420
train,0x7DCDE80B9E6eAaC35Cd5E0225F17cf8a418314cc,2802,2801
train,0x7dd8d4c556d2005c5bafc3d5449a99fb46279e6b,1562,1561
train,0x7df24b03c7f4a697f337da0755427dfb3d1c3e4d,489,488
train,0x7e0055ebf95efcb00cad8554a51a8000af4a200e,3399,3398
train,0x7e03b8f86b9cfade0328a4a2c7588a659972129b,8128,8127
train,0x7e0941F50AA4dbC6C8430c3f8eF146CdD81e8C97,347,346
train,0x7e0949df59f3e71b22c409a97887adf970fc011b,487,486
train,0x7e0b06a487b0060d447ea0bb8415b5cc6d7bd1d8,1470,1469
train,0x7e0C7676be340EE8eFB4321abfA4634a7Abfb92c,823,822
train,0x7e169Ef0a7915F9E6904b13308F9C995D2c295D6,2503,2502
train,0x7e247b6ef830fd6ab9ca536a6af6358ac0a9e426,197,196
train,0x7e2495d14237d66251442c56b67583e9c7f80047,551,550
train,0x7e2555d31f75a34a6a5604ac04a7ee8fe769731d,259,258
train,0x7e27129180683cf95b8c4947dc82ad2e34ebfbc7,350,349
train,0x7e28b1b39d333007e14e7eea1c80186937aa2232,157,156
train,0x7e2adafce6033c1272708b58aeab1164017417d2,1736,1735
train,0x7e3e1ce2878909bc8b4b58076be22feec9ba762d,544,543
train,0x7E43581b19ab509BCF9397a2eFd1ab10233f27dE,346,345
train,0x7e4d9a47477ea0ad97971595957d52cc0f58d991,685,684
train,0x7e4f418365360cc9b2b3c4d71030bf4faed95eb2,439,438
train,0x7e5ba6b8937db2e6ad5381d6128773a231676009,561,560
train,0x7E612763296bC00d53920c0A72D76878D7247eD9,182,181
train,0x7e66e6d17a5ffa489e5f6fd04c084b708897977b,1792,1791
train,0x7e6a3cb705ed45a939573a93d9fd25c7b848c02c,551,550
train,0x7e72cf5b37c7ff414e886192cfa6eca8ae128ecc,736,735
train,0x7E74BAcdb60597735cdF3EF1e35002Eb0b05725D,335,334
train,0x7e7994f34259cd175443e4799d2733fd70e99bb9,656,655
train,0x7E7aA6A037bC056AE5Bd6a399553cbaC1B680602,872,871
train,0x7e7ac3b826c8a940728f324766089cadac54ed30,780,779
train,0x7e81e1aa3beb5aeeffb1f33ad85a42133befa8a8,587,586
train,0x7e9d5e7655bf3ee30043ca24a55eb6f799e0ee54,754,753
train,0x7e9d62e1ff4e34096f91ee0153222ab81f7184f0,483,482
train,0x7e9e3090cbdb2414cbb4d79be7d6b94477413ced,6308,6307
train,0x7e9e431a0b8c4d532c745b1043c7fa29a48d4fba,561,560
train,0x7ea6840e179cc41412165acaac53d854f0d42fee,342,341
train,0x7eb177fe168822403c1ba77c06452fcaf8e00a10,350,349
train,0x7eb5a5ffac9f4e10a8745160efcc2568ee9f7879,829,828
train,0x7eb8d69dC8bcA4d49BFe9090d1a93bC430b08610,325,324
train,0x7ebb6079e6d6c7cf8f58cdbd233ac3edaf1d9a60,633,632
train,0x7Ec6A713197FCBb4cFe7213800470b0940268549,456,455
train,0x7ecbcdef9ae2f5dce8a2e3b5de9ccfb9a11fd699,342,341
train,0x7ee2724fd59caa0b5daf33601ca394f1aa8c6e6b,617,616
train,0x7eef3f256e868f3a8451bb954e7977ddcdb027ff,476,475
train,0x7efad05889be1cc28047d8b7e34cedf8ac99c5fe,399,398
train,0x7f0c38d5e951c47d96d3ec96e3127c73ed4b278e,688,687
train,0x7f1f1e95b243708aa29cfba53e13d45e28356d2b,535,534
train,0x7f288ff5a8055f5f6103a80dd806cf8415e035c7,645,644
train,0x7f2a6fb65bcb31c56872d6e9bf48016292d7e198,640,639
train,0x7f364c74285cc1fd3ca8f9704e9110eff4c29088,506,505
train,0x7f37472ee88062acc82f14ccfe6e7bf5f469dd05,2230,2229
train,0x7f395379174ab6245239c0c4badc6ea7652a9f01,2007,2006
train,0x7f4fe0059129442fd6e46785ba12938de51c5a25,935,934
train,0x7f6eac2ea38284645795996b11f9bf227cf9551d,1483,1482
train,0x7f7b57131f7a70edcb34c409e942e5adb811d9cf,737,736
train,0x7F93BAFc01ffa46D8735cc7F51914aC90cBa061d,2156,2155
train,0x7f9697c2d71f933904f3420344ec8b22004f85fa,416,415
train,0x7faa3b024d8f3f0d4cfd1719d5b7366aacd59077,1066,1065
train,0x7facf5286883d4068b5adb4c7c4d3ef714fad5a9,485,484
train,0x7fc408011165760ee31be2bf20daf450356692af,814,813
train,0x7fce2856899a6806eeef70807985fc7554c66340,927,926
train,0x7fdb1095f5e126dc7b0d9084997ff32ce69de23e,278,277
train,0x7fddac3f0807b135488795b42cd2dcd3ef8c3a0b,693,692
train,0x8002161e98eaa706b9b3f114899fab5c5deab39f,1168,1167
train,0x8005e968f848fa0c06bf24c221874fbc70d396bc,732,731
train,0x800f0272ffe883291e1917bc5f2120721874e497,421,420
train,0x801aa94f6b13ddf90447827eb905d7591b12ec79,2388,2387
train,0x802216857760c60d78f34b7f7d7ec9cc6af3bfed,553,552
train,0x80258cc84e6cd4f629c1d4a7e9c5ac30f08881c5,375,374
train,0x802b7E948246e68a10F86a86289142BcdcB078C4,335,334
train,0x805268241cf0559eb5c1f610f016f549a77ca772,1245,1244
train,0x805cefaf11df46d609fa34a7723d289b180fe4fa,1222,1221
train,0x805d6f1827e35a60c4b6d63fd04281bfbc2c3823,805,804
train,0x80616F35Df2ef0CB42280a629761e0350FaFd679,186,185
train,0x80647a3b0ea039dd077c10128558a948fc0d9276,1687,1686
train,0x806a6bd219f162442d992bdc4ee6eba1f2c5a707,85,84
train,0x8070201a647e2eadd59b2bc92d5efee4f3afc259,526,525
train,0x8073335c3b74c6f3f52b5a414684b969ed167ea1,2761,2760
train,0x808A29d65E63c8Df644bC66eEE832EaBfB65C146,2802,2801
train,0x808f92faedfd51643d7c7107bda0604dbd74bc30,1072,1071
train,0x809050b8d54793a9f982e2b546c6fd4da397edae,296,295
train,0x809946eCcFd6b3B672A1Cd683FC81778C9556bbc,617,616
train,0x809ed499d06c1960944a16abf7120d74f0ff6144,1724,1723
train,0x809faaf63ee61b9133102b4fbe560219b534b6e4,687,686
train,0x80a7e048f37a50500351c204cb407766fa3bae7f,607,606
train,0x80a9ca0bee2a09753d27657f7ab6d6e018e78b55,598,597
train,0x80ba3b3780187eca1ca7b4f8636549ac1f0c1faa,368,367
train,0x80bc5512561c7f85a3a9508c7df7901b370fa1df,942,941
train,0x80c13052ea39bc9f78d6723bfcef273f5a7ff651,34,33
train,0x80d0cb118f7179c08157c86f8ed416581278bb6a,879,878
train,0x80d3d7db98abd09450a99e8bbde9d2a1fb6b1888,940,939
train,0x80d45264dd23f4a690be5a0f1af310bfa6091c0f,1108,1107
train,0x80d9b122dc3a16fdc41f96cf010ffe7e38d227c3,96,95
train,0x80e38d47b1dda527e45c353f6fadd133c7c21f35,206,205
train,0x80f19d54b1f44dcb123a106ed436b95b33c8bb1b,350,349
train,0x80fe4c46af6a1dfd6761f5af925d06ae10cac6fa,350,349
train,0x8105CAc7aE60FA550C58DFD1999Ea7c34827802C,774,773
train,0x810C5A80108996714c079A9055f2294C16b7De8e,335,334
train,0x810c6945E6863cf367F2cd636c67C68D097Cc2f0,335,334
train,0x811b98623ea8f4da5efd64181cc0d9920d7a7061,508,507
train,0x812ade7bc90c34e8b2ca92590e525305c85f2d03,413,412
train,0x812c7ce4d02d0e6e9ddd16bf5f9c45f1d3379219,237,236
train,0x8143b46172fe05231e3fde938e464f155d0ab5fa,573,572
train,0x81481c47639c8e1BbF07E7b1b868B48EE8bBcd23,1117,1116
train,0x81705082ef9f0d660f07be80093d46d826d48b25,416,415
train,0x817560b4cc45338393c7ede4ff5a99cefcdb5351,544,543
train,0x817e72e93831dbf21438ac449fe890d07de87d4c,350,349
train,0x818ca1fa9f88f76d061cddb4169c287e7dbcc6d8,6397,6396
train,0x818eb44a71390a501251a8f730976f87cb28e978,543,542
train,0x81912d0b2b549779805a407f9b916aee3216cc3a,350,349
train,0x8198bd8449fa07757b0080e00fc2ee65ff102d9b,1004,1003
train,0x819dc78e14d7a3c3830e9f583154278b28893eb9,1230,1229
train,0x819f9df405abdadc3ff2e6f9531d87a8c1a5df55,361,360
train,0x81a2da0cc03e0e492b34e0e79a2359ae6994095f,350,349
train,0x81a9ebfdcd87cd291eb5e5260901a898df3bdafd,1017,1016
train,0x81af4cb0a608839557834c1c275dd74bdefb7ec8,544,543
train,0x81b4d08645da11374a03749ab170836e4e539767,242,241
train,0x81be91c7e74ad0957b4156f782263e7b0b88cf7b,1214,1213
train,0x81CB9eCa21A17B2769C1ca26e2e91500EFA13023,1299,1298
train,0x81cce1111f2c785753728437219d37ffea5240fd,348,347
train,0x81E50bc4B959A080C6Ba84a810A0DDbccDcbd10C,1145,1144
train,0x81f074bb3b158bf81799dcff159521a089e59a37,857,856
train,0x81f284d04e151362199db299490da3036765fee7,223,222
train,0x81f5e44c050a535f2f23fde37b39e55745a378f9,721,720
train,0x8200341ffa058a4b2fa5bef16c8cca0330d529ed,1068,1067
train,0x820cbd71d2129783034e0bba0bc36ce15565faf0,6246,6245
train,0x82125afe01819dff1535d0d6276d57045291b6c0,551,550
train,0x8213BAE97f28Eb16B1c41f212857535685F347Bf,460,459
train,0x8216deae8744a0286c8c53d8f237b65f661644e3,3236,3235
train,0x822dbEb0219537a62E84D5D385D08AcC6A0Ba3e9,1990,1989
train,0x8231CE24732BeeB67E99eAb54accFcD9A33D96BD,340,339
train,0x82326511e18128c684b4d318ff24135451f34fa4,1168,1167
train,0x8233ee9f367aa92417d0d464b4e92e2cc6978372,350,349
train,0x8237796f6c89e6a55c8d7af9c5e5b715490eda2b,412,411
train,0x823c431dec478103a3fd637d2b60f948b810ca86,618,617
train,0x8247637b5154287fd1ce157bd5d6768e117afb81,432,431
train,0x82483993220c7d321fdfb420a9dacca134942756,380,379
train,0x824bc5ab53f9e58592703483fdbc8a7c954bf635,615,614
train,0x8259cb8ffdd970a7ff6114164d0c50304bf2efa0,86,85
train,0x826020e146be225776a433d1fa301962be6784f5,592,591
train,0x8260aa7b903fa1746820ebf674f2f837b22f016b,276,275
train,0x826512e74f4a2a80d340e56a9ffd7c2c83fcfcd8,186,185
train,0x826f6d1242231b70832d009f7d2c99a0ca8b7a12,1293,1292
train,0x826fda249eda33f43b8dfb3084efacc39993f851,1384,1383
train,0x82701c592a64b64cac6d11d82145f53bca92b78d,350,349
train,0x827165b837ed938b89bf8023bdf7eac12cc89975,326,325
train,0x827b4bccfd235f7ba220a073df221a24b7771f53,725,724
train,0x827d41446a2cb012d3011b94f525d6c46b32866d,513,512
train,0x827de8cb5bf8da8f16093505c58b5677122cdcec,378,377
train,0x828079c4ca02301258e7eb0b4ca9b21cd4d49e69,350,349
train,0x82830a06a648b5f23b5717f4e2a8e2a619bda60c,350,349
train,0x82871e14Abf646925166a7D3A88E99c225A158B3,1032,1031
train,0x82898432d56663b132d3104181a4edea8680097c,2211,2210
train,0x82a0048590f7eb200d55b8281761e0c21b3b5f10,1570,1569
train,0x82A48004789B9aA6516eA14b6B2164d0382c5387,1604,1603
train,0x82a79ed5ab6f96047995579fab331a415727fccb,1806,1805
train,0x82ac108d3569e7bad9b43c03a5facb0308eecb41,747,746
train,0x82aeeba428fe5c971ab6f3f2972b887c0c330521,350,349
train,0x82b0e50478eeafde392d45d1259ed1071b6fda81,374,373
train,0x82b99c8a12b6ee50191b9b2a03b9c7aef663d527,613,612
train,0x82bb5DCD77686587633ba6744bd706Ea09833FBf,400,399
train,0x82c2c4c70649b19c9f4cc5e1e8f20c8233f6cfe1,627,626
train,0x82c6c051adf60a8f4a00a313277763938a0ae29d,1154,1153
train,0x82D193F8Ee41D12aaA0A85cB006606D67F773E9c,683,682
train,0x82d40ffb6352a3c6a13514df5ab26b0b86056a46,751,750
train,0x82d95cbf21d8bffb6c856ea8a414471951b68977,74,73
train,0x82da0733c6c5393031309b1994b1d4d54bc4330e,95,94
train,0x82db2fa63aa53c15682ceaee8ea3a0a36a4470c7,399,398
train,0x82df5022fbcfdd877830371d7713f0181a554c9c,228,227
train,0x82e2deef0247f0893815060cbfbb083d4abb3646,367,366
train,0x82e727d640826cfbe0364d52481d79d6821fa39b,977,976
train,0x82eea180a237b5874c179607aa4a9f6940c9e726,345,344
train,0x82f643884474cc0f5e21b07b9de3be67f44c02fc,350,349
train,0x82f6feb8feebb573cb66c59cac46fcd5ffd891f6,567,566
train,0x82f85f7f90361e608792cad5fdd5b5c95c56c227,824,823
train,0x82fdedfb7635441aa5a92791d001fa7388da8025,568,567
train,0x82ff63a849416045faa56bb58e335a435ce853d7,399,398
train,0x8302d67bdc44dc0457e0c80312142dd353c9948d,375,374
train,0x8309dd14df991b8f26954b3a2c0d03aad6cc0547,1130,1129
train,0x83292811d49fb77fae990be1a309f1039af05dea,2018,2017
train,0x832a864f53ed20bb84fbeae39997f048292e3b9e,830,829
train,0x83302dac6bca67470d785c6f05bfd7131d846d9a,1009,1008
train,0x8338005b31bf37dadea7f76a7778dcf9150d8f02,2043,2042
train,0x833882e76f4967b9b18f52d70640bfcc82aa91e9,2080,2079
train,0x833d404fc58ea23fe8be63130bdb2d1806843517,2436,2435
train,0x833ede3050c27d88e5da6922a312e3fdc15be29b,2039,2038
train,0x835A44027Ee4e92BBD8874e5EDE9e5148B069e96,660,659
train,0x835a77b2dbd77a9da5707f6333350315b3e01537,584,583
train,0x835d4c2407d1e69245ed0e402ac1faad15310c82,422,421
train,0x836175e10c294d76fb44135d666b3eb76a62e0f0,410,409
train,0x837419b066cfeb8e05220fabbbcc06fcaef13803,350,349
train,0x837b926e698a999eed00cf5001569d00ac23f6a8,964,963
train,0x83812eea2a6781e44553cfc18fa0bd455cf0c953,510,509
train,0x8385bfdb96c285f63af35bda5ed9ef615eedc3d2,298,297
train,0x83a216a7d51f9698fce51364d6a258d725e55b54,254,253
train,0x83af943b741b568bcd93c5664fcda75dbbda4161,361,360
train,0x83b2fdc4b90706fbee7f4aaafb56356b6dbf25bd,1185,1184
train,0x83b6ad8e37ab7a4f71da533a35271484270ec6c2,646,645
train,0x83b7EEb4D6eC1289578186f1da64A876DC71FCbb,957,956
train,0x83be287610d69c91eb18120a824e1a54b95f5a67,1471,1470
train,0x83bf4ce7a3937ef86f6eb8082e09ce39c52be697,191,190
train,0x83c2027b7c8596ba0500b0259b10312751ad5a58,350,349
train,0x83ce340889c15a3b4d38cfcd1fc93e5d8497691f,1231,1230
train,0x83cee9e086a77e492ee0bb93c2b0437ad6fdeccc,1768,1767
train,0x83df9b1d885739561d515ec515926b2324e445a9,806,805
train,0x83ee4a6a83b06f5d28eb98145d1349bb93a165c3,91,90
train,0x840086881facb1e8c222fa5deb2f93f238b0ba95,897,896
train,0x8402f958b250128711921a46a5d21a932d2eb386,53,52
train,0x8408f6f74044c1705a99b4675c9d7f534d30eb29,721,720
train,0x840fe75abfadc0f2d54037829571b2782e919ce4,936,935
train,0x84119cb33e8f590d75c2d6ea4e6b0741a7494eda,542,541
train,0x84148e0e8332e5a965ae33aacb84b6b1a3901dc5,689,688
train,0x8416b276071d806240269b7f6a29960719db1c8f,350,349
train,0x8416d6cf1ef3b3363a031ea42e4332fa69d2c318,1010,1009
train,0x84178d97a442cab8b584917cbab6342ab9a1e137,848,847
train,0x8418c859eb647209785c972f50b003efb4290d05,1682,1681
train,0x84253bf0ceb52453376763d863f9bdb03dc19db5,519,518
train,0x8425748b09d6bed16867ac358ea2f0851120e8e8,544,543
train,0x842d6da3097b5efde5a81535144f947ab482b6ee,181,180
train,0x84332b82575cd4a7bac7a5df08a9712e78ff7d1f,723,722
train,0x8434fab6b134ce8384bb22bec1c99e34b62a313c,551,550
train,0x843620cad173eb76fc0386c28dca4875c4011cf6,1388,1387
train,0x843d0a4524c7b13e333781f8716a891c8248277f,264,263
train,0x8440a3db2e68166810bb340ef20d0fac23cbe3f0,989,988
train,0x844d4a3e02fe4fc9d56e098b7ca5e647dbf98d04,566,565
train,0x844de59c9a8d428283923fb752002fafe2aa694a,199,198
train,0x8452a8ab96449b793f3ad1b9f080493debadf22d,65,64
train,0x845588353269dda92eb98787041370e4ece93540,199,198
train,0x846b39267e6ed86f463f685e43b6b2716ad24d9f,342,341
train,0x846b394389ea7116100b6d991a6df06d5d1e4ad1,1278,1277
train,0x8476957a872ac0bc253333cc063b6a37f6a6faa3,280,279
train,0x848217a9569ca64fffba9d000cda05f9d2fa97f5,530,529
train,0x8486c9490a7789b18a5504438aa51f17e9e9095d,587,586
train,0x849019a489C3C26C7a7668e468BE81A4D132781f,397,396
train,0x84936cF7630AA3e27Dd9AfF968b140d5AEE49F5a,445,444
train,0x849de371420b4e1002418b93d7dca95472ba04b6,1539,1538
train,0x84a1467d6b3c6ba22fabf6a3851c287c9c55f298,3852,3851
train,0x84a68f203ded4f2df6d00df42fb90f8f25dbced4,1193,1192
train,0x84a8222618acd4ac60547b6e89cc2c72a12a49dd,649,648
train,0x84b32b9f0e717cfb6737e19b357c731b72e97e43,350,349
train,0x84b42a80283a8936ffe95f1fe3762ba4538ce21a,1465,1464
train,0x84bfd848717d60e01805b34d38a0d8b1f2bc4e85,3369,3368
train,0x84c91efa4bfe61907edf6a7fc9e5515e55b1c703,417,416
train,0x84c96d19de65b24301b210b92f65ee806d274565,207,206
train,0x84D45E60f7036F0DE7dF8ed68E1Ee50471B963BA,620,619
train,0x84d50ebf4737331fb41ff9e3c6c324262c5b661c,416,415
train,0x84d6b85c6e49818364cd53d6659e7dc247a5502f,350,349
train,0x84d9ec85c9c568eb332b7226a8f826d897e0a4a8,154,153
train,0x84df2e22b02ccb9ece6ea52736c4d2a6bc1eb963,477,476
train,0x84e4b751cd0b552af022227e336edaeacad029f1,753,752
train,0x84e70911f7810100fabfeee94d81146e74f14a50,293,292
train,0x84ea17efe042b3efb065fa17d40086ac543e1460,344,343
train,0x84f0367888164b89c4b6a865bb3cf2c9ecce2b3f,350,349
train,0x84f7f794867642a47ce577fe0d9745da6ac37c44,128,127
train,0x84f851b6b661a09def55924b7ce8ac87a11d7601,350,349
train,0x8505185d59ca2b1381a727c3429098c62b18e71a,1095,1094
train,0x850bf94674547f38834505a4d7bda5e9dd81e616,207,206
train,0x850c430378909ba9ff2494d0a4df17928e99f8f4,4160,4159
train,0x850d2f801e58a40c959520cd1462a6f7cbf532b4,389,388
train,0x8515ee7b050b62e99444f235fe92cdf1aac6bcff,3239,3238
train,0x8519230f15a9b7614958780ef52f0ff0e4e119f1,662,661
train,0x851ba7347b3d7f873267fe597c8efd187de29a77,185,184
train,0x851E60609FD6E2d21038e43854CbD98470A8BAfC,189,188
train,0x8522d00c368a0810c7684da6714f1a66d0f9d5b8,144,143
train,0x852de008100cbd305589d8d65850f864056148bd,1184,1183
train,0x85302fcc8e5ed7e6182f65e9801dcdfed89bc52f,1220,1219
train,0x854D46fB66F01E9d50646e01eD404D3C25760E94,1990,1989
train,0x854Fcd48F7210712E1d3660539A96186A17D299F,532,531
train,0x8550919cbdf551e8d2739d73197ac4c95dfc2983,350,349
train,0x855b177c87aadf123a38fa5909da71775cefe552,499,498
train,0x8568d96526052987b8a18a53cfcc20afc030e504,350,349
train,0x856912680349a406f72e26aa994100b8ad409f87,1617,1616
train,0x8569732a30ddd137a874a2420e1237465e7d1d14,350,349
train,0x856d527f8cf65bbf4da14197ec21eb881f8f2cb8,350,349
train,0x858c9eaf3ace37d2bedb4a1eb6b8805ffe801bba,330,329
train,0x85bc00724203d53536072b000c44a2cc16cd12c5,2750,2749
train,0x85bf7653d2514d1bb2c35307d9c448f4ae968ec2,619,618
train,0x85C28785003936a42b8E4127D483D25259B86bB1,683,682
train,0x85c548a176f86bcaad45e96a7758538ddaba3a65,1534,1533
train,0x85dd50bb40b7770564d35d71b0c6eaf3ec1d9603,549,548
train,0x85df7eac31157bbdef55f05b0e8f25d3a74f7f88,314,313
train,0x85E49AD719a539fb9fBb1dfe0ce9A2cc184D5C9f,1737,1736
train,0x85f16d4e2811579aea56da207cc44608e69fd590,544,543
train,0x85f1752fcaf37c45aa77d677e54e94f533c49874,1182,1181
train,0x85f1b0178c5c0710aa9da3c4409c731aae0a944a,10,9
train,0x861825daa0068136a55f6effb3f4a0b9aa17f51f,2400,2399
train,0x86208ad4e9e43075407a8a7c5c7ce0265ee2b8f7,350,349
train,0x8629903cfa7daee813bb3c5531d0acf0a5b09a46,1051,1050
train,0x8636ebeb9f6e5486409314f5128941b5448d2da8,352,351
train,0x864def510D754DF9c1d43B925DD9887baa5Acb07,498,497
train,0x8658069C3a3CA314363d359ef76Dcbcd2b80AACd,335,334
train,0x86585a9f5eb6c781c9b5d185804bdd35fd27d223,1012,1011
train,0x865d176351f287fe1b0010805b110d08699c200a,1266,1265
train,0x865e3707a580F9db89304005CddD050Ade8873eB,388,387
train,0x86621332963202937650cb9153b1afc8e73296a1,484,483
train,0x8662c0d65c790aa3ecd13e876653054df53597f7,350,349
train,0x8668ef4534ec8716dede42807084a526ff4904e2,309,308
train,0x867349B2ECB01c770631A5907a56af415fCE6A33,330,329
train,0x868326eFCA6e89F75a76D141167759f1AD10854C,609,608
train,0x868f487e03112edb641a46afb59421f52ae1afb8,350,349
train,0x869db2680600fbf9913df90ef0fd057935c248b6,7689,7688
train,0x86ad220d9fee817847f03876986e6626f676b7cb,962,961
train,0x86b14014d74981ebe02af2981f0fc9d0ba73c2a2,1798,1797
train,0x86b32e8838c2b61bfcd64b6acfa7b952fe7af4cb,350,349
train,0x86ba01f38a92ed31b83565395841887d0c467b3d,53,52
train,0x86c6A7ee4eC24d25456580D81F7e8f486186eC91,851,850
train,0x86ca189a5e189513b52c2018ca9e4918cffeb54b,1206,1205
train,0x86cfeb74146108f7988c790b6c3b3aa88fbbfd59,1341,1340
train,0x86d108d1EeF9AD9F71D1b7080B172085d871CBC4,930,929
train,0x86d7fc646fc1657b58f4a977f1075f3fab066651,619,618
train,0x86fb872ff061f7d47d7c8154e6030731695ed1fe,1469,1468
train,0x86fe3c20379ac71ebbf8c0499b41fd2b457e4e9e,2851,2850
train,0x87026f792d09960232ca406e80c89bd35bafe566,589,588
train,0x870ed69ed12430c6a3d4abdb30c7eeb1918c62b1,737,736
train,0x870f9DF5C15927cE20D02246829c6f2A34B3F3fb,842,841
train,0x8713d26637cf49e1b6b4a7ce57106aabc9325343,587,586
train,0x8716152ecec818c75e7c6cc277a5783c7b07149f,306,305
train,0x8719612bf4ced64a3c1034b70d496c6810239b05,356,355
train,0x871a71438029549a836c042d3bd0e88ca6c88388,582,581
train,0x8727c112C712c4a03371AC87a74dD6aB104Af768,644,643
train,0x87360ae69f75e3a8b19c131dc01f4e0d2fc8c6b9,1066,1065
train,0x873c58020bcb114b4fea456cef93aaf58e8e305d,355,354
train,0x873cdfe8709ccdf1e3765264959e8c78c7f224aa,1098,1097
train,0x874cd43cb59cfd0b7a5828dd9377f733fed17811,531,530
train,0x8756db667e7433d0aa666cfb9c3a08f3566866d5,361,360
train,0x875d14f7544374edc88e2bc4dd0a71ce7aae5ad9,350,349
train,0x87668E3c1A56b45f35Df0FC0b5D06bCd5F616179,746,745
train,0x87670e9cea18f0273c9bc7a926ef0543cbc14b8d,1253,1252
train,0x87681d81d46e15e6d74181f32fa7d4ce996be0cd,383,382
train,0x876a11639ce3d2bba1712fc9f47bd6faee575ad4,1046,1045
train,0x877027340a137d64d70bfb938c4350ee64fb45d0,219,218
train,0x87710139a7dd3f5be464acb1af9b016a8361b97d,535,534
train,0x8773ddf671c1dee9bec26824433b0fe75eb4cf9c,812,811
train,0x87766c251f604163b23802c6b30dae398f49528c,2170,2169
train,0x8788fab9cd91f901be257afeb23e31b873e3849d,395,394
train,0x878f038500699bca837f60597e2eb710564b8a62,117,116
train,0x878faa1ac2bb6a02ff892d9239844291fa5c89c1,350,349
train,0x878fcd33cdf5b66edce691bca5e1f442688c8ece,516,515
train,0x879111574f139a7e3a4715e71234a39b985523a9,495,494
train,0x879716da78A75a44bdfa8F038ce875f99586940a,768,767
train,0x8798f50078993c3d46be6f7d7d22b3a3868085d3,353,352
train,0x87a182cf0276f1d4801239950f686bd811f1b81c,345,344
train,0x87a3f0892f072cf872af725445a839ce93b1539c,350,349
train,0x87a6d6b84e2c53b5178084c6bf513c569afc17f8,1995,1994
train,0x87a88284e6bc7f4e21a41ceb4f1a775875f692d0,718,717
train,0x87acee9e7ce4b36cca9d101dd500170e06cdfb23,617,616
train,0x87b020c3dd1eafdc243c26a676f51c33b5608298,350,349
train,0x87bba2d7797e831e5193598b2f6eb3f8a61eff07,283,282
train,0x87be69e5c196e0309cdf6957fd7141fda1df2b97,1546,1545
train,0x87cce026ea61e7f6252c26bddc165f98345993d3,350,349
train,0x87d1ccf428832015d6108520d6d0909013753a62,2143,2142
train,0x87d598064c736dd0c712d329afcfaa0ccc1921a1,2470,2469
train,0x87d65516cFD4170E5Ca3087d3f47cd8D412dC4f9,579,578
train,0x87d753f3d61bc1f3f525e835e0d6904a5a4a7e16,73,72
train,0x87dc86E1Fde430c226c881AE6E9108afB43EEb47,335,334
train,0x87dde390e9d458dca2692c29facaa33b7636f7fa,707,706
train,0x87e06a78b5f350464dacd5af37639f561b82148d,194,193
train,0x880928e59a4ef3e3bb22e596f17081fd19e494c1,6065,6064
train,0x881Ef48211982D01E2CB7092C915E647Cd40D85C,1389,1388
train,0x881f21d3e2d2d4f48d815f41bea8dbdcf0e24e50,280,279
train,0x8821e485787e2f19ea30922ec1a24a67554db107,855,854
train,0x882e6a0b899ea492f9c86336fee0a86c08b47e78,667,666
train,0x883215b54c467865b3b3be8b8b90fee6d945bcc7,597,596
train,0x8839aebac610f88522db2e17d9b867ee4b571bb2,145,144
train,0x884181554dfa9e578d36379919c05c25dc4a15bb,355,354
train,0x88466d672c70920550da6038d69b952300d4d524,56,55
train,0x88496dd0bb932b060e9c7c4ddc8e1b72b1e39451,158,157
train,0x884ab39852db9eb1d040478e7c77ea4e9dd460be,350,349
train,0x8851Db785eD637aB8f6FcDCC396cEdeaE2A204E0,842,841
train,0x88529673ddadb3a7572ff9b1275604d330df6fc9,551,550
train,0x885a4819e899c772b439f05944096a3236315550,442,441
train,0x8862d55fa8e1d766b386f08d869d7fbcf5b96a06,773,772
train,0x8866d52303e372c2a2936d8ea09afd87bcbd8cf2,525,524
train,0x88765d79c5d26be5544ee66ed32e85000cc96753,617,616
train,0x8877b35cacce0063a280c6448a3c35c2cdf94b58,6482,6481
train,0x887834d3b8d450b6bab109c252df3da286d73ce4,1214,1213
train,0x887e1988f7d697df22aea1207a5e1831ad3065ef,2125,2124
train,0x888666ca69e0f178ded6d75b5726cee99a87d698,414,413
train,0x88a3e4f35d64aad41a6d4030ac9afe4356cb84fa,575,574
train,0x88a582ca459e1d8266233c3db229ab868a6a9dbd,155,154
train,0x88aad16deca8c56fdb38a5960103de0213de455a,440,439
train,0x88ae96845e157558ef59e9ff90e766e22e480390,1295,1294
train,0x88af078337afde014574dbc6027a1db75d629b76,5969,5968
train,0x88B57814ff75eCEE6a79A0cdEc8547834cDF0b92,350,349
train,0x88b9E2b80e573Fc9d44ebE96109b5FB4032A3258,1117,1116
train,0x88bbba8c17fafd395c47b95e5a53c7162dc576c6,1770,1769
train,0x88c34053408de547ea4dc0c0ff7d9598afe54eeb,957,956
train,0x88c46a325254d19F12403643e12356C1A195c88b,602,601
train,0x88cd506ab06772d35c51a05661b4993390ec4f9e,330,329
train,0x88cd51d749ef0ead434eaf95e54a630c65a45133,544,543
train,0x88d50b466be55222019d71f9e8fae17f5f45fca1,378,377
train,0x88d60255f917e3eb94eae199d827dad837fac4cb,563,562
train,0x88dca05d560900219cc133b9857d842a8b2b5764,630,629
train,0x88ded08c83e4cc86882969d10940cea44c01c010,350,349
train,0x88e4e59ab0CEb1F5D35e62A873cBaCB72f3dAF47,362,361
train,0x88e7029a16443ef0491c5f46042d34d0c56e691f,1001,1000
train,0x88ed2e15dcabeaae5a9bf35c3196c8d2505b8a1c,314,313
train,0x88eded244d147c6a96b2565a3831020462fed555,1038,1037
train,0x88eded8712c5ea071c56284a2078336a551e4eda,617,616
train,0x88fcfbc22c6d3dbaa25af478c578978339bde77a,2185,2184
train,0x8901e8ec84c4914f63a6fb3b74bcc62863a60ff1,638,637
train,0x8902f3ab9e14183c9a7ec1463ecd7f61046ba965,350,349
train,0x89064da61e06c0e2035b5c8601c759ba60acb94d,350,349
train,0x890b708cd5f499d5b1b557609a0685adb80d3a92,646,645
train,0x890e82707313e18e3a1e40387d4fdb000f7fa7b3,565,564
train,0x890e99d7a8dcf35c9de9679d2987fbdde91f2682,320,319
train,0x8912358D977e123b51EcAd1fFA0cC4A7e32FF774,617,616
train,0x892677b4afdf892e75f2d2572592fb838ba15cfa,706,705
train,0x892972259262E5A82A3CE7DdA209500b2a84A4C5,335,334
train,0x8931961707ee848671c6e805ab0d459edaa8a060,216,215
train,0x893805122704274d1bad833bc23a74bb876fdef4,350,349
train,0x893cfdb6bd875912518842089f3a1e2d49f23cf5,35,34
train,0x8943daE5A03801eDC328dA203a90bB78F28f873d,747,746
train,0x894a5743738345895197e558dba2cd9e29a3dd8c,350,349
train,0x896f64bd660cdfdb8bbf9a350c7d36aabf3f56b0,350,349
train,0x897c6cf1996edfb2126703dcecf038df646298fa,555,554
train,0x897ce268e75b8eaa8ecb07a2e4802e3d0b2c3da6,500,499
train,0x89858A45fE6a7f8852E095E1Ee0966f3291114a6,707,706
train,0x899338b84d25ac505a332adce7402d697d947494,835,834
train,0x8996d663596dd1315fd799ce51b0f3405d20fe02,350,349
train,0x89a71cb2f01c5e763b6ef9480993abec6ed72ff0,350,349
train,0x89afa608488592cef2f337f36eaf4cbfb05d9289,1395,1394
train,0x89c1b3807d4c67df034fffb62f3509561218d30b,728,727
train,0x89dd662cc0651a6f3631a617724525f2ff373b1e,2986,2985
train,0x89df528d2c6db352cd326e6d637f6dd8fa4f4da1,603,602
train,0x89e317b5a84368550358f9772698854738edd149,2290,2289
train,0x89e3b1467209cfaec9bce2293f52951584622b60,575,574
train,0x89e9062b160a8d499727baf544bfaf4997dc4ccf,630,629
train,0x89ee867da0daf5260df8d7530348337faeb968b3,495,494
train,0x89f4f1910718b4208ca9ba2eb39e07bafc70b535,1202,1201
train,0x8a011b5dfbee4a35d414c748aaf634e7429c4cf2,544,543
train,0x8a0bf1eb0e029e974d4ab04a84558bcb1e1aa0a6,350,349
train,0x8a0c810d797508c64663cb038a29476f6034c032,1308,1307
train,0x8a162ee391dc6103da716c56c017d08391c48423,97,96
train,0x8a1ce73cef5b49a250c58ccf9a145d87925ea438,598,597
train,0x8A204aec8FBafc95a9A82D2eDB5Bb12CB53469c3,1547,1546
train,0x8a33b0b92c8d9002adc1789d6a10013abfcdd95e,44,43
train,0x8a4472ac1b6a5858668345b1408af850129758ea,455,454
train,0x8a5ab6f781e95e59cacbfdb44894de250586ff67,389,388
train,0x8a60806f05876f4d6db00c877b0558dbcad30682,1602,1601
train,0x8a61bfc048c219ba865d0b44b0ede19b8dd76d08,282,281
train,0x8a636d434ec5d15cd97976bbbe889d7fcd81119f,192,191
train,0x8a71a4f38eb0d26d364831e7193718180a06c73b,350,349
train,0x8a7afe3a6dbf4c29a615758e9a88bc5cea71f0b4,296,295
train,0x8a7b7b9b2f7d0c63f66171721339705a6188a7d5,653,652
train,0x8a7f60fcfdbdf46de9d802381565670ec0e91ff1,350,349
train,0x8a854288a5976036a725879164ca3e91d30c6a1b,1254,1253
train,0x8a8F0d809b76335751a57e971C512258B4418D43,1990,1989
train,0x8a92d6eb9a7360c651ddcc69b3c6e01d82c90bd4,462,461
train,0x8a98cf91fd2ea825a187e4ceaf3490c8a71d8d73,878,877
train,0x8a9d0b21fe37343cc99f6c0dc950e5a8f2bb4603,237,236
train,0x8aa32161c71fbaa6f71b65615f3d58dba883ba6f,1151,1150
train,0x8aa33a7899fcc8ea5fbe6a608a109c3893a1b8b2,521,520
train,0x8aa7fb11ed6893c8fea046a7f847fb834d9a9133,646,645
train,0x8aac9dee1d46f3bd870489b596067dc8e0741bf6,350,349
train,0x8ac4b79f0a29624fcb1720ee131068f1ce23acd3,640,639
train,0x8ac77770de6a3b690e9f3ec368fb64ba3c112cdd,595,594
train,0x8ad7b69f443e3eaa711ee89d50053bb0861d2848,353,352
train,0x8Ae5A3d3107699b379898e25013e4b71A227ea22,288,287
train,0x8ae7dd1aeeb22e6de0ebdf787f3d0246ccc54864,318,317
train,0x8ae8fa381c148827b5000bc4de61fe6dfed3a8b7,353,352
train,0x8aec8f09a840faea966f4b0e29a497d8f5b5a6b4,1876,1875
train,0x8af1381430df31ddf1ff3ee519184bfa9c96352c,765,764
train,0x8afc35663cafe36a157a1805c87222a142bb518d,377,376
train,0x8b099BDCfea93FAeCFAC13D0dBc1D08c4e1EC595,98,97
train,0x8b0c11e0df925387de1ce92504fe0e4af23af6f2,322,321
train,0x8b0c9f462c239c963d8760105cbc935c63d85680,546,545
train,0x8b0e368af9d27252121205b1db24d9e48f62b236,340,339
train,0x8b168e46281e72d410717b27a6ca97bf9f301173,229,228
train,0x8b2c66d91F5751B905fa801668C9B61AE3975282,134,133
train,0x8b3357F00F1cFd0b582ef5187d1644fcAf58463a,335,334
train,0x8b3586eb251e1e545187b6cd850f2713b3705230,673,672
train,0x8b3f2ec8577e4da54294dd924d26c4ca2ac4c80e,1220,1219
train,0x8b449007fecad398b3c0b8ca27305a4b9ddaa32a,463,462
train,0x8b7d609e51f22acaf0dcf935a147945caabf2457,396,395
train,0x8b807cf49ca593c4678811211df2992e64f2f3ef,397,396
train,0x8b85b51711d827810925fb91354f5be46e23055a,438,437
train,0x8ba49452e12449240425de9895b1aa51f5f3b90d,625,624
train,0x8bada5bc5cbc107f01c9a11e93cf0641b2851b95,1570,1569
train,0x8bb2129eb6ae7592539e0c3053ebca6bc99c4e81,966,965
train,0x8bb2d2dcd0fac903e70a02d09331add0025cd507,399,398
train,0x8bb5752e672bd1f0b556bb6497b7749bb5729f5c,571,570
train,0x8bbf4dd0f11b3a535660fd7fcb7158daebd3a17e,624,623
train,0x8bccd8547cd101ee78c33c41476670cf58fff411,354,353
train,0x8bd00d926fd37c91a0253606c9264e981776af7e,526,525
train,0x8bd010f5e46af9c1f5f0976ceea79bcc8410821b,742,741
train,0x8bd0ac2a9cd25d0ac7ad492f0af7bcf053475f42,1504,1503
train,0x8bd5f1f98defb0dce71db10d67c01c5b6230b46f,2039,2038
train,0x8be732f654e0023537d244937172fa531821d125,519,518
train,0x8BF1E43e3Ca6f5c25C380803154aE687D682Ad32,1132,1131
train,0x8bf65fcd0837e64c799228c7e3671217185c9b02,350,349
train,0x8bf8bcf8aba5ecffffd431489fe79dad38023a9b,316,315
train,0x8bfe5ebb128ee82f4ba80f56bb32409cc87bc6fb,1957,1956
train,0x8c01ada8e708993a891d57d1b3169479a20acb3a,531,530
train,0x8c0a599d3ff4d3344cb93ae49247c11b645c5e44,493,492
train,0x8c161e726e783760f5ab709fcd0d07c74cbce59a,2515,2514
train,0x8c2916ff8b7aafe08a62ed9e0e9d58f4e753ebe0,477,476
train,0x8c2dd6875edaf3118f1c565d0f9a087fcb87d579,345,344
train,0x8c37188945c02818f09c7650093befcaa4085127,495,494
train,0x8c3f29965b2c287d6fdf9cfcf691d4c3c72601da,254,253
train,0x8c53931237b6360345b01f1cfa27f7b10f89be78,642,641
train,0x8c58cbca117db4b49f3c50e95e6ab11c3c27d3ba,137,136
train,0x8c68174f8329cbc6bf35a258cc1cc3fc9da906c0,350,349
train,0x8c765ca0d33f5812d03a30c424edac013bd0e406,634,633
train,0x8c84cb84d98b076502fe65477b97657e3c8e954f,589,588
train,0x8c8ccb81d436b0f3017664441c39cbefbd64650f,785,784
train,0x8ca22cb28f565cdb12f95b227d06a937f80eb07f,1354,1353
train,0x8ca30dc0c82128e53dbda143f511e6bdfa42e997,32,31
train,0x8cacdb7a4418cb6a21190d7b3a5060ed86d8b307,284,283
train,0x8cb9626bbc5ec60c386eeede50ac74f173fbd8a8,427,426
train,0x8cbac609bd23358e6f0d8b637fd08aa924beabeb,788,787
train,0x8cbe659dcf03388ad6098b0bea656b0f2e4011ba,390,389
train,0x8cca0fd1dba5f6a3a75957e1ee7f8112bf006e1d,630,629
train,0x8cd5bd50519cacb11e1a91fa66609e77f2bdd485,321,320
train,0x8ce55eb548694dfdc6a336c48d85b2ec565a9a76,597,596
train,0x8ce9411df545d6b51a9bc52a89e0f6d1b54a06dd,551,550
train,0x8CEb724bA3cF37637ca0844c9d24f2C2713C9da0,487,486
train,0x8cedc93dee5dfb96ae27597f3c14d2bc9d6c05fb,1200,1199
train,0x8cf401c02ce2caf7f649dc19a18cbb1594f93976,350,349
train,0x8cfbb996429cd91e500940c070339efc92c24fa6,350,349
train,0x8d040556214125f3fe7d8b22cf17c364603a6035,1556,1555
train,0x8d06cbfdaf7066c739c71d70a2261d96d00d2d52,740,739
train,0x8d0749084afeb14595f1ee31634a6e3ee4e64a11,1117,1116
train,0x8d079274b7016384859Ef11f045A07800E99Faa9,35,34
train,0x8d0c0a7d0447bc39ad583b7531110f904c185f50,623,622
train,0x8d12a197cb00d4747a1fe03395095ce2a5cc6819,1610,1609
train,0x8D1B194a384b70f3c7d804309Af323A383B1A291,628,627
train,0x8d2301e58406648b72f37366785a54e0f7e081ce,1239,1238
train,0x8d2AAE6a7EB63Ba89c36e82385f096d41074Cd87,1156,1155
train,0x8D2c0e328e866108E9ce6Af0d7c3b77318FDc043,391,390
train,0x8d2c698650a90c7652d4dc369c4ac7e9094bcae4,22,21
train,0x8d397626b256be03dd718b77e217eee82c4940b4,617,616
train,0x8d44d6b4ea99c865df1545a2dcb3aa445ba484bc,350,349
train,0x8d48a44a80092439c58d5eb537fbc98863d9b303,350,349
train,0x8d5682941ce456900b12d47ac06a88b47c764ce1,1081,1080
train,0x8d5ede2af16e4dd5b7fd6c4f2b33bf685fffd584,209,208
train,0x8d6162fd664c9b028e7dd8822fcf30590124f9ee,350,349
train,0x8d66e9e37b41652d8b46a2b3aad5f61aef0c0947,350,349
train,0x8D6824d40022C11bc4B0cBFb3BAFaf1A3847616C,105,104
train,0x8D8Ff7EA7015326d7fef637e4e9461207c8ff412,500,499
train,0x8d923f3e3f1c1fc2a95fd7ed97e786755e80f26e,372,371
train,0x8d9277c7a5cf7e931e2f687160c08f266ee48e08,350,349
train,0x8Da7840A3F50d1b941ec0dA7e42fe3C479b66D29,346,345
train,0x8Db8ad2888b338dc8ad715347821c24bbbCAC5B0,417,416
train,0x8dc67fcd39298982832f3302a9f975caa53eaec6,282,281
train,0x8dcff3aff91f0922f14e1c11cc409086cd1e4692,925,924
train,0x8de9abc2d27b363ac4c23e08c67ea5f43db9bf6f,1349,1348
train,0x8df7365b98c2da1221fbb7c236c55d035f74b42b,341,340
train,0x8dfe3cfb26a586495b3b8a2f586dc8ac1441e2c6,1132,1131
train,0x8e0f8adfb17c48f5837228018ace3c711168458d,941,940
train,0x8e129510f8e281357be602fb6c55c3f2f186973c,361,360
train,0x8E1a99D8dBE5687F74C74f18295C4928Ce2F676d,1100,1099
train,0x8e21698b186c403e1bc40f0ce9da95b24ca73be5,234,233
train,0x8e40894954b987c32571fe9d3cabe8024c6830b2,242,241
train,0x8e446571ae749312757567d9a781e427bf992746,629,628
train,0x8e48f1fd56abd20d86bfb995f4b7ef1eb4f32d1c,1390,1389
train,0x8e58289afddc1c32575555b8ac5f6ab316051528,864,863
train,0x8e6fff605143f9f274f7fc676f0366e4a2a43258,784,783
train,0x8E8F340f43430c9a1958aB72B2847c8e4935bb0c,197,196
train,0x8e969ac6e834Ae942cd8936711dA8Fe37a87900c,350,349
train,0x8e9cebe2a0a4ea3552eaa9eb2969308ab33e3c65,546,545
train,0x8E9dD6C58165aC8e2AA6E7dA3D39743e60003c57,454,453
train,0x8eaffe914e5bbf6784236d3f702549d8c9533d03,1001,1000
train,0x8Ec8C10Ee373499ba69c49E757d105a8043E8f27,1320,1319
train,0x8eca2366e8ad2051a14af338620f6dd101c231e1,1338,1337
train,0x8ed3ba9c4028865f77b3c8917a2003131709fbee,324,323
train,0x8Ed61279b30201203bc233EA972E10008c8B7C5F,563,562
train,0x8ed6ae0903c66484bcafd7528d284b324207f620,434,433
train,0x8eeb73befd9285d686d6cf7649ed657514a714cb,882,881
train,0x8eee81d817c9548615d69c485074b55df487ab95,317,316
train,0x8efb1125a0bbaf68e9055f76c9b4e535aebf4cbb,350,349
train,0x8efbF211541A11999D2FE0520e4746c89C2d8e52,1382,1381
train,0x8f01ebcdc9972cf3c7ea61ddf57d124846896db8,544,543
train,0x8f027134bf5b930ade747dd76e4901fbcfd41cd2,350,349
train,0x8f0921f30555624143d427b340b1156914882c10,747,746
train,0x8f223017e0519d54f9395fb01fa37139e54d921f,833,832
train,0x8f320f48f7e3101f548b1cf20e91f735dae26392,361,360
train,0x8f496e163a1be07a9896c1357f3ec51eabbc499c,1088,1087
train,0x8f49722c61a9398a1c5f5ce6e5feeef852831a64,472,471
train,0x8f5044d55bcdd79b8ab5b137b918307fce13378c,526,525
train,0x8f505f82c7ba9e3bb760e11fd126d0bd49020d7e,308,307
train,0x8f56c8c551f130b7d4543df73157e5e03fe05ec5,239,238
train,0x8f64dcd3d43567afa274339e351d4388220bda1b,985,984
train,0x8f67049538a14fad62eeb35cb00d7156ba9ef5e2,617,616
train,0x8f69cfd1151ccbd04ec04cf6d279dab03ae95c24,556,555
train,0x8f6ad1e464e7d8acbb08304c8bbf6e01022f9762,350,349
train,0x8f750F5caF6A0Db221B6A1c601E0eFDF4133BaDf,282,281
train,0x8f7d3f14610bcd08f0ae48e999473206e3df0d67,1488,1487
train,0x8f811657b12f378fedd85af591be8bf8c22dd333,1092,1091
train,0x8f8738bb17bf9f0251389bcec6fec4a9cb4f49b3,1168,1167
train,0x8f8e5e6515c3e6088c327257bdcf2c973b1530ad,851,850
train,0x8f8ed472becb9b422da6b46a88c67b0448fc53f2,2198,2197
train,0x8f923563a1760a82739a584736cb7a7fe6b67ae6,723,722
train,0x8fb34a3c46e7f864943b7a387ace65d5593577cd,1471,1470
train,0x8fb5113fde941af65055bcbe4ae0a1916d7514bc,477,476
train,0x8fb97dc96558199ffb549a35a231b97a19fdc912,972,971
train,0x8FBB7Bd244440673328970484A96C5E9D95f6865,635,634
train,0x8fbbffe883bd8958b5324a9dba3987b4b2271379,562,561
train,0x8fc1c3933cb04bac34bcbccd34b0982ddf0a915c,544,543
train,0x8fc489fb4999c57c4ffb31b8df2388666797239b,1156,1155
train,0x8fc95edf1c8720510809d881b1e3a44ab4b8d031,858,857
train,0x8FD1e427396dDb511533CF9aBDbeBD0A7e08dA35,198,197
train,0x8fd3121013A07C57f0D69646E86E7a4880b467b7,781,780
train,0x8fe19c447821b4cdcdd5012bca1b5469ca96d80d,1124,1123
train,0x8fe1a2c232a3483eea00afc51b6127d519c49cfc,654,653
train,0x8febf7551eea6ce499f96537ae0e2075c5a7301a,831,830
train,0x90016b5ce0fee59f3ea7b9dca5871e9ee486aece,358,357
train,0x9002d4485b7594e3e850f0a206713b305113f69e,1423,1422
train,0x9002e9e9ee6ad064b30a930203782235312e6787,524,523
train,0x900448f2f4c0dc2805d1183a6f947f38d5db79ee,277,276
train,0x900b4449236a7bb26b286601dd14d2bde7a6ac6c,576,575
train,0x900F0aB96C70d799d317DFaa9e41fF852E72883c,335,334
train,0x900facb56ec2073c0a9fe590e2f53baa37c86d7a,572,571
train,0x9016c39638c9C4AB5E91C7c075Eb879Cb0c9b2ad,266,265
train,0x901c6afc81f1e7bab528435b187d56f0489998db,1121,1120
train,0x901c93f1bf70cb9a08a9716f4635c279f33ae8c7,149,148
train,0x901f47957338bf52b6a45ef67a3de09346c3fa29,352,351
train,0x901f84102829c7462fa26b1d825f63febebebff6,242,241
train,0x9022a78192061d3d1048f10016050a3dc7339283,2210,2209
train,0x9026081927ad897324c19af90bdb1d558e70302e,350,349
train,0x902bf050fffb865e6d8dea59c7763727ccb5e0ba,3268,3267
train,0x903c7af702000b58baee44366815119fd39b2e3d,2094,2093
train,0x903db1bf91cc22964cccfbe1a1875eb3b989f32a,446,445
train,0x903e7414cb54e44766dcf03e4ab424fdf9259d78,1165,1164
train,0x903ea33949AB7563C5058D08E3FD9329B80b2ff2,1547,1546
train,0x9047ef7c3d52956dd0909c1c1e011e986ce60691,372,371
train,0x90484a65be4c44ce581c0f657a551a97f4b281ad,590,589
train,0x904e4d3207e76ed607acb0e4fb061a795aa3edca,350,349
train,0x90528aeb3a2b736b780fd1b6c478bb7e1d643170,794,793
train,0x9053d234a1ff2290f087a1ca9460e3263121e580,171,170
train,0x905e337c6c8645263d3521205aa37bf4d034e745,688,687
train,0x9062c0a6dbd6108336bcbe4593a3d1ce05512069,328,327
train,0x906D0C7d0e5784e7ba91b87F7c4012C5b146EC50,68,67
train,0x9070e2fdb61887c234d841c95d1709288ebbb9a0,571,570
train,0x9078cda2e1f0cBED0c2A34BB852c76485328bFa9,675,674
train,0x90795feead69497dd1cfe99c79297b22e60515fd,763,762
train,0x908c41461cddefb9f7b4d90c03b66c1c52ab6093,1514,1513
train,0x90aa6fb2c2ab2c9e3fd5634c054d636c708cd5f3,402,401
train,0x90af3daa5d77a41686afda52463725e19c69636c,342,341
train,0x90bd2cb1b88359308f6d3df01c47c349a46e27ba,776,775
train,0x90ccc765e4c2f90575e0052a2069b05325a36d6e,350,349
train,0x90d79ebc256df2c76670ea8f9126cc67956597e2,356,355
train,0x90da942f5a63b383121cd8d4772d384cd7ed51eb,82,81
train,0x90e62d00ec8e3dc0f40a59389105f678ae027406,1202,1201
train,0x90e76c2c45599443339eca66bec2d05f20bb6f12,591,590
train,0x90fe7a0beeca90da1ae0545d18af4f1dd812e0d6,399,398
train,0x90ff30185c96069de0afab62763d3cfd64f590ee,613,612
train,0x9106708eb08a6fca144bcb45f8bcd020f903c0f5,2602,2601
train,0x9113e3d10b6127ead93597af8ca552c2630bc837,350,349
train,0x91151ABe8cea8EE574B50cC01c18CE36cbbA3195,341,340
train,0x9117899cF4574bC084472F78618643a92F090651,1417,1416
train,0x911ce7a305ed6411191d134af8d835cf7bde22c6,453,452
train,0x911d71eed45dbc20059004f8476fe149105bf1dc,313,312
train,0x912b8f85e28b9ec196b48228159e2f13546836e6,1306,1305
train,0x912e4240364e2e02670114958f677bfcf0ac2beb,867,866
train,0x9130790d79d7d739079369660a59b8bead6c1b4d,361,360
train,0x91444e521d3de023cff20c2804498416baace974,1319,1318
train,0x9148ab505fd9eab5141b2b36ce815e2786b7f7cd,457,456
train,0x9165eeb6a8aec2a65c47a28a0a364553e7ee9dde,544,543
train,0x916d90c1e5ff551938ad87f17ac6f776eb86d46a,350,349
train,0x917ebbb38c13cd795bd1de6f3d4250a638d4a978,3239,3238
train,0x917ebff9a67b0da55054b252b0d06315237b15b3,544,543
train,0x91804f11fafc03672ce0403cb0788b2b64b56695,664,663
train,0x918bd2006a751bac8f477a76c8e623f0ee61259b,1168,1167
train,0x918becb3a725caaa5f8e277bb0b914d271331e99,1182,1181
train,0x918ff08e11d55CB8fe575A2B02F0d778194232D5,416,415
train,0x91923993C4Dc3e089BBb1fc9d4A5A765A479B68f,144,143
train,0x9196e35adb253b38d69e3c9bd7856bb8f9f693ed,350,349
train,0x919afca858b0ca2c184d136e0e9725a685b8d9c8,102,101
train,0x919c9b9621b3da0809431b213c431a796cb8fa1f,513,512
train,0x91a57b2f6fa86b373bce5716eb26c81cbb004223,2129,2128
train,0x91abA36A26c653aBa26BF768bC203254cb2bB910,345,344
train,0x91bbf2167fef5b0044d8580c9631a3161616da7a,985,984
train,0x91BD62e48282eA188998D04570eD8a3e237d3A6A,1002,1001
train,0x91c5ac34ba7a2f204c3158fd4614e89cbff34063,617,616
train,0x91d0013742c6a6a033d46ac9da7b5e0416c35e24,160,159
train,0x91dcc0945713ab32847256678a6885e3e9f7f560,1203,1202
train,0x91dfe531ff8ba876a505c8f1c98bafede6c7effc,3460,3459
train,0x91fAaD742B9F829423491B286814CD609f121cD4,210,209
train,0x91fe28b2e059cb89aab4c763fc059bdb73e6bdc8,616,615
train,0x9200f1be36761dab295673279afb09d4f2b2531c,1914,1913
train,0x92023ec96a788cac18f1472743da5c56839c8683,333,332
train,0x92033cc5d60de8fc01e7d4125713e05194989e1e,728,727
train,0x9214eC02CB71CbA0ADA6896b8dA260736a67ab10,1145,1144
train,0x92185519dc5a3ab41396d1da2bb4134ea3921172,1623,1622
train,0x9220231d7cd5425edcae2f354aa078f624c441e5,895,894
train,0x9220d625bd6bea95c865b3c4faf273bfbd6bc48a,612,611
train,0x922105fad8153f516bcfb829f56dc097a0e1d705,598,597
train,0x9224016462B204C57Eb70e1D69652f60bcAF53A8,652,651
train,0x92249e2ac5ff1645a2f25519a832fddbc13dac1c,722,721
train,0x9224a19ebe5af1747351fdad29b6861c7ca6fced,1725,1724
train,0x92277b492f4398f1c74d13ac87faece4d7f49000,754,753
train,0x923108a439c4e8c2315c4f6521e5ce95b44e9b4c,3768,3767
train,0x923b7eeea0d77834a335ac8481cc8343a7e81350,350,349
train,0x9249133819102b2ed31680468c8c67F6Fe9E7505,797,796
train,0x92579f2fa430B20BF6CE9d19938Fe061aad992E2,347,346
train,0x925adafd3d45203f8929f0e877c4663079e63075,350,349
train,0x92683b8a2dbbc02d1c6303d5b4362a06e46f5616,1092,1091
train,0x92685e93956537c25bb75d5d47fca4266dd628b8,387,386
train,0x926B300a5dabd994BD549257744F05892cEf8f9c,703,702
train,0x926Ea825E22d879ac52844Af3E988C3Ec64cE5F9,1382,1381
train,0x927c06fa32caa8b24a5d89b6302eaad5269363a6,350,349
train,0x9284c4b9da2c97d63bdb930aaa8eb751299fc8d4,1928,1927
train,0x9289582fe88c9665c49cb8cf806a03a34bacf821,617,616
train,0x928989D4d0D71DAAF86819cA69Df620ebAAAD407,400,399
train,0x9292dcAEC74fdeE91bE7F079c64791808721A637,361,360
train,0x9294290053c4114c5641cf2f273c3102d049d2dd,815,814
train,0x92949fc876ca4c3617d5f5cf4c7e284020bf07f8,350,349
train,0x9295ede03f6eab5c8f215d3ddcf7dca3a26ca087,23,22
train,0x929fd32b5055abb0d59249e9206cb960cc40aac8,526,525
train,0x92a06f3ed11af181d832bb474d017906acb8c299,935,934
train,0x92a0e3b38dcd768bb6ac04be34b641d0cd355970,972,971
train,0x92a5b04d0ed5d94d7a193d1d334d3d16996f4e13,477,476
train,0x92a5df76945031c2525fb29cef70c257b7f148d6,310,309
train,0x92A92648bd788DcAa086773C975d928b4A60A182,347,346
train,0x92b99cdb39ab18c2735a3374e2149cb75869f59b,614,613
train,0x92bcbc2240d581a3fac5911cb4d807e7a79590d8,1930,1929
train,0x92cbf8b291fd6d2f1f1d2f5786be6aaddfd099e4,350,349
train,0x92dee36a50f66c603e15b9ac07338ec0046f902f,183,182
train,0x92e47a4b430f105c25b02099c179166c2bd119b2,345,344
train,0x92e4a3c925380aa2900fa95652cece69d87aad85,350,349
train,0x92e63be3a88df80f64ba4f829dd7ddf97e8b750b,53,52
train,0x92f6096a93a6ebb6bc439831a7f30f1e6020f184,428,427
train,0x92f6868c0758f15faf3b5ad60a579db7ccf7d42f,350,349
train,0x932a3d06e6d28114eee68af317e66f2c13cae981,329,328
train,0x9337651f1dfac7F858D4E08a2dA27B001E6af6B8,667,666
train,0x934e65cead3c1c2824ed75d54768d53fa44e4e17,574,573
train,0x936647C1291Abb1c179cCFb7e5ABe9C10b9c3ee3,609,608
train,0x936cf530568c1a38394b30d896c9cd419d92aa72,866,865
train,0x936d118702aD19Aa39D6e0aeD5eFd434A577f6Bf,684,683
train,0x937251fca959f81f7fbb7cd2f3ea7f94941a78b2,694,693
train,0x9372ea151e874f3638ba9950c15aa4b136748d58,544,543
train,0x9375f79b3c186e9cc380f9d5890110e21bf0f04d,349,348
train,0x937a7486f5eb354c4a77882542333c4e8919203a,48,47
train,0x937ee62efc6a3b3f498ef59bca5e9f59cf4166ca,1810,1809
train,0x938358f6f7786735cffbac3a218f3be16e496cf4,1371,1370
train,0x9386c0a3e4a641de38a2f054102383a6c20f24bf,1794,1793
train,0x938875f7a161ce2f4c314ba1bb3172dbf52ebb3d,237,236
train,0x9389c13d70d824448d81ea6aeb04f3d732fcb9f8,350,349
train,0x938da0a8155a173ece01054ccfd4edb98a75245a,492,491
train,0x939c0304e9033761e4b510a93386ba3bebc983ba,2310,2309
train,0x939da7bce862f79676db57267ebd6856eaead7c1,1935,1934
train,0x93a5a3d0f3cf4e8e4a69e821a2de1b1272c52007,603,602
train,0x93ab01ecdc617df94cb619d413c7cfab08567683,350,349
train,0x93acff5eb15d5222330efe5948e6a3f46a89fea4,350,349
train,0x93afbb655003feee6f1efd855491dc14d6b3b361,211,210
train,0x93b9e878ac33caea776aa05cf46e7d15ec6c9dec,659,658
train,0x93be1f8e4bd120487eb94639f68b366d6c556fbb,1382,1381
train,0x93c0a7295e66392bc9adf629d7e7e4ff38ab7789,350,349
train,0x93ebbf10084680bae8afdb05955bf1c0dd65948a,1349,1348
train,0x93f28d717011771aaa0e462bd7ee5c43c98819f2,1159,1158
train,0x93f7bac5f916a883ef0eae24419f581247603c58,350,349
train,0x93fbd5814e2e0e7974f380978aa176c7cbeef37c,416,415
train,0x93fcd82fe7370fb367b7cc48477e93048b14a1ca,1946,1945
train,0x9403ca0f802c3cc1a45372e44cdd7ed0e5cd1a04,497,496
train,0x940741ad6e3c25df5cd5ec7550b23a889e8ee57a,822,821
train,0x9409b1e54d5154b39bdcde3a6f85d463028435c3,546,545
train,0x940cf8360f4a8d9c2e994c070d86bfa7e14bb321,350,349
train,0x940d73c91db9f82440702f6cc8323a8c60583777,970,969
train,0x940e7d8fb34921c3c5bbb8b9792b1a0e4688fe9b,225,224
train,0x9411cf70f97c2ed09325e58629d48401aed50f89,108,107
train,0x9415f457786145456a0854a65dae1be1b8d6c29e,368,367
train,0x941995615e760A95a684513f5fFb12f16a343AAE,427,426
train,0x941dbfc9983d6caf958dc40a79f42251d409b3f1,526,525
train,0x9425503158208603dFF6FcD82De4dEE425290bA1,230,229
train,0x94298f1e0ab2dfad6eeffb1426846a3c29d98090,328,327
train,0x942f20364c483a1d99a133f507a57277f570e45c,350,349
train,0x9432f91bFC2335b0485AA4967D0ACff3e34Ae134,400,399
train,0x943741868c9847caab6369b30131061e9833d3f3,350,349
train,0x94394EbE010332c5A40d946658779d26dA3aC92B,1297,1296
train,0x943e885c8c008c8e2abef1332b3aa129d56beb42,404,403
train,0x944b41a5fcdda07b7b530f2e56bbd8431ffe19c0,350,349
train,0x944d5a32977997a055f2fe13ed61b7950169b0d8,350,349
train,0x945400ae0c905725e3197cc37255241337301335,414,413
train,0x94585df99d9a4c13d6fe8daffa8e5e4f7c1b8ea8,1347,1346
train,0x945e5e3343b5eab73fe378f92a41665e53bbb9f8,216,215
train,0x94602b0E2512DdAd62a935763BF1277c973B2758,135,134
train,0x94603d4a41856bccb75cc3603af19fc161a7b6b6,985,984
train,0x9462e3759e98e29104d7098bea73dff3113ab700,355,354
train,0x9462eeb9124c99731cc7617348b3937a8f00b11f,1018,1017
train,0x9464e7d6dc5e8f34d162f3ca190d788f8ce8cc13,895,894
train,0x9473bc8bb575ffc15cb2179cd9398bdf5730bf55,985,984
train,0x947b9130d7ac72f221f9dc223297a4ca747bc80f,350,349
train,0x947c209c9c7ab214c54127c906a0cf58a715956a,199,198
train,0x948c2cabbfe5d1847071eec821641e54655200e9,776,775
train,0x9491b80e8971331f172cc3bce5840319e0233616,350,349
train,0x949981b382c21b992ea4c7f908387ddbe59d3cca,350,349
train,0x949C9B8dFf9b264CAD57F69Cd98ECa1338F05B39,1256,1255
train,0x949cb45865799db7476b51fe63cebe2e1c1bf525,729,728
train,0x94cac9b8a8e597e5a934b91c0e5a06fe863bde13,1115,1114
train,0x94d45663d70030ec058c9ed2063dcb0881260c60,392,391
train,0x94d5548934e683f8a4ea5d66f00e759b6b60206f,778,777
train,0x94d7e215fcb6d731919b7726f0a3571bf2fe7c6f,748,747
train,0x94dd78dbe600cc5c4e9caa5f3444affd36b33505,216,215
train,0x94eb295ec89d759bf803628d2c58de09d8f67950,492,491
train,0x9501bfc48897dceeadf73113ef635d2ff7ee4b97,437,436
train,0x950455b01afb8c82e3879c343ed60f91b7c81152,285,284
train,0x9519424eacac5ea1ce83790667ba192426bd03f9,837,836
train,0x951a50803bcef4a9f7878d85fdb6292beb00ca33,342,341
train,0x951b33363c65848a7617ad19d856e0d06afb30bf,354,353
train,0x951b83dcfb7a9865b6343c051de6d495290b469a,2127,2126
train,0x953527059AF1E5fd5013ff7A209523fcF171e773,1228,1227
train,0x95408930d6323ac7aa69e6c2cbfe58774d565fa8,1209,1208
train,0x95411d0acaa34aaaf85c0ea55a8fde2cefb3d610,1000,999
train,0x9544b6a2f02e7be2ae53734e64811475d053d5ae,1130,1129
train,0x95566f0a27487001ad236697aeec0ae778a0c40c,260,259
train,0x9558111e157EBE693309dc29B35d5B06dF5c786B,100,99
train,0x95609c7c7cbc0f3ed3f7005379f5ae5f872408e2,485,484
train,0x956380ff00306655c5bd52588972f2808d1f549e,328,327
train,0x95740ae8b7bdd345024834ef6928cb42584e7d4b,1358,1357
train,0x9581456c8e87a4f47cfdf91abff4116bd518f17d,504,503
train,0x958f81df7c7d4832058bf4a520f000f05f4601d1,166,165
train,0x959529102cfde07b1196bd27adedc196d75f84f6,1270,1269
train,0x9599831DB08D8a571665dC8aaC3B69Cc147Bbc34,361,360
train,0x959b06600405760d95b5be11a2d36c1e8e7517aa,1741,1740
train,0x95a5fbaa4f8e0f7f2fa9a9a11419c4a519835544,56,55
train,0x95abb152ed410cc4b6dffb3ed41d01015bdbb5d2,677,676
train,0x95b5a10ed52b84edd61d8205bb946323fcaedbec,760,759
train,0x95bca720eaffb546c644e84f12471044013cab9f,350,349
train,0x95bE22039DA3114d17A38b9E7CD9b3576dE83924,1728,1727
train,0x95c41f88f11953d3642ca29d7aa327087313c7f0,350,349
train,0x95c4963e7017b2583282aa98d6af4a391ff6d96a,417,416
train,0x95c9c35678c0b54008b1e3a2b0ea1730fa7dbd06,617,616
train,0x95cc9c7bf003d948dea3a5a95116f7fd9ca43778,670,669
train,0x95CF5E1304738a6b546B23721d9700A9D6e1d89A,335,334
train,0x95e3d71b120847c66b7432c76c1cbb06f944b370,350,349
train,0x95eefc5f6412701d86268752532cddf29f7c9234,879,878
train,0x95f165369c86b5f6fbe10b0306d0c2aaaa044b8b,409,408
train,0x95f5a0d1f55d7f1dd710fbdf93c94ae82aea7f0c,350,349
train,0x9607c4de311f307cf824b8f109ee3311eed32c71,350,349
train,0x96081183dd2e5f301e0518eb3b5da6951e51ec4c,780,779
train,0x9610165fa8f3883ebd8bef7f3d0860657ea4e6d9,613,612
train,0x96114f9b22060e203dfb327c36bd3c1378590ef5,504,503
train,0x961e593b36920a767dad75f9fda07723231d9b77,615,614
train,0x9622d6252a434dd4c32ce9640df0582611fc06f3,350,349
train,0x9622d66f1772531e04df2c3f83601d9b04d10db2,13,12
train,0x9624ad78b1c192bbd2bba9f83c7f064838c02f67,985,984
train,0x962719a9929583d8a5e93968526e3aebd60d420a,93,92
train,0x962bb1cd4724e9e7cbca9723fa7e5ee5a9483435,588,587
train,0x9638207dd9a0f2a243f2018be34468664a5012db,845,844
train,0x96499b84d5f704b6e660376116e3e0fc857f3cf8,728,727
train,0x964d326f878d5e56b2753f919f34c0bc4c074e87,1306,1305
train,0x9653cFd0865ad8313BEA2f0C2EC0584BFd05115B,450,449
train,0x96772986Dd94F7ba41F57AAEBBA4b2b3F027Bcc6,3103,3102
train,0x96872d8a2f4f5f2ffc00aadd2be9960cf18218d8,651,650
train,0x96995863e238e78c177ddc5a0c462f1c453fe2ab,585,584
train,0x969e98cC8c4CF426Ec3b2B649fad0eE565d947DD,304,303
train,0x96a3680163071354727974F8310A58D2bbA3ab67,539,538
train,0x96a65609a7b84e8842732deb08f56c3e21ac6f8a,1101,1100
train,0x96a68a724f1472475d0037202a516451052f26dc,678,677
train,0x96b26c1872566fd977e7a282a17bc0203a20a90e,356,355
train,0x96cd0f2e608a38b37d4420fc073c94b72cc2c6a0,156,155
train,0x96cd3fa86724f2f15d61b2a7faeb9e6cd0a0a587,544,543
train,0x96d0b9AA47356Dc088B50D4e4ce72af31C8ae9B5,1459,1458
train,0x96d619298ee99c1f34462a38e192ac3d9eea127f,219,218
train,0x96d8fbf95f72f5abe9ef04f1ade94e1ba79be508,653,652
train,0x96e2ffddd5aab73def197df5fdc4653a72976837,615,614
train,0x96e666c387b1d25b490a33cdb5a32b8a1f91d3b6,1362,1361
train,0x96f33d17e33a225807e21fcbeeaa6c7b1b543f6a,654,653
train,0x96f38b663dafe776da3999fd6e78bcfdce405171,621,620
train,0x96fe4328429a14b9cb0872a6337d6f8422d422a6,5933,5932
train,0x9704a9f123a40b8f2687d9353121f1a5aa0276bf,656,655
train,0x970d48531bd6Da34DfA5f867c3bc0AFE17c0c4dd,865,864
train,0x9712867811aa6c20aa9923d15099fc7c62927805,606,605
train,0x9712fa4faf0720b55741dacfe16de3787fa46348,490,489
train,0x9713b3bf42b0f39c688999185c53db425d864a8a,358,357
train,0x971822dcd2852e3f65918f3571dace0abfe98d14,811,810
train,0x971875780d712a1bad69163a2dac290c07b882ac,505,504
train,0x971e78e0C92392A4E39099835cF7E6aB535b2227,4906,4905
train,0x9720b742c04e272b5fd5be56f4b4881aa3597b82,764,763
train,0x97244c7640c8a7d525e056e1b020204d9e0742c6,789,788
train,0x9727be2e5eacce162fae9236a2c7b6cd826fac02,183,182
train,0x97282A7a15f9bEaDC854E8793AAe43B089F14b4e,745,744
train,0x972f04fe0927445c5821b1c368b2ed29821271b7,1509,1508
train,0x97302e9bc0d5c45cd003b2faaac177645e4a479d,350,349
train,0x9734c136F5c63531b60D02548Bca73a3d72E024D,415,414
train,0x9742fa8cb51d294c8267ddfead8582e16f18e421,500,499
train,0x97465a514b53127f6980b925587e508f07691da7,759,758
train,0x9746953f5b1324a78132895cfd263f417b0faae3,1241,1240
train,0x975e718da88b619738fbc548a258d1639498d32e,913,912
train,0x975ea07461c985d0971f8d9bd31cad49ddde33dc,472,471
train,0x9774126f3f470fb5c45d3ea8fd6198efb07c8eac,1192,1191
train,0x9774c32508040aaa5647e7e7a1d000f5d53aa0bb,350,349
train,0x97781557e1a22e946d7ab48744e1958417d0c3b2,350,349
train,0x9779b08e7dc79ea9835117895c9c68394f0a4472,510,509
train,0x978523599B9E148c01681bE097E810da5375d20A,505,504
train,0x978740501f8daf50dafb630a2b020c51db639dbf,350,349
train,0x9787482593f9daa7dad76f2d8c089a8d92580fa8,1075,1074
train,0x979fe48dc3b0b4c86170f058efab7b7e0f80f5f5,350,349
train,0x97a8c6af1c65d27f6bb0da4a3ace902c93e24eab,952,951
train,0x97B91b7Ff065e14E6372526B65216eD3f662F7d0,364,363
train,0x97be2ff809b93c02f370da97b72fb3673b160708,1305,1304
train,0x97c103d006bd363588a98659a4d3b5cab9a29348,367,366
train,0x97c1d7551ae6d404e5dd07b57ccf15498726acce,2329,2328
train,0x97d1b56f4ddd0b6dd160c71f6d522e348cca7d40,526,525
train,0x97D25fC9024C689320DAfbd9bBCA8861AB669ccD,82,81
train,0x97d6939cef5421813d3594b81317bb82a09522ca,350,349
train,0x97e0cdd0bc6e0fd41101724eef3c02f41f7e2e31,160,159
train,0x97f599b5ab34dd6223a0a80c2794c04cddf59488,139,138
train,0x980574a38fe1130Cd5876d4Aa46EC603B1d531ff,102,101
train,0x9808e39c7293ac907e288c8e0e42465ad62c5bd5,2224,2223
train,0x980f4331c1d4188d4cf876bef10fe946de70478d,1883,1882
train,0x9813d5fa1a1838f30349c068492009b84fada13a,687,686
train,0x98150dcb2c86b2e7fcd859e54ae8b627b385c28e,64,63
train,0x9818d54396aae499ed050dadada1a4729236c64d,350,349
train,0x98196fa1c9fb8e03a11bc3bd14edd42cde1a50b2,1358,1357
train,0x9828953884b857380a80d177c38d95aeb42cd34c,269,268
train,0x982ece330a8e10a2e5fe91dca8af84da193d16c8,360,359
train,0x98307e036c5d024447ea59296f6e41cb998b38d0,1056,1055
train,0x983183727a949f98f997a52622e254a284ffeee4,1143,1142
train,0x983877018633c0940B183Cd38d1b58bEE34F7301,350,349
train,0x9839a9ab98150d257667b871ea3be4cb988ce7b7,1358,1357
train,0x983f7cc12d0b5d512b0f91f51a4aa478ac4def46,350,349
train,0x985063dC56d133b2D2AD9BADA8978d8c5AdFC5c4,1011,1010
train,0x98528868cd4D2df2ddf04B4e2B4bEba38C17a18e,497,496
train,0x9854d5c1e479307dcb07d1f1102d2ac68dab5b6c,356,355
train,0x98564618d909636e7bc9cb47faec7253a5e4c1d5,1007,1006
train,0x985a965172be78c3542412505410834fde186b72,350,349
train,0x985c3d74b91293f0a66812aa32297a299eaa2339,1972,1971
train,0x985fbb68ff6396938796008054147880626d5d52,397,396
train,0x9860a2e40AF0126acE4BE9439fF40875916b4Afd,656,655
train,0x986ad7884422864a1c3c139dc3b4a44c83008bc4,1456,1455
train,0x986EE2B944c42D017F52Af21c4c69B84DBeA35d8,615,614
train,0x98734f75997de18ccf9a495805b4e01b2f8b0cbb,1473,1472
train,0x987f0b4407e5558699a9b8fc4dda23ff927689ee,239,238
train,0x98c12a825a6093ec88cd6e7cbf925f0f59cf0bb9,69,68
train,0x98c12f5b4790aa3b23488e90c52058f8369b3cd8,95,94
train,0x98ca85c59dee34dbc26667eac04f13e39f5f765a,1720,1719
train,0x98cdcf8cd44c216fe370cf5c420d9630ae916fc4,1725,1724
train,0x98d0d19faced5aa18b67c927b33b04ec27e264d3,1902,1901
train,0x98D178Fffb226CC6d53157663573d7B3D66c1446,7305,7304
train,0x98d408a25b798cdaf2d88058a482af71e9efbf3d,355,354
train,0x98deb268dae03354915aa35a0a7ff363d697bf3f,350,349
train,0x98e6b07fe87148b4de4d69caf1d322e8e22e4f31,96,95
train,0x98eced28de4c3433c8c618cc5e6f4a6fe527844a,354,353
train,0x98f319d4dc58315796ec8f06274fe2d4a5a69721,923,922
train,0x98f46c3eb0d9bec50a2eb1e3fb16c62d4536cae1,1767,1766
train,0x98f62d8ad5a884c8bbcf262591dff55dab263b80,685,684
train,0x9901ed1e649c4a77c7fff3dfd446ffe3464da747,1792,1791
train,0x99092a458b405fb8c06c5a3aa01cffd826019568,720,719
train,0x990c2463c7c4dcb435948e3110006f352da8e666,1522,1521
train,0x990da731331aE62c3e8f3f73cB4ebeb6F082Bc7c,441,440
train,0x990ff002b836fdea7422c5a06aa68c3bca73b70b,350,349
train,0x992d6d699d3f7c627a9be1a5f6020a05ecb86200,2571,2570
train,0x9937b256447f6e044a533eb7c820852d9c324e35,2000,1999
train,0x993890f752fd0f3d37c8bc5f3262c86b80d7c415,551,550
train,0x994D983Dd6a0dD89e9B62D2C1D7bE2a95C3EEd9E,1675,1674
train,0x994e6d73b071bffdd7c07152912bf652fab89533,1043,1042
train,0x994f0dffdbae0bbf09b652d6f11a493fd33f42b9,1302,1301
train,0x9962d0afcd936b0f753b2cfec649807d5cd35bd4,231,230
train,0x996a8ae0304680f6a69b8a9d7c6e37d65ab5ab56,516,515
train,0x996ccd50d1e3aee157dac4ee79942ab63ad86ebc,913,912
train,0x998b3b82bc9dba173990be7afb772788b5acb8bd,546,545
train,0x9992ec3cf6a55b00978cddf2b27bc6882d88d1ec,544,543
train,0x9996fcb2666cb47125d4e94bea709a38cbd0d95d,358,357
train,0x99d439455991f7f4885f20c634c9a31918d366e5,1166,1165
train,0x99dA01230F505df9EF9987F8529D875E954B0A81,953,952
train,0x99e8984addb9e002953525f13d2625b409a63ffa,350,349
train,0x99eec5172b0b0eb20af41bb7999f4143fa323bda,207,206
train,0x9a005c9a89bd72a4bd27721e7a09a3c11d2b03c4,742,741
train,0x9a0242b7a33dacbe40edb927834f96eb39f8fbcb,798,797
train,0x9A0ace223eDe819b9A48C605fdB0254b3335f4B2,1345,1344
train,0x9a100db3bdbd69600e949a9bc650ebf336811afd,1201,1200
train,0x9a134ce4bbd8c7b3a262774fafd60b7f7ce3655b,732,731
train,0x9a1785c94ee9f902d6bfc48c498442b3d960590c,350,349
train,0x9a1aa5b9f1978ad15c3b83868a5a16b0c102a430,350,349
train,0x9a3352DDB0C3343aaD7a3232d4c73A703B7D4f20,335,334
train,0x9a37117e85fbcc5d46e0111695d20ebf8a5127a5,575,574
train,0x9a394d14e088ede2a32a3f32ab1e4a28ed534495,350,349
train,0x9A3B82b780f451Cf3dA24B9b7f7ebcE13f510745,386,385
train,0x9a51f8fdd2d43c79da4549d452d35970bbefc48f,1107,1106
train,0x9a614a75ee8afaee643109061563d6145bdd701c,1446,1445
train,0x9a642d6b3368ddc662CA244bAdf32cDA716005BC,347,346
train,0x9a66b7417430b0e812407acd9c520b8445bc94ea,350,349
train,0x9A7069c319E0052e071fcB437c8AA3343555dadC,458,457
train,0x9a7A4ea93CE5a9129D754B7Dbeb3a3968939D6b3,487,486
train,0x9a8a94b8ef771e32bef84674c77dd2f64e66b456,2125,2124
train,0x9a8d3f6f12923e7b75e9f568af2222b4f88e27df,350,349
train,0x9a966288311783B1c4094715491dDcA11aFE3395,412,411
train,0x9a98fd382cc9cc54afb3352bf52a4a7427016e10,184,183
train,0x9a9f126a5d9d11bf0c5c4aabbbe0e3247c653a12,2016,2015
train,0x9aabaa0a378fce98c05d17f130223df7475eec23,136,135
train,0x9ab630dc20f049f49ed6ca5e034cf6d8b69248ce,476,475
train,0x9ac63e7a52247b05ac878f1ede7b1e1285a54843,552,551
train,0x9acd5451347f31a1a5cb1a4bad0a95c3bb0bd9b4,652,651
train,0x9ad748Cc73FA6Bf6F48ec4AF64cfe1181f6127A6,945,944
train,0x9aE2a7E2e7E7ffff033DcBDBDc1C76789b5F8640,937,936
train,0x9ae98746EB8a0aeEe5fF2b6B15875313a986f103,398,397
train,0x9af79ba0caee7480d077da59dba109abc380a8af,429,428
train,0x9b01eef6806049ac584b7dcbc626e94bf3d1e8b5,350,349
train,0x9b0345a70b1bab861b8d10307f14029906cf6e09,415,414
train,0x9b041285587b701b703cbb40256558f0f3b94ed3,1111,1110
train,0x9b08b8307b2bc9d7b77a3e8267c42ec3aad10cb6,350,349
train,0x9b11b1b271a224a271619f3419b1b080fdec5b4a,625,624
train,0x9b147157ca9cbff7e762c96eda51f200af9f24b0,1944,1943
train,0x9b194ca41005ca852d7bd7d5066362ca9d1c3b61,350,349
train,0x9b250383f532479085b3d24f50fa60103ee8e244,145,144
train,0x9b2e81b42907e2bbd2bd76e36ba8ce1911db537e,1070,1069
train,0x9b2ec49645e17dbea2cfc90a554394a5f45988ac,343,342
train,0x9b3e946e1a8ea0112b147af4e6e020752f2446bc,615,614
train,0x9b44d55d9daa9d941ec54b23d75b50e8c8806a27,350,349
train,0x9b46149f25Fe87A55d0A88a8D8BbF6b4A4793c82,335,334
train,0x9b545759939d497cf8a61635ac82067cec329ed6,350,349
train,0x9b55cbb00af7ef313ea49a5aef1f28f01dd262dc,420,419
train,0x9b582187b1984076730adb22ae53dd045a4ddf93,364,363
train,0x9b5F737C26040707921A309ae83976Ad15227FA5,1193,1192
train,0x9b64be5f13fb1d48bad4a5172318b9ef44c446b7,534,533
train,0x9b6754b2fb288a6b6dff59436b1b98e35255a663,158,157
train,0x9b6BAA7DE8751328E8e0a8b872Ff8d36539b313D,1555,1554
train,0x9b70740e708a083c6ff38df52297020f5dfaa5ee,516,515
train,0x9b73D1779C41DcA36314fB7c4D3309838e20C4E7,1428,1427
train,0x9b7593aae6b48d02668808c2dfbfc4bef35ef957,361,360
train,0x9b8030daf507b8bda0b9f692d576a0e87ff62e59,684,683
train,0x9b8457919cd3c170bb0e1783fcc02cc67809a3cb,871,870
train,0x9b8c435196c8398ff021f375535cf04e3459b15c,275,274
train,0x9b8ffa46065eee3f15897dcfa095e14804f56de9,646,645
train,0x9b94eda69ebed489cf5e0b1f484295fd7fd5ba03,333,332
train,0x9b9676bcaa45b3f22f22543e539992dcefd93943,543,542
train,0x9b9ea61611a0ae2d90de993053a3be7db55a1226,3449,3448
train,0x9badccd8e8265363d6d4bab6bfad61b6823f14bc,613,612
train,0x9bb287b086af92ac32de8cd2fd005e7e73c2e6ab,349,348
train,0x9bb7eb467eb11193966e726f3397d27136e79eb2,248,247
train,0x9bbb9387c9e2477a6b5d81afece00255875c48ce,1168,1167
train,0x9bbc7a40d8732c44fd48ffe6136bbd804c0b03b5,420,419
train,0x9bbee408f93d3c3b1b7d73feffef250d54adf12a,1347,1346
train,0x9bc5418ceded51db08467fc4b62f32c5d9ebda55,394,393
train,0x9bca936670fbf15165312faa3c2eec997e42f4a2,1612,1611
train,0x9bcf577ef4fad5a7bef7f636cd80373cac91fbb8,3388,3387
train,0x9bcf9d16b2ff05611940d6d966135d7527333fbb,688,687
train,0x9BD1C760208BFb99A82cDf3adAc09F4800db78B1,483,482
train,0x9BD4810a407812042F938d2f69f673843301cfa6,271,270
train,0x9BD8f4736877567E267ee445209a0b2aAFc01402,1957,1956
train,0x9BdB9D9BD3e348D93453400e46e71dD519c60503,112,111
train,0x9bdd27e56a3bf6fef40dfe71c8a97e2c843e1902,1583,1582
train,0x9bdf49b8afa1b72409fcf3353bf8b249327ab2e4,350,349
train,0x9be2fb04a5ff6216b81fd6023a82ade588ce67dc,1215,1214
train,0x9be5e5f25b0ad333b36f90264c7f90bc4c1ec72e,533,532
train,0x9beb657c8ae6c75e1260e231ac1b290620d24272,934,933
train,0x9beec9834c1bb97597663c6415795bb4621aa8c4,1214,1213
train,0x9bf233b2f9eea51708c0b345f28fc621f83daa78,294,293
train,0x9bf393afac08096f8c7c9b9b932afc106f65b615,700,699
train,0x9bf82c025f57f4a94e567204c811e0d5db6350a2,8525,8524
train,0x9bfe61748ba9b71789de234d2bdc8fa21047d3cb,923,922
train,0x9c04baaa0fe35376691d3cddcc312ea052a03294,293,292
train,0x9c05D6CA98c7822A14e820d25d8b028301bAbc0A,591,590
train,0x9c099997100fe55041b2028332A027ad7004AAc4,848,847
train,0x9c0c2c6d734d075a013c822b0cfea8917a3f5e75,895,894
train,0x9c0d525e8656098b96e7787aa7e9cdb33c2d892b,291,290
train,0x9c18a41b38545bcec4344afd50dac9c0d9a5524c,2621,2620
train,0x9c40531a9df59a2b548fb659af6ff48d80d5d035,212,211
train,0x9c40cb7fd419b47c6e5ba5a142c674a410375466,350,349
train,0x9C4c03d36774b496BCf6A8C3D69e830a5c0cF039,791,790
train,0x9c4f41cafb97a959bd05b11b0680e8083e234a9e,483,482
train,0x9c53ddb7c6f511d5ba4500d7893fd2afcc1fb3ef,806,805
train,0x9c794584b2f482653937b529647924606446e7f4,270,269
train,0x9c82ae26800d4fc543532f786b6d0e2d96a500b9,908,907
train,0x9c838f01bc4dc62ec17e1cebc82a356af60b7983,1026,1025
train,0x9c8c709c882f02c07ad998d4b87ecd3e0bc8c3f9,386,385
train,0x9ca99d3455f12be8e580dc8c1498fc7194fa6ddb,1429,1428
train,0x9caa3424cb91900ef7ac41a7b04a246304c02d3a,140,139
train,0x9cacf0f744fccbeb5930ffbf933750255a96b441,705,704
train,0x9cbf1c1592c750050742029baf9b1167a60f5d14,711,710
train,0x9cc2ffa71ab3464b11028bda8ce5fec759e4957d,618,617
train,0x9cc5404e0ad06fe0ff4d2c7cc5f28a32ae95e483,244,243
train,0x9cddb488d39821f06057dfb0f7885964da3d801b,718,717
train,0x9cdf3c7d8a298eb6273e33c0c41d25a859f87907,656,655
train,0x9ce2985ac35f539c63b558daada331de06938705,618,617
train,0x9ce52672be4e2cfa99bf7bd62af9e06bcc53a32a,347,346
train,0x9ce7c4dfa7564d02aafa748ca95a8af523925e26,2326,2325
train,0x9ceC06600AC633819a448fa73e40FF6032151c3d,613,612
train,0x9cf0f1e78922e8eaeb0b91d3b4dcd7b8a103c1d9,227,226
train,0x9cf9653e007c04c0fc21ada5de817010626c9f87,621,620
train,0x9cfbc3abde56cb0db6d799b238b6b7d73566d5bf,476,475
train,0x9d01163d354f217cb1a7e9ca32645568feb7b189,724,723
train,0x9d0446b368a23d03b398ffa87a2978abd7af635a,497,496
train,0x9d08f3ba80951a36ad1620f464612c24e7efdfd7,642,641
train,0x9D0A108fbb9B311e9976bC071D4469123659562F,400,399
train,0x9d0f304c37437437c2aa92d35cfcbd7942ca35e0,535,534
train,0x9d1099bea74734dc911fa77d4efc2fa7bec48ae6,325,324
train,0x9d1915f47ff06773d7966477d5c713e591d79864,254,253
train,0x9d1da8d08a10286402e289a8b5e9f865f2d14d2a,1316,1315
train,0x9d217e88f9eb6271f8d162b7ae6bf39a8bfbc792,358,357
train,0x9D279601D236eB89Bc5cAc7aC05110f8a7979095,524,523
train,0x9d282df895d805bb4e17f804c5af4e3191752b9e,309,308
train,0x9d28afed23f02ba3646f85766484bf576f6918a8,212,211
train,0x9d2a3601c86d714143a73696efa8e93f4ed42268,532,531
train,0x9d2e27323def57e293c47e4241717dda22e1045f,101,100
train,0x9d2f8e290114e09f9b1da8d8ade8ab96270217b4,573,572
train,0x9d37452c03883De65EaE2fc8bD64EC8A404e5474,728,727
train,0x9d428072c37c79dcc2d8d112b3762b2c131d7797,1110,1109
train,0x9d48749d862e2b53a789f57e91dc482459343ddf,517,516
train,0x9d4a30ef4e467dc0a635748f09b46cae5ae27b27,387,386
train,0x9d573a585ffe35778c087127bb0b100889db6f5c,349,348
train,0x9d5addd65ecc8f70ed4b531b6a75d36fefed8516,384,383
train,0x9d5e22b6599c426b453de4a43df8a0cb4de061b1,392,391
train,0x9D613a7A10CD550C7a0826c6deEcFF6f1B3e9879,926,925
train,0x9d6379e74f7fac2078cf6d9745f941da7c366ba7,722,721
train,0x9d64bbbe449c5ff69f9f1a9d33b9f56e6f567cb5,812,811
train,0x9d66fe7409a7c13f7715eecb50e259b95fede410,556,555
train,0x9d7b064c300F5E0e91Dc085f91a866aaCa07280B,3339,3338
train,0x9d7fbcc17a1c9adc5b9601d871d348b5c7d3bb61,763,762
train,0x9d8ccb797d92296104f9c1d5676e4de843726462,388,387
train,0x9d9223436ddd466fc247e9dbbd20207e640fef58,836,835
train,0x9d96377782be3d27dc5e498e239cc84ce8480855,1216,1215
train,0x9d986ab4b49ad81abc9f0fc73979169c49108af7,536,535
train,0x9da069db21d27fd9040328f7bebf1941d8c2d7a0,338,337
train,0x9da47a2b34f9707bc931fa31f0003a149f4aa92e,1065,1064
train,0x9DA53246714bf10010Aee31ffDb9cf8caB8c6813,823,822
train,0x9dad680c5caca33a83a6e2a8e335d2a8cb4b8330,587,586
train,0x9DCf430a4C62bB84e6baC2c4A8f54756Fb3C1c8F,333,332
train,0x9dd08c93ae8422e434cde4075513a32898896f2d,350,349
train,0x9dd388607b439aec0cef9a5bf7864f44ac6bf3a0,499,498
train,0x9dd4f632ff76766f4c238741d2f093a3323c4fc5,485,484
train,0x9dda491445b0b33976527ed741e0476a16380c49,5315,5314
train,0x9de39120405faf790cc851d3da68a49eb8716564,342,341
train,0x9de550274af9c3d4d3e9713f828bd58bd5686b5a,477,476
train,0x9de5cc12ba6ce4fe015373f3abea77c6dbe74f0d,350,349
train,0x9de9ba9a3cc906e3feacda2c365ef4657e38eb28,621,620
train,0x9df10486168cb25278c7ec72a3090e34f7aac29a,1010,1009
train,0x9E037857306D5c1206754161De360b5475470009,617,616
train,0x9e0da7575f66f13714b75e106fc9b1cfe9662635,477,476
train,0x9e0df46561fd40c5a4ef6056a0bc029a823b7e6a,309,308
train,0x9e11166cc8624713de012e47a68ec236759ea5d1,403,402
train,0x9e113ce2b98be87f97d415d0d2478016f95eba77,350,349
train,0x9e17852142b297b7d7919698fa8b7e382c43bebd,1146,1145
train,0x9e1a813ee8ac44d581b241605d7d9eb99af89f09,1120,1119
train,0x9e1b04460a5c3014d770a7e2bf7c55105c90749a,35,34
train,0x9e2419c8fc0a7c2f2b22cc8de9ac484ad00d1f57,2181,2180
train,0x9e28b3a4d14869df0556702687096a0fbe51d094,2292,2291
train,0x9e34127075985c31f3f54be26c76eaee0f3d1ed0,218,217
train,0x9e3f0fc2a9ea1ec8d9e51a7a34c20b777021b030,639,638
train,0x9e4579a135c5c312682d852e9f8d83f48be59fdf,350,349
train,0x9e4ad79049282f942c1b4c9b418f0357a0637017,1124,1123
train,0x9e611784170b297091de56eb50162548d9b54d87,173,172
train,0x9e61866985da83406efbc12b916acbdd041e5737,1306,1305
train,0x9E6750Ec7CeE0EC136549d1bddac00d1Eab0cf0f,350,349
train,0x9e77d5a1251b6f7d456722a6eac6d2d5980bd891,346,345
train,0x9e7e5b5651e826B301A9567a5Bb950a42bb17904,818,817
train,0x9e7f9b0f29cAce376Ce86A636c749105BA9a9E0A,1326,1325
train,0x9e88770da20ebea0df87ad874c2f5cf8ab92f605,1003,1002
train,0x9ec017c453daa314624b75c2019ae53dc9f01e41,408,407
train,0x9ec0d8e8a072902CaC28b03fa4cf033893e7E9A5,338,337
train,0x9ed3b1520f60d1075c2b9a65ec8a253f9ceb456f,595,594
train,0x9ee1189d01140bbbf2eeee97fc87404364b613e6,498,497
train,0x9ee6675ecdd92cec22aaccd80e77ca14146306c5,420,419
train,0x9ef21a1acff7f9b1950d7c9b597d4cfb4c297c77,605,604
train,0x9ef49eAd3cEf0d122DB97E9592ecbe34eeff21b1,281,280
train,0x9efa0e2387e4cba02a6e4e6594b8f4dd209a0b93,350,349
train,0x9efc7a38552e63534a8e9b9558adabd73297f91d,72,71
train,0x9f00f10e226ec430e888d6311e3f65e62093a9ac,326,325
train,0x9f03d94bf3545153cb28014bc7d1e7177ca99034,671,670
train,0x9f041bd63644f3727537a190c132a20966c3770c,164,163
train,0x9f0941ced8de25a7b384d86cd94c338456d173b6,308,307
train,0x9f0ccf35420ab231c09c879fbfb5d8a38be3a568,318,317
train,0x9F138D5D9e24186eC96B35e5B5530C907860A78d,452,451
train,0x9f195617fa8fbad9540c5d113a99a0a0172aaedc,2868,2867
train,0x9f1b9ea49eeab4bee2a2ce780fb9996dab384f3f,429,428
train,0x9f4fd6c336388f2ab7dc7bbe4740ae7b88b880d7,997,996
train,0x9f51e7e4ceb88982da1695297ff7ca591ca2327a,2323,2322
train,0x9f5217a6ca419969d67eb7dd7cac2816d71c52d7,544,543
train,0x9f54d912a029380f2743aaf4ddd28c3f207cd719,62,61
train,0x9f6ae96be72cd4f9870e66c953d58f6d3af502e8,904,903
train,0x9f6b043aebf45c3bef56900ed96cb5191a68998d,652,651
train,0x9f749c323ff279e4fb7827be47749aeb52aff5bc,1683,1682
train,0x9f75247d6fecd9241ff53aad93c6b18d0e8d1455,618,617
train,0x9f77de426d8ac6b15218c3de54e18a6243106b36,676,675
train,0x9f7eaeb7d987b33db953fca515642a1def0cc39e,1192,1191
train,0x9f83a36c87581c6f3ef70f05de62592db70e42c0,350,349
train,0x9f99793f908c58a99f44025c45dd72f2f92fc469,397,396
train,0x9F9a8D8e175f6A56359C2075E530e678ef6F575B,340,339
train,0x9f9d4fc749ea980a3730d47d223721ca5ce5f8b2,1453,1452
train,0x9fa76b2401c0b1cccfa207b5539df9313a265151,886,885
train,0x9fad3724b0e2347e0625c0bc9b07fcf0c421d6bc,756,755
train,0x9faf31f1546ec47e99321045bbfda8ab5ef60b74,64,63
train,0x9fb44fbc9e8f1d9664f8ea7130a2d5039b5f1852,350,349
train,0x9fb4b606443eb5aa4d754871d58aab7bc8df2cbb,497,496
train,0x9fbcc0682c37918c64e72261def2732d56524201,573,572
train,0x9fbeb4a0970c844fd5c0214003841b73beab4224,361,360
train,0x9fc54a05f1870e61e00bb6d05f71b614e4e1a68a,826,825
train,0x9fcaa52277a0641ea23911ef3c6e040d1f085730,493,492
train,0x9fce1da048e48a18a9b8af8b4f7acb9fe9ee54fa,350,349
train,0x9fe2903c4e08821f05e5347c71d7d20d7dd8c59c,2141,2140
train,0x9fe44440fcd0ca1aa6d70b1af8d75cf09d697e83,350,349
train,0x9fe44b57ef0c7efbcc3895277a761df3f6f08947,424,423
train,0x9fed70dbf61c30c2c88890045e7a0b5e7c2b4624,102,101
train,0x9fefa08ce381423c30bca4d15550307e85bda52a,207,206
train,0x9ff7215141245ce06715587578bf78c9efb86252,1145,1144
train,0x9fff0b3e75b98ca68cc9ee1db6d9848d78285b2c,350,349
train,0x9fff4bc5166f50eae026e6a57972a149e4fd140f,581,580
train,0xa00175b45f894560171ef8e442f2bee5a21b36f7,2801,2800
train,0xa001eb01103650d5c898086a52f0be4147d7ddbd,350,349
train,0xa018dF883f0Ab5116d4C8697ce62F4046ac62096,3373,3372
train,0xa0264dc5b89692dde2315090a35bed2ba15508b4,459,458
train,0xa02d3df650e44e5551b448a91b74d3a033e20094,711,710
train,0xa0388ffb2a3c198dee723135e0caa423840b375a,555,554
train,0xa03c4cc1ddaa55e65c9421b9be8ef25fb68b08a5,350,349
train,0xa042a3079a45ca1fb586b8307bcab9b8f8a85b27,421,420
train,0xa045bc889662964fb9890156241d7e1432526a20,718,717
train,0xa04e5dddc787d72258ab1c976be082d48e83de66,972,971
train,0xa05ee70e4c4e92ba4f53b6dd4bcd2411bedec545,999,998
train,0xa06a7fc9099490b063e5309bd46bd3c773bbacc5,1957,1956
train,0xA07709C49F97f4b717e3b6770A02be85Ed71a86E,362,361
train,0xa0785242f6509329c983b1c80fb5f5c22ebfb6eb,129,128
train,0xa07b06f0f6c9d6d931770b8c688102cdd33fca92,102,101
train,0xa07B5Dc6925dFe87B6BAAC492080Ed90A3C9368d,568,567
train,0xa07d6c5b4d3ae4621b059c9cc12b03fe17a5220f,684,683
train,0xa0872ee815b8dd0f6937386fd77134720d953581,398,397
train,0xa087e3a474a974112c62e22ba8544453bcb91561,573,572
train,0xa089273724e07644da9739a708e544800d925115,789,788
train,0xa0a276e9d55ef81c3e0f1f258bfe6241b7824fca,350,349
train,0xa0a57fe3e3c5887d35242f4be93688a2c20c0695,747,746
train,0xa0d4f39807e56b0c5afbe51eb52a9960131f5e27,350,349
train,0xa0e3060bbfd4f3665f914c966b489c79e74fdc96,308,307
train,0xa0e743c37c470ab381cf0e87b6e8f12ef19586fd,596,595
train,0xa0eb827c013d3c5170cbb1f57a5f83f1c41caf74,9079,9078
train,0xa0ecd8ef29750e7c3501c5568fdd9f4f5bcfe3d9,30,29
train,0xa0ece74981af3ed84d4659fe1f469e7c47e5ed33,466,465
train,0xa0f6026fe48d0b1e435025bdf5d936e16ff5bb91,1136,1135
train,0xA0FcbE081090E586b09907F225C105D435E196A5,506,505
train,0xa1021e9952031f3342b9b737d9bb1840e3a47568,549,548
train,0xA11202c1939e7e43A6B53096F574e021a1fC9708,122,121
train,0xa119f0f5fd06ebadff8883c0f3c40b2d22e7a44f,556,555
train,0xa11b7b74f5ebc096f2bd4e1661a112cb857b62bb,1309,1308
train,0xa120fd6cec5733b544bc5276a815716f31951c35,362,361
train,0xa12667757d73866417364680efbfd69c70cf767d,1530,1529
train,0xa12a5ABF5b1607EEF863BDd20549404AfA2Ea9A3,1142,1141
train,0xa13df21511ab4ea299c08c826acfb654e0121d79,350,349
train,0xa150cb42a7ea9a1862dfae982099ebfd4e2123df,1369,1368
train,0xa157b5a35aba95d18f3ff716d01b6143db5f1da8,445,444
train,0xa15bfc50d59d01e3da0e634ef31bc8f1f1bef58a,1299,1298
train,0xA16CDcbA1d6Cb6874ff9fd8a6c8b82a3f834f512,172,171
train,0xa16e7e16e347c5f49cef6b9297ee79c200ad3889,1232,1231
train,0xa16f4beee48c7090e99bd6fe7476a017f58e391f,1216,1215
train,0xa174a82186fc5b04f814410e7eeeb1d379b4b3f7,342,341
train,0xa17719bacf79a8c15e2269a07ffc16ee1f32d993,508,507
train,0xa17d1bf14802e0eec8f84b3b8b638a9402d60e9e,893,892
train,0xa17f2bc6b11b4dd60ab38c94e7784634646749c9,7174,7173
train,0xa181b8c9f6b43b8252c6c9826cf5feba362b542e,1466,1465
train,0xa199f67444e0af1150aecc025242d385ebc37247,510,509
train,0xa1bC88FFeA01abb1a8c04b7E12A1E940dFAb7772,913,912
train,0xa1c135b025405383160b22dcaee5b2468350927f,350,349
train,0xa1c1983aa3599657a74cf5a563e880eedc57ae4f,239,238
train,0xa1c23d389a3b5bcf60b09b8daad9d4b2af65fb84,1143,1142
train,0xa1c957c0210397d2d0296341627b74411756d476,3713,3712
train,0xa1ccc166faf0e998b3e33225a1a0301b1c86119d,296,295
train,0xa1de36ede424207b476c78405122beb08ac48b89,1245,1244
train,0xa1e4608ff6b4b9324c6472eee2efebd20a20bbe8,329,328
train,0xa1e9764a70af02b99e97e3d7c6528889b828c360,399,398
train,0xa1ed5d028d21511ed7959f95968f8702d7456ecd,619,618
train,0xa20caeb519af1631bb3b0d5a1fd41dd5472fdf27,350,349
train,0xa213997612e2b0919c3144e657ac0926c447c134,33,32
train,0xa21999df32637b91e944533b04ea9d8d9153bca4,534,533
train,0xa21c9a3ae47103b1fd1dfa04766c4d00c19e1ff6,1021,1020
train,0xa225fbc451877b9a74ea8e741d6f5899bec0645e,2218,2217
train,0xa22de97ea1c3c7ef9862971b7e7e393328e5576f,132,131
train,0xa235acbb4c265bc49acce88f5b627577967c182b,82,81
train,0xa2389e3f09668c7d516e2fe72c51096ff6837c43,515,514
train,0xa24e3ec82d4aa6c32d45f54b362d2dbd43c41c37,1620,1619
train,0xa25e2dc97e75b1ab0dd862a6212304207b21f6a6,350,349
train,0xa26b5be50fabf8a62ccc1b5492bf6b58a881e3c4,556,555
train,0xa26d5253ab96e04afe51b4c1614b29b11889d3b1,1064,1063
train,0xa26f92ca9bd530b8b3a1286364a2ed2d64cb1148,705,704
train,0xa2772a351e984d0582ad80a8ba8863489939f6db,1129,1128
train,0xa28A074F76674788B5eCdc78Af48b44f3B95a4aF,1547,1546
train,0xa29092c5bf434b5f94c2c3f8e895af04b4c8ee97,7486,7485
train,0xa294e709489f55970c5a0a0bf4c357acf9109546,602,601
train,0xa29b72fe0db1f305861a641c16d6e7e35967914b,350,349
train,0xa2b6d9e310893c24fa61129e92070b9b40d02016,962,961
train,0xa2c171666c4f5723e8c2bbcc31a41f38fb82bd43,355,354
train,0xa2d900d5461f1c3bfd323b9d4f7fabea40286386,499,498
train,0xa2dd9cec9eab6c2bb5aef2f758cff78bffd8e958,730,729
train,0xa2e672ae46c7f7dffa9d3f211e68a8194e9b0cb8,544,543
train,0xa2eb247c2bebbd233b455a6c798ceba81e3aa320,543,542
train,0xa2efe1cdac1ab6ce1eca2ed3f278322c965926c9,554,553
train,0xa2f000B776A64770E1a3E1E43E63296F5f029451,606,605
train,0xa2f18175360ee441b55064100d915e28e69dfdfe,355,354
train,0xa2f1b3a623d26a3a234222b4a9c6be3fbdffe5e0,381,380
train,0xa2f35c2945d4f6e9f3fafcdcefccb248c83f9eb9,40,39
train,0xa2f3c8b6a332fcf2004dffc7c13bdc2b6acad445,597,596
train,0xa2fd77767c598c7e93fa7234fcfe1976cf7e3216,833,832
train,0xa30652a90933bd102c187824af5980dd23ab342f,350,349
train,0xa31020c042fc18fbad63fc2fe3c0183675a4a3a9,176,175
train,0xa31aeffb5cf3d4d34ff8ed08da4f2e388ca4a5a4,350,349
train,0xA31C05EC03F52478780C78e2e7cd3E4ca7Dd3F42,335,334
train,0xa31c56bc8a489ea4e4ec430801e3aab0d6cce7f6,2646,2645
train,0xa3221708faaefd520336358d8dc561d999c41e04,646,645
train,0xa336b15297b6a1c21b2655c849cb1d5ca7b2ee46,350,349
train,0xa33c0ca78283a247560587200c6d33e18cf54eaa,685,684
train,0xa33c4a314faa9684eeffa6ba334688001ea99bbc,482,481
train,0xa33e729bf4fdeb868b534e1f20523463d9c46bee,652,651
train,0xa33ee1e60749cf489b1a27c00de386a4655d2de0,350,349
train,0xa340a6d86362a055e13a2810be668d97daaf7799,350,349
train,0xa341d53e64198cba938465236d1b3d9a929e0732,3369,3368
train,0xa341e6b15f1b5ca89f08c742a3e192b0e4da8c4d,258,257
train,0xa3479736e9d2bed529f14d787b4d16f4d0748256,789,788
train,0xa35aee643f9c74bcae34960b8e4ec7b478da5fd4,95,94
train,0xa35e3e419ae0031460af1e7a1386cb8f0d7d0efb,551,550
train,0xa35e72415bebed1aad8c0308ee1e0eda746773e7,119,118
train,0xa35f63c143301d0d7a85c94ff46e62d3d3f5bd6a,350,349
train,0xa37302dd56c5b51f886c062c97cc3f6ca50226a8,685,684
train,0xa3735d41ffddd5abe07386ce07b1b1fbd9067aad,350,349
train,0xa3742fbe7bae1425cc312dac893e55d19afeaad1,1319,1318
train,0xa37b82a6d803882a45b8951998ef10c74ce37940,4012,4011
train,0xa37cdc5ce42333a4f57776a4cd93f434e59ab243,544,543
train,0xA38bB57870E9d153Aa3714f102F06168bA2C7d22,1431,1430
train,0xa38bc010c2bcc0c453383e43cbc17e4717564392,516,515
train,0xa399be241b8458adbaacc8fddb142682699523ff,684,683
train,0xa3a2300ae67939e67a66b67326a253372465ae0c,526,525
train,0xa3ad917a69ddccedc781136ede211cffddc2fad7,350,349
train,0xa3b6a4826eb96ed4b17eb58186bfe316c64c4bc3,350,349
train,0xa3Bf00CC953E3dAe62Eb3B3289106E831f58F7c0,1972,1971
train,0xA3c1772b12A7598568CeE1e2d72281176d8b1F3D,1429,1428
train,0xa3c1e324ca1ce40db73ed6026c4a177f099b5770,484,483
train,0xa3c230e94d733b2f96503c9452c95cf9e74910e0,1050,1049
train,0xa3cda0d09556f083ca7bd65c99053ebfa9064415,342,341
train,0xa3cff25fc5a8919ceb6c51e8542833a582eb7b90,758,757
train,0xa3d3bf5f650a47f53bc49f512761d4de15bc0e05,798,797
train,0xa3d48af5b7541658e7b663905f11433f1b4074f5,778,777
train,0xA3dB4B373b39301f6e1fdF9167349636d693406b,1242,1241
train,0xa3db848dd84beb0da60fec0005ad40272cc75562,732,731
train,0xa3e3b0308868c93d18e3ec359f264950fe0f5a9d,946,945
train,0xa3e97b1da9c3684324fe38627c40e94555f39b18,1112,1111
train,0xa3f23e753907eba5caa9350f62feafa4025d6266,355,354
train,0xa3fa17c51a77a79808f3c21948de3ea70391ce6a,1004,1003
train,0xa40106134c5bf4c41411554e6db99b95a15ed9d8,1163,1162
train,0xa406b495e56b839f2f556d9e9b85b19af82f2cd0,630,629
train,0xa40827ecef3154577e60cc36ccf8f3664f95f5a8,429,428
train,0xa4141e45182f75e032e7f998c215dab3ee457683,348,347
train,0xa415cd56c694bd7402d14560d18bb19a28f77617,812,811
train,0xa416b64ed395bcf5d4958ada6afaea5ee05e3ab1,350,349
train,0xa427fac47100e82d79e8c90ec8e2fca6f1364c21,523,522
train,0xa43ebd8939d8328f5858119a3fb65f65c864c6dd,59,58
train,0xa4432fad818e5e5345f02aba07bf0aa42709f3c0,627,626
train,0xa46630A30A77d27607fc05b62Da2Ef291fc1460C,1072,1071
train,0xa4697c54f7dde97478afe4d233f477ecbfb9e5a0,830,829
train,0xa46aaf1b1f69e78d67fcb6c343e1701f835292e4,1192,1191
train,0xa46aeff63f9b7a2d50f7687927047756df216434,1945,1944
train,0xa46cec26b732cd3d5674d7a9e36b2f60b58e4039,1733,1732
train,0xa47178da1119218bc2a8dd9e3251ee89b7c7e7f0,880,879
train,0xa48153c9c9a7ae5cc258feed365e560cbedcb0bd,955,954
train,0xa4827ddcc4e9920710a92438bc0f316073911d4e,1240,1239
train,0xa485cb306cef5e1871f15851a6d46c7fda951107,676,675
train,0xa48b9564888374e3addeb85bdcf2c33bd0d0e688,350,349
train,0xA49186e5c6Ad0474CC5226eD7A2ee38578B0d901,377,376
train,0xa4ad52718c8fb64b3b62404a4229f6b8e248e210,350,349
train,0xa4c958980ae0db0bb0838dbceccba5a7b3c64294,879,878
train,0xa4cbc38dfc34acf188deadea6eeadbb44ff2e530,355,354
train,0xa4cfe48051a2bd9ef5b380f274762928a3767d9d,350,349
train,0xA4d17AB1eE0efDD23edc2869E7BA96B89eEcf9AB,376,375
train,0xa4dDd3977920796BFb14cA8d0FB97491fA72a11d,2406,2405
train,0xa4e0f0bc5fe93cf8951c7dd2c276e1fc07a32bea,481,480
train,0xa4e53ebcdd4360d9f7c367623b43a92f6e41ef9e,809,808
train,0xA4e9Ad64D2c89F96Da37d00b856053D44bFa7986,808,807
train,0xa4eb64a59adcb1628fedfcf08bb2cced149f8b9b,544,543
train,0xa4f3a457c97a96b624d5046ee5695388033327ae,558,557
train,0xA5067621e5B934546279B2BDc69b2039B5a0EE9E,1146,1145
train,0xa50ee6fbcff43cd4150a1e1bec8e764da343e37d,794,793
train,0xa51d1e295fb19bef55c91231d0cf7ebb1603e047,1145,1144
train,0xa52966d88586e708b128bc22e7a8b7900a7918ac,1563,1562
train,0xa52b67a74b53a815fdd8699d443635a3cb285fb6,238,237
train,0xa52bfcb5ff599e29ee2b9130f1575babaa27de0a,494,493
train,0xa53b9b044bb919db3e06a35d57a06d057f3e0424,2916,2915
train,0xa543ef876888AE5E146C33Dd515A29304D53eA73,485,484
train,0xa549ef3164556b3fdba16680798032b993c2325b,811,810
train,0xa54a1b3a6203cef877b759b64c6d205421e9f86c,394,393
train,0xa54c4c9ca270e5b1775f000872bd48c11755068e,350,349
train,0xa55301cdd606077bb8bc218677db9a7a2d1fc5aa,547,546
train,0xa55332e3139a3474750bbdde7317cb2d2c4e5298,521,520
train,0xa553674d900fad85b432fc7bd0c15b52b2177321,1020,1019
train,0xa562b46abe32a1b4264b236868fcbef0aa925253,497,496
train,0xa576b808167c9e7a4208988258fd8a8efea2fc4f,546,545
train,0xa578acc0cb7875781b7880903f4594d13cfa8b98,371,370
train,0xa5982ff8a26818d6a78a0bc49f080d4a96dd0491,350,349
train,0xa5a283557653f36cf9aa0d5cc74b1e30422349f2,350,349
train,0xa5ab0ef3ef3711d8ecfe0a7ba42745cbcfb549cc,652,651
train,0xa5b02488e9a827ff52d765e03683688cfb64d4c9,2363,2362
train,0xa5bfd6cca5b36c540cb10c16a5732ced8916f6a3,598,597
train,0xa5c1f581e9475988b15a2f0c31f0ef3e088500b1,656,655
train,0xa5c2B7329f750a7F1E65d48cED51Aec067A216d3,1547,1546
train,0xa5D6acCc5695327F65Cbf38DA29198DF53EFDcf0,143,142
train,0xa5de32ca3112d17f508437f6ce4fe9b04fff4a3e,625,624
train,0xa5f169399a678bfd87a97b933cc33c8217e0cc9a,335,334
train,0xa5F53e88a254C1cE28ab50DAbB57e4375909F46d,335,334
train,0xa5f5f3803f6174c94f71419834ab91dd2eb7963a,1877,1876
train,0xa5fe6d05b595e92e7aed6147b09557bd36881d52,544,543
train,0xa60C1A4e9750DCaBdf901F32104f0DA1F47D598e,590,589
train,0xa61c86eea36c9ebe51b70c4a77ecbce0a6078d02,4150,4149
train,0xa61e798ad07e61b578242477bde4d2499b523cfb,350,349
train,0xa623b5a542c0d7daadef321042a04c600b03a8cb,945,944
train,0xa62a63e1b51c30feff1116df3a33ec151453bb95,670,669
train,0xa62bF7c97C4270882A9278C6F9d684D30E242E03,691,690
train,0xa62ee30d2cea532996a0a018a8ac61173aefec3e,350,349
train,0xa62f42e53425d396d4e260b131b5ebb9defda1b2,622,621
train,0xa64c3956D55592fa20762D8e62eB5B8E6f8AaAd0,554,553
train,0xa65df1ce677291603d0d56af74c647a6a9bdb2bf,350,349
train,0xa65ee5fd259d94294c4ef030d1a62eeb465b9438,953,952
train,0xa660b00c28b0eb2cf57787abf60e3b0c44e9325b,2056,2055
train,0xA667227cA1b68563D9245AD91AAb9DB58A60C382,844,843
train,0xa66d83716c7cfe425b44d0f7ef92de263468fb3d,1903,1902
train,0xa67d97d75eE175e05BB1FB17529FD772eE8E9030,1219,1218
train,0xa67f4601de67084fa8b522cf0932b7172cb4d8de,350,349
train,0xa6812630de074f79e3d64fdc732687f94634da66,319,318
train,0xA6828094E53a4448198538aE53ae4dE23df81070,1283,1282
train,0xa689af64e3f86716374c3d11eaab0d47a75cb571,1713,1712
train,0xa690f6a9fa8bcef284f2f4aeb1add87e1d9a4465,1010,1009
train,0xa69a5675527ddb30a0d5830a427328587a94843f,532,531
train,0xa6a8114712c2eb2fa1807b9577bcb2787c07b78c,4056,4055
train,0xa6b0412276b2484cfb370890b9d07e0c8f1f7684,890,889
train,0xa6b8740ad2c7cac74ebca0baf1225cb5c64e658a,296,295
train,0xa6b9fd81d11122d150ffcc33fae17236a8342816,362,361
train,0xa6ba0aa61ccd254fd92d548dfe87d06533649c12,1412,1411
train,0xa6c9e4d4b34d432d4aea793fa8c380b9940a5279,855,854
train,0xa6cc27db5541f52f60dac90211c0fd39d9c8efad,335,334
train,0xa6d954d08877f8ce1224f6bfb83484c7d3abf8e9,2009,2008
train,0xa6dba1f11ce9091682a443277a4d951bba39c723,645,644
train,0xa6dbb9f12f725d971326107c42662554cccf5742,1888,1887
train,0xa6dc6bf1b703646e00f718881e31313dc080f986,350,349
train,0xa6e0468c75e078e4c731ceb5b8aff9f1efbdb431,342,341
train,0xa6e7172662379f1f4c72108655869abdbb7f7672,558,557
train,0xa6e82456c3553058ad76179ebb081ea1e20b0da6,423,422
train,0xa6eccbefa6969afb8d35317d3e8c13f3867872fc,712,711
train,0xa6ff73743b2fd8dedfacea4067a51ef86d249491,3096,3095
train,0xa6ffb8c3ea6da2e1c44edf0d27e8323701b400f6,590,589
train,0xa7101e696dc6334ca8dbe8176a85a1c545feb6e2,461,460
train,0xa7136d7c9439dbda7f20e7c3f9173efae79b8429,11,10
train,0xa716a3b1c469dc3183f8105497ee053d0532f8e1,437,436
train,0xa7223e308a4e0542a307614549e32917b944880b,350,349
train,0xa723606e907bf84215d5785ea7f6cd93a0fbd121,957,956
train,0xa7313a8d152b7C8860e8ab697C072Becb474101e,1643,1642
train,0xa73292c0ab8a4e4e6da4e884a47a93d51ee65745,436,435
train,0xa7352f9d1872d931b3f9ff3058025c4ae07ef888,613,612
train,0xa7460b48f5a05579ad38103f0e7da8a506529d9f,427,426
train,0xa746a9a309e7d498f830cffeb683b6d5bb39cadb,972,971
train,0xa751c82450ca68c38b6e611ae6464977ef40379a,2207,2206
train,0xA757Db4305d04d2697DDDe9271D4a470BB37A51E,807,806
train,0xA7586311970BB3498A10244e654830830BF0219C,617,616
train,0xa759794d39bd92f4e9a264f1092f2859f10d8a1c,1096,1095
train,0xa7620c421d29db2bb991cd603a725b960e927ced,48,47
train,0xa764caf6b23a033a956f4f0cac14b740c3c55c71,611,610
train,0xa76ea481aebdd5703e476cfcb2315d4e014232c1,3006,3005
train,0xa7776e2595053414f21f903e5270973d3292b659,1245,1244
train,0xa77a2938712c2f91f9096d41dae7b4a79c60ebd7,61,60
train,0xa77BE71B4C17fcFcE7858E63611aF4B6766608f9,1990,1989
train,0xa7827a793c236a0123d3553786f160da6905496d,1568,1567
train,0xa78541bC3DAd775dFC6b938a376dBCb0081CAbcB,53,52
train,0xa79a29ff8f2987ed937afb06f62f7866f868839a,282,281
train,0xa7a05cf8d6d8e4e73db47fe4de4cbd5b63d15cfa,613,612
train,0xa7a1f840cf741b96f5a80d5856ae02f0f474251f,505,504
train,0xa7a5dc2e89511c1ba1aa0eae97f5802c65e57f01,340,339
train,0xa7ace3440fd2d6afa37d12f18e3a9f25c55d1e47,2740,2739
train,0xa7cbf860379a6a564b2a289369d9a4806827550c,962,961
train,0xa7d9b88ce2652e690eff77fafe8e0d07654e08d0,229,228
train,0xa7dad34459974a1c19bc495c882f560e4539782e,363,362
train,0xa7dd95d9978dde794eae5233889f1ffebcdc9914,3506,3505
train,0xa7e6819ed10d57475978bb6f755ecff29b48ac8a,1377,1376
train,0xA7F40CCD6833a65dD514088F4d419Afd9F0B0B52,508,507
train,0xa7f976C360ebBeD4465c2855684D1AAE5271eFa9,669,668
train,0xa7fa7588cd7ebf3d0e128f07da7406dd74e241df,258,257
train,0xa8015120379d11602999d9caf162b7d507ca650a,473,472
train,0xa80189bd58bcb63d8b31bd0f90f76b70b52174e8,102,101
train,0xa81b980c9faaff98eba21dc05a9be63f4c733979,615,614
train,0xa82749c94ab7f921725624fb90e7600216169597,12,11
train,0xa828476505d3b4db07aca0b69726eca39e5dea50,1213,1212
train,0xa82ee9a7f6b57124bace0cd46f7de722a7a8e186,2323,2322
train,0xa8317ef91e9e7187b479582b0e13b0bb8f494431,266,265
train,0xa83a86be031728a7dd99d00aeb76677918133c1a,350,349
train,0xa83c50d091E39a02E02Fcc88d4c5EB2b9efF14eb,135,134
train,0xa844b8622e833e9a56e2ff6a00cebcf18945cf5d,722,721
train,0xa8515b27487b327d1ffa257f89b657fe87672980,1933,1932
train,0xa85924729e6d65fcd23d8c7fcfb7065b709fff30,476,475
train,0xa85a6413399b99a48cf6b7355bec63167e0bdb68,308,307
train,0xa85b55495a6c7fe7d41dd2494d42be2622ee20da,381,380
train,0xa865A4BebE83940631e7cb1207a8Ea76f0B2e49F,483,482
train,0xa86a0da9d05d0771955df05b44ca120661af16de,610,609
train,0xa877e7ce325ee070c47a9967658cb06bfa21fa4e,1535,1534
train,0xa87c3ec87eb802aad080df0adb331e504d327e5d,984,983
train,0xA87D9fCe01D66b54E3351D94e25dd6032628CAaa,625,624
train,0xa87ef16ac58d91d0e4660079bbb3efbbb2a944ae,350,349
train,0xa88146aed78cba4a98eb7f6c25158587a9e49544,1533,1532
train,0xa8855be2f7142f1485a958ca4135a7ee2752c732,301,300
train,0xa899495d47b6a575c830ffc330bc83318df46a44,625,624
train,0xa8a07e3fa28bd207e405c482ce8d02402cd60d92,552,551
train,0xa8a4ff10d75a82aa8cd1055d30a66c925dc5b2fe,254,253
train,0xa8a8509a17a5872d01e489fc85b152eb2a0c092e,1202,1201
train,0xa8a89c2a88f0f6587760c27f0d4050115e0053bc,1109,1108
train,0xa8ac3bf98fd0937d899d27c535c67b9f9f812b89,613,612
train,0xa8b2b20b21427d63b22bba99bb65126425666f4e,1200,1199
train,0xa8b75fb9c1a157298281040e05c468fd3da60913,204,203
train,0xa8bcd424a65c3667b7527724ec43ade5e71bf62b,407,406
train,0xa8e3119de0e1b19facba457ea2a241afd644ea7d,350,349
train,0xa8f876e68c84d783fc28a75b9309eb51872a347c,237,236
train,0xa8f8fdad7d6514288a5dea2b8d6f7f2cc3ee5eb2,1149,1148
train,0xa8f93faee440644f89059a2c88bdc9bf3be5e2ea,393,392
train,0xa91a453abde404a303fb118c46e00c8f630216a9,93,92
train,0xa91f395c5f0f1d2c3bc3bd6c06b3eaa8e219b148,593,592
train,0xa94112682962f6c00afba0d3b0941662e636ed32,811,810
train,0xa94b1cef52677c47184d612a85a9f8613743538d,613,612
train,0xa94be64ce43e5bf1fc2a1b0433bf35aa2f09a187,1741,1740
train,0xa94c128a138504e1f81d727cc21bcb9ae6581015,700,699
train,0xa94C2707e233E5d63f46011A4A158cd2452d1D86,1777,1776
train,0xa95ac0d22379c428fb73296446a6399962c1a93a,1333,1332
train,0xa96176a2e90c64b3024f293ced079a4246ec51fe,756,755
train,0xa962c55c974bb738707d514242befad9603bb1bf,217,216
train,0xA96B24E4987056859411A8f3C7EA4B163395e664,977,976
train,0xa96cae028ef41a2a8d7167c4c3645bd99e24daee,365,364
train,0xa9746320994fc606e704b76cc1c51a9b85bc5215,350,349
train,0xa974c709cfb4566686553a20790685a47aceaa33,402,401
train,0xa975bbf3ce255ad7081c2f8a6c9b97c49475e334,990,989
train,0xa976a3a7b4f32878dbb90c8acaa7289b2c89c931,350,349
train,0xa97c8E603D56d042943c5C341d83709eDF749600,309,308
train,0xA97fF44CFf7101FaC76aF172F088f400F28cb4E9,1007,1006
train,0xa984DAEfA91F479EE68e4Aaa6f4D6E08931C0aC4,470,469
train,0xa9877b1e05d035899131dbd1e403825166d09f92,592,591
train,0xa987a1fb978abb7c17201a84efbe828d5c66264d,534,533
train,0xa98ad92a642570b83b369c4eb70efefe638bc895,4838,4837
train,0xa9931def75784c50e27506d9acc4c58611bd5103,308,307
train,0xa9ad24633c93ee78f4c2bf9b3e9128cbc0269717,1079,1078
train,0xa9c81661c85e3b09ac5d04683cb344a13dd2a5ab,3435,3434
train,0xa9ca35be4d15fea5c80b09b7b857b9e3ec947fc7,399,398
train,0xA9d6a1c87422b211014f1009C541600b33344AFF,436,435
train,0xa9ec9f5c1547bd5b0247cf6ae3aab666d10948be,796,795
train,0xa9f06cf165fe40f6e52f5765389f2d79dfc567ff,1540,1539
train,0xa9f76c1514d687f72c1469c3110e13d47d2daa61,353,352
train,0xa9f801f160fe6a866dd3404599350abbcaa95274,864,863
train,0xaa0857228f16bc592c9473fc30ce4d304ce1f6b4,350,349
train,0xaa1623f45f1f3830d543501e244c80f40cb43676,356,355
train,0xaa19961b6b858d9f18a115f25aa1d98abc1fdba8,847,846
train,0xaa1e247e97023001406864b58d01d6a744679c40,368,367
train,0xaa1E2E99D5F201D73C944fFA7E80483441e1713c,2802,2801
train,0xaa2ac6ab664c9c021292753a9131af4221587476,2020,2019
train,0xaa350dc845c91e9286c8aaaccd7602c86348a446,443,442
train,0xaa37e59d7608eb96bef18ef1e29400e14be1562e,1290,1289
train,0xaa3a298395ea10c552efe1cc8586eeaa0a98ff3a,170,169
train,0xaa3f3485b5a009b34308707aa8e4c6f6c8e4dd49,348,347
train,0xaa42f23cb88318f5a9b67ea302a81c7d5ae1c347,346,345
train,0xaa4832b9d8e784ccf8b2aae438e67267828912f7,553,552
train,0xAA4E85F1bbBa9c8d7e561Da3E8EF0f20e7E99cDE,335,334
train,0xaa54201cab79e4de3072ededd32ea68d8cfa2375,81,80
train,0xaa5725375313fd8c002d1eea04afd04d99156ea0,516,515
train,0xaa5857efefa26a16e67c36b7d72590cfaf499cca,1264,1263
train,0xaa5aa0a6422d54e614421f22b00945ffcab40477,399,398
train,0xaa6296f88c3fb16881750e7166240cd9c82e8172,613,612
train,0xaa6da59f02ac6335ff0dbb896323181a8431a675,548,547
train,0xaa6e94908c4b2d020ef5f92bca529db958df106f,597,596
train,0xaa7d65b17701862ca2bb6d26d115b164e18174cd,610,609
train,0xaa82f3f0ff5026aba2224a95a5f493ac4074bc06,577,576
train,0xaa843f65872a25d6e9552ea0b360fb1d5e333124,823,822
train,0xaa8786eecd289fa7dd48a35ea31493bb67626623,5979,5978
train,0xaa8cf7acb05902c3ec60f927c62a35c8bbaa3aeb,597,596
train,0xaa8e5e4fb27f41c8b9e54e0526ccea477ee97938,1322,1321
train,0xaa8f855908613eeb15cc0916c8127df42a3e6303,345,344
train,0xAAA22Ea7aE573b7176C5D731565FB18732F640FE,1347,1346
train,0xaaa89105dab822dbc9a6de64a23d045d99d5fd36,720,719
train,0xaaab51de73631114ea24ba4c0b3929a60e5d2413,683,682
train,0xaaabd58b6d94b21859f9fc2b4e829f532283cf69,611,610
train,0xaab6d44236c662150b46aa634a52de8ab24beb5d,483,482
train,0xaabe002cbe21fdf90d59354f6b3d3f3e0b4c3698,197,196
train,0xaabfc0a9063cbcabe56403aadf7d295a46fe2dfa,353,352
train,0xaac696463e668a2d52a9c9b5e2adb379646893a9,544,543
train,0xaac8253a42c213b6a9cdf4f25cd5de29d09b96f9,550,549
train,0xaacb7f3d04434fcf058354ecb9874e77f197b3b2,350,349
train,0xaacf052428a5e8e583ca2bbaf3eacb34f161bc6b,1191,1190
train,0xaad9c02e937cfc36af78754ce5ca8fa4809f2232,924,923
train,0xaaeb3fe6a763f050f3ba384e8f8fcafa04bf44bc,750,749
train,0xaaed720C987B25E8CC0f4C0d1827F8b0C8545B41,475,474
train,0xab09f0fb6ff4bd4788b8187736b7ad94a77506fe,424,423
train,0xab0b54efe35457d92cfcddcf4d2cd6f0cb788036,646,645
train,0xab0b58915efe7dd275c9516b7c54afb96fa9811d,546,545
train,0xaB123f265a7FACA9138bA3406EBF253AE781959e,3373,3372
train,0xab16e0d25c06cb376259cc18c1de4aca57605589,364,363
train,0xab1726d035976fd2899323c3512508279a11e0b8,1235,1234
train,0xaB1EA6360CaAb4825fc1a7Bc4ab0FDa5F484E064,617,616
train,0xab2162ab3d9d5486a881ad02a1843fc2f1b28323,107,106
train,0xab28ae41b286952563a3ba71f5bcfba6d3e85451,373,372
train,0xab32cdd8d4796f5ae968ac176b3cc54a3200c723,420,419
train,0xab358b6c44208ef53f034aa25b24dd23f3892736,385,384
train,0xab3a93b317def7426c8345538690036cb92a11e6,832,831
train,0xab45ce764a2b483bcd0bb2829ada7e0b39287f70,290,289
train,0xab4b49beb908fff03790fc77e37fb2b66383948d,354,353
train,0xab51814fb72167b6a06df7520abbb678075768c1,350,349
train,0xab519ef511ee029adc74a469d1ed44955e9d5cdf,540,539
train,0xab51a20d744574f33e7f28a7b66b748dd5f7ce04,89,88
train,0xab55903841e9d755ac512e9cca39def98eb64943,2351,2350
train,0xab743a2d5bfc1d5c6c3e99753f2202a6becf93a4,350,349
train,0xab921bd020fe7e987e72cebdda2beba8924a8fa4,321,320
train,0xaba4fa934ef1c33fab46e88827acd9cc0bd8f9ec,617,616
train,0xabb44a0615bf806dce863785358af92ebf7c459e,275,274
train,0xabb8360d1eee916e47b28635bc0d24dfcabcf0f3,350,349
train,0xabc0bb482352ad835321e4a5d20682ee3999406b,497,496
train,0xabc1c404424bdf24c19a5cc5ef8f47781d18eb3e,2018,2017
train,0xabcdd0dbc5ba15804f5de963bd60491e48c3ef0b,380,379
train,0xabd32ad5a44d0939a34455cfa38558784b878fcc,757,756
train,0xAbd39315715E6B45fFEe725D724C52D00A94Ac80,519,518
train,0xabdf147870235fcfc34153828c769a70b3fae01f,1483,1482
train,0xAbe3b958849C3516c9211e5335b775EB8175867E,341,340
train,0xabe81f5338ef23a50fccf0c1f214397c6f8e8ab1,2001,2000
train,0xabea06495abd2498ef7371bda82b0c5269cb8eff,1460,1459
train,0xAc0007d373Df6eE6f0DF62E85084d5aF4dB3740F,411,410
train,0xac02da7ad695ebef7568c28587d284567c0e2f87,533,532
train,0xac09587d186d70d93dd9b16328c2e4fa845cc9cf,42,41
train,0xac0a4b9f09e09c3036f4768642fad86404001f1c,350,349
train,0xac0f978ef9a25c06132c36b99e73f3c217d8674e,381,380
train,0xac140c66211972483a90853338b95baa9efcb347,1155,1154
train,0xac1badba2d5ad0df7b002091a09117710565a1eb,2125,2124
train,0xac1cb3ab2e33e9116b6a68cc424e8d5f2adcb6fa,350,349
train,0xac1ec3143b89d5b263d9194db216ea068e0f3dc9,775,774
train,0xac27d299e2c1106daf33bc0971b7b97b96287493,481,480
train,0xac2bd14654bbf22f9d8f20c7b3a70e376d3436b4,684,683
train,0xac2e5be23611c685676cb8e824303030cdb97fbb,2722,2721
train,0xac40a74e370aadb9b38ad4bb5a12ef1688e7011c,646,645
train,0xac561067fbba8c9c82be1673349bd988d34a82c0,1002,1001
train,0xAc577ecf648d8B30b758bd9cC0E1e91Ca2aA1DAb,1919,1918
train,0xac6395e36af759ce20ebad31914801b37bff687a,555,554
train,0xac65447589555ec19cbafc5cec717318ec811874,7083,7082
train,0xac7abdd94cecf22538e20fcda3ad9b3519cc7046,555,554
train,0xac838aee2f650a6b970ecea56d4651653c1f84a1,292,291
train,0xac83edfd549ca5eaf55b21fe936dd9529403152a,92,91
train,0xac8a66dbba11b737af2f898d1954119bc34c78ea,865,864
train,0xac91f7764a3eee9476d2f1c622df7c8e7afe1325,554,553
train,0xac935d89f390c700e69230b369cb83e7eb0ea3d2,243,242
train,0xac956c72c262e5405a84dac655d5f3bea7ae9534,1027,1026
train,0xAC9E0035dC040671E5646dc9b8896d7D78C48F85,905,904
train,0xacad29db83879b8a248d1782febf5e7afc1bd747,429,428
train,0xacaf29c12c91268a0d87c2a35d8e6063ffb939b5,174,173
train,0xacb677dacac7c7b1ee4131cd071c89bad6c852f4,1508,1507
train,0xacb8a40073d0a7e041b29381debcafc2b538cd7c,331,330
train,0xACbfB851D69EF8Eca1453d82f38B590268ca46B1,511,510
train,0xacc45e45f1857f929ec6f9b924f977ba40fde9b6,220,219
train,0xaccdb649db70ec12d353062aae74fb63b63673ff,712,711
train,0xacd9be214dabf111db504334800e06d61d1e478e,494,493
train,0xacdbfec3d91870260a704f96cd7bd8c0a6c5aa1c,286,285
train,0xace518c4cb2b823c2ab2b12c709e71e11cfb8896,1603,1602
train,0xacff2976b6480264d38f987e4f0f952a3b3dfd1f,546,545
train,0xad04792a111ecd71c48087059d09d83553e5f878,2198,2197
train,0xad12524a05af2a42035b6df91d5d2253b40e6c21,361,360
train,0xad12b1ccbb2079789dc0f49787b2aaace4ab40df,671,670
train,0xad169c24a3a2e561beb58f671abede48dc64d850,342,341
train,0xAd1aA68300588Aa5842751DDCAb2AFd4a69e9016,99,98
train,0xad1ff4873633c9248130fbfe28d17e1bd5467cc4,355,354
train,0xad2de0abcef0ae1c504b6fe6d7fa7c92842ce8c1,542,541
train,0xad2ffb12f09e7886309ffd5b26d6262f1b52cb45,558,557
train,0xad39908f9d7d7caca6043774471961b9f8ceff3f,543,542
train,0xad3cae5382d5abee8d87f9318a5e9b38af6996e0,1071,1070
train,0xad41cd44884f0fa1968297743152bc9f572f1edb,205,204
train,0xad43e8ba48a974e6dc5a385d87fc8cd1fe94a408,208,207
train,0xad445e7293a803e5bda0b8800ea17c907a494745,41,40
train,0xad4860e8eb6fda8539381740823ae493c662fac9,529,528
train,0xad4c0ccc3cb30b6b7e04b234c7198349fea0a7d5,350,349
train,0xad4c4ff144e42c73b6333b75af3cee5af901c10e,1139,1138
train,0xad51c3323ea322ba96fa1b92e48bb65f54fa28c8,2234,2233
train,0xad5864c5be51008935071359e1674ca13bf0860b,199,198
train,0xad5de4de1a10353126460ead7dfe52e836f4b64d,597,596
train,0xad73155dc273ec605929f46d7f4f9aa72d992506,897,896
train,0xad7e9b5b9d15f2b26464ecbe76065f033b126a6c,1045,1044
train,0xad89a05c655c27029f9c977a4650c04f033e41dc,350,349
train,0xAD9b7e81d9BC489767f0cD3efE05DDa0483ABd49,1990,1989
train,0xadb6e66f41fea754ea91d46c63e5211b889aaecb,1691,1690
train,0xadb797366e36697dc9742a8c820d3dda931668d2,2242,2241
train,0xadc2aa8b1c75f0f042c930ad515cd32d69fedc85,1121,1120
train,0xadd648748e602784dad6c79af89cf61af3567d2b,358,357
train,0xaddbed2d47fa08a81fce6df1e47ef0ee48935268,742,741
train,0xade69b220cb5b25ba76d88d91fc540d7fad9ea9f,361,360
train,0xadf9CDE5c929ACA0D94A3C90ee31B2A10bA2d35E,617,616
train,0xAdFd49cD83f2A9f7bDC9204020A343ce6E9d72a3,369,368
train,0xAdfF6C38F194630d05E2f9862c9B2377Fa3D98F2,6,5
train,0xAE1193D58295bBE7A9219606E10dde41b77D73aa,617,616
train,0xaE23ADAC7F74BEc62712a9f70ADA7867f5a07dE2,320,319
train,0xae45fd94bc857d2b9db8078c539e49c5d0e360f5,266,265
train,0xae51952ef152e4c6eb2371def2a9e1ac0de38bd1,544,543
train,0xae5c3ab8ed2a79edd8790ea1b6cdef9992ffa452,544,543
train,0xae6b3c5dd9321d361036b297e65a709ab6d1d60a,60,59
train,0xAe79358DA89abaB5e85E1BEc1cb2C94E2553d192,1174,1173
train,0xae80d3a8e6270858057e7e51558309cdcc829075,308,307
train,0xae80e3c15a64a5eabdc805b764f90afccf9d3964,543,542
train,0xae84013bb37ef96abe16f5017a50c1e4d870a331,519,518
train,0xae86d9b23e23b2fa4d37ba6573fad1d00215da14,544,543
train,0xae89c8d6b98432df28242899b3688cc8e3d45ea3,816,815
train,0xae9a010d43933b63b132862d886e8b34a15a7c27,389,388
train,0xaeb8301d014f9318190f5dc452f7c081cfbfd8fc,656,655
train,0xaec7f3faf6873a2a2e148ed9f803a61132d6d6f6,254,253
train,0xaed206d6d77e34672721c4b0d2d42b6217658325,1146,1145
train,0xaedc52e5b37d77049204fec38fbf039c63415456,690,689
train,0xAef2DD253116E83325eA3dD392c46f1322B53659,1029,1028
train,0xAef38fBFBF932D1AeF3B808Bc8fBd8Cd8E1f8BC5,1036,1035
train,0xaf006fb1453badba95c121d1a4144193b70975a6,673,672
train,0xaf146FBD319CA7aE178cAA2C9D80a2db6B944350,353,352
train,0xaf216ec61e3f177611dc9c17a8b4e205deec8862,629,628
train,0xaf21ae125cb7c6fb29798b5835b806aeb6cd9aae,589,588
train,0xaf28902a20fe752c26258dad52587ad8765c247f,915,914
train,0xaf29dfd8c92bd280cab6b7cb9107921f4c2fab1f,339,338
train,0xaf2b8e6114da000176c506f77b173251c16b511d,226,225
train,0xaf31604f0a88f7fcebc7d4cf4dd14653f4a6773c,419,418
train,0xAf34A44eBf712Ab571730Bd0768dCB93572e246e,1146,1145
train,0xaf515471ff5391dbc758ca0a56fa3a89a6a9e3ac,545,544
train,0xaf54ec8ecdb396bc61053a3a147bbf981cb97cee,1307,1306
train,0xaf55f3b7dc65c8f9577cf00c8c5ca7b6e8cc4433,961,960
train,0xaf7122f8ea58858c1541967cf12902c12b1f522e,350,349
train,0xaf71b19e6292c6e1491ff3a54b3e63dbd41ef023,530,529
train,0xaf7aea249098f2c2f50cc11d4000ccf798194373,544,543
train,0xaf7d69fc8a14eb37ae07ddef4b209d157cbe4738,827,826
train,0xaf8e12a3c9c64d845ff7c1fb7f724573c600ed8d,1423,1422
train,0xaf8f6720109cd0fa64a4faa2d905a9ae95be4b84,1507,1506
train,0xaf964ead9d9be5d0cd20ead3a11a1341ed036a84,350,349
train,0xaf98a2bc242d93b5206b2ea7cf26e31d82c5873b,457,456
train,0xaf99eb86ab6ff615848e4f35dd089deeab4156a1,350,349
train,0xAF9c2c3251fF770DB21A538c0c5DaD109e74E842,1990,1989
train,0xaf9eb1dd043cab3316b3b8282b65cb19b69d5729,420,419
train,0xafa59ea4399b5f55135ea535962efb796b7981f9,661,660
train,0xafaefa2a7c7aab9f8b047268500035514487ef0a,330,329
train,0xafb06c1309004970a9c5ab3b047527bf38b99590,254,253
train,0xafbe141e5bd03f94f82ee9b362ac2e62c28ccfda,673,672
train,0xafdbe2bf55c73812da0348ab42543792c9cd1c4a,350,349
train,0xafe1b35cf71cc69ceb4626041e6908a11e2b498d,656,655
train,0xaff7732c621474fe0a999d270b6ea7a29f4738b6,102,101
train,0xaffd185f4e505904566cdc9677a5efc2e9875b8b,174,173
train,0xb003f78975948cbc9c3ad25e3b462a44659e7133,585,584
train,0xB01e955b4F08e3B2abb21bFa86aA932c7F756912,367,366
train,0xb02533f3acf5bebedcf6b11a83951bb80d45b65f,2595,2594
train,0xb03a0c5efd39e22dfa6e00b324812e205f21bdf1,790,789
train,0xb046fb6a6d4d6b715a2e6899987a4c42afdfc59e,350,349
train,0xb04a6089fab9691c3ad9ab72974da30246f1046f,344,343
train,0xb04ee6be2b98c9ed24be5585329891fea036829a,309,308
train,0xb066ab1ccefbab273efd7aff756157db061f4a80,592,591
train,0xb071daa1ab87acf0cd9474fc7246ffaa1b906bb4,254,253
train,0xB075Cf6C6c12263Dbd1fc810E6C08877307aaB66,1990,1989
train,0xb0866289e870d2efc282406cf4123df6e5bcb652,598,597
train,0xb08d36a1d3b616735dcb603576596429380f863e,357,356
train,0xb091e57acf198b660396ef4b5d883a5a9c556609,829,828
train,0xb0958ac707f86f3057c3824e64c2ed3394b88d5f,317,316
train,0xB09FFc23a548D34E793De4a29Ed0560ea5150117,620,619
train,0xb0a670a1cd2ac6b3ca0f7b7d749d322874112747,385,384
train,0xb0aa6277638d73cc176644f72f2e98136c249cd9,102,101
train,0xB0b33E9CE161B8A3aE801782Fa587592220306D2,1611,1610
train,0xb0B7C0cDc412E8230C232254068c46E4418b69C9,305,304
train,0xb0bef286a13457b963c710fa7765961d09a27c63,830,829
train,0xB0C45487696EeB2Df4012b463919D69a99070Fa5,7486,7485
train,0xb0d15abb7ef3167cfad71b6e8302a5f9d7b51e77,1319,1318
train,0xb0d8A687217c11D04208B345A89fdF30063D4C8a,514,513
train,0xb0e857e57550b3e93a406454f1dcf45d803fed59,1836,1835
train,0xb0ea8da75cb8695d2519d12f5f2bfafd15a29514,779,778
train,0xb0eb230be288c45e439a0e9eb737686bcf834594,1103,1102
train,0xb0ef89854c99944eef755f2defd0bace19474731,636,635
train,0xb1021477444c6566509e1b80d2c99e9603a31c47,2185,2184
train,0xb104df39250112eda59b27f5db7013c7ee132d50,4177,4176
train,0xb10891523ce2b89ace4de7474dfb4507d663a797,613,612
train,0xb10ba7b334d3bd1b2110ba00bca39696b6df406d,1146,1145
train,0xB110eC7B1dcb8FAB8dEDbf28f53Bc63eA5BEdd84,1157,1156
train,0xb113c80cb0368792294d1e706b8ed8217b7bcaa4,902,901
train,0xb13F155D788De3e8BDD64a354c052DBF9ADCdBad,405,404
train,0xb15970C21d3FE0eD440980b056Ab7Fa7acB296b1,1299,1298
train,0xb15ef419ba0dd1f5748c7c60e17fe88e6e794950,526,525
train,0xb16cd471cbe95e66957dfc4cdaf7a6abc8290ab9,807,806
train,0xb16f44c0f4f5dd3e886e9ea6f8afe7274f4dfffc,939,938
train,0xb17413f9ea7b91996af2495ff729cec7ca2eba72,345,344
train,0xB17694da33c2ac8B911850D823b32087a61bc9D2,841,840
train,0xb17c57d1431d0f14a2bf44c72f4fbe3e656ec85d,1321,1320
train,0xb17d9e106d5b30ab6c62e1373ce2167ccfa08da4,692,691
train,0xb187fea1547455d2fe74ae79d6529548cde1390d,3048,3047
train,0xb19b2aee77e84153a052402b8561d10bff9f1416,1613,1612
train,0xb19c9e527fe2476cB26d7B92624b6fe806b70Ae1,11,10
train,0xB1A2F4a31825E8c6c0aEFDE4719E189Eb1E2800c,254,253
train,0xb1b6d53cc784d96eed8564677196365b19d5b7de,551,550
train,0xb1bd1bbe4104ae6ccef15039ad938026e622a5e5,1266,1265
train,0xb1bd9e21ccbec1102e61e6613bdd018eaa24c77b,617,616
train,0xB1C16Cbc0cef590F63C60D47F9cB790033971345,78,77
train,0xb1c384fab269ac9ad3caacddbc4a211a631947b9,49,48
train,0xb1c433762800f3331e5ff69e1e38a1dac998f46e,808,807
train,0xb1c74c1d82824428e484072069041ded079ed921,711,710
train,0xb1caa1bfbd25f16ec5c4c94780d393ed87572b0a,284,283
train,0xb1cfaeb81533611cd7617d49e0b95d4383b087c4,285,284
train,0xb1d463018c65621e33ba69ac7f7c69a89aad1fb8,399,398
train,0xb1e255839b3eef8f350f3f243db0a88c3edb9337,350,349
train,0xb1ed41dc1fe9b723a31137afdd1201d17917fe91,979,978
train,0xb1f8ed18e93f8b321c7814209155f8637096a868,508,507
train,0xb1ff5064a2c04f42c3922e951c80ac3b86baeaaa,117,116
train,0xB201cBb660244482Cd93F4baFe6Ec0Fc8a39c31b,461,460
train,0xb2048d829482dbc9baf6951c28909e5c49686041,433,432
train,0xb2069ca2122e652c0f6ed4d408c915bc103e24b8,651,650
train,0xb20bb2780a6ae9e399e805ce4f60321245f7a0db,168,167
train,0xb222e54b336bf4834953eac0a5bd0c1aae2079e9,182,181
train,0xb2233FCEC42c588Ee71A594d9A25AA695345426c,484,483
train,0xB225E6788f6C976834e88C11d948a9b01A93eF11,1919,1918
train,0xb23f40f45cedbeb937f46f084af170f251bdd488,254,253
train,0xb23fecec4202b868c228ac0a59cc12a9f93bd605,2011,2010
train,0xb24754be79281553dc1adc160ddf5cd9b74361a4,467,466
train,0xb24e9e3dc822daa8ace9af9c9b2ff8ab8348bc93,1262,1261
train,0xb26146c4446709611ccab5953481a6d0a244f938,350,349
train,0xb27ce1f6274af03318053bb31800d4ce3d16f655,745,744
train,0xb27fb7274307ff3b4638118d6c1b27f28f4eb063,656,655
train,0xb2a5bc5190c0dfb6cd0eede9d51106028192efdd,735,734
train,0xb2a773677a46f442608b052dbad13240f3d59129,291,290
train,0xb2b5799edccc354f7bf69e9649cf85544e378055,531,530
train,0xb2b68e43efc5ce81530398ac6ce624a10a3b27a9,1098,1097
train,0xb2bfeb70b903f1baac7f2ba2c62934c7e5b974c4,454,453
train,0xb2ce898f21ef0241e962cd6754242456d82f38de,613,612
train,0xb2d5e50ce6b7304c645d431243fa809492d777de,539,538
train,0xb2d625918f70184883b34ac11ad4c179f7f40f43,350,349
train,0xb2dc7fb6f9ce38ccce3c75574639088542cdb66f,33,32
train,0xb2e260f12406c401874ecc960893c0f74cd6afcd,1025,1024
train,0xb2f1db990391cf852c982ece7fa67a143ae37c37,1232,1231
train,0xb2fc931b809c9329cdadd7177264ac156f9f833c,476,475
train,0xb30392741016ec0986389f412a524af90c89234c,579,578
train,0xb31209caa95b4475aae98a5c32dfa0129d154775,410,409
train,0xb3203DB25a01fa7950a860B42b899Ad7Da52DDD6,346,345
train,0xb3230fca7067819f4a27bcfb68b6dd736709bf00,414,413
train,0xB3264b0A71737597eF3a8Be819e8DCAF8ba2f53A,350,349
train,0xb3342A4e1DBBB2a3Db3E9a7Ca888034843A2B3E7,635,634
train,0xb334ac3a2f65dd597734b888324fd48285dad8a2,350,349
train,0xb33812b316e0c454039a3b48d09dfe97d11683cc,753,752
train,0xb33ac900927f8b35383d1647d47a62fb16ee6fa2,421,420
train,0xb33b80584a1c787dacac724c6933b537929ab0bc,348,347
train,0xb344f584e002e2ad84a71a60e395ecd057060d19,652,651
train,0xb37089817bb126a897a96d94a2833a4ebbcfad12,807,806
train,0xb39214b18d9ffb6ddc9a4d5f6063db136cf3a94e,621,620
train,0xb3c0c7214f4028516e2775bbf8adf0f7ceffdc2a,617,616
train,0xB3C2373CDF4D6f15a907902bEbB0396dB9a10285,338,337
train,0xb3c6537b44aef5267173c031011581b32683a2e5,477,476
train,0xb3d5b5cea80ac61083ec9948b4b507a0f22df71a,647,646
train,0xb3d5f0210cd4f4631aa634103388fb759a73385d,428,427
train,0xb3d64264e976a2d00f30af35b0699e20d84fcafd,350,349
train,0xB3DfA00f2Acb6D67E151EE5867f23E6C73923221,1990,1989
train,0xb3e2571899e97c8081fc05c35294b28353011987,640,639
train,0xb3ef49701bd2b21edcb730d3cfd09a590bbbb64d,350,349
train,0xb3ef591a80e8701370ecd29bcebd8967a09a51f2,1337,1336
train,0xb3f1c771e232516aceae118dce40fa3199504931,833,832
train,0xB3f4088c7F54941966f6da9eb9c2fcD77178BF54,391,390
train,0xb3f57b9d732a89967D081E5Fe783f3473D87c4e9,534,533
train,0xb4007597da3402a1e2b69c8e1c6dd753d01a8035,4260,4259
train,0xB402bE8DB1D9eb2BeEDfe2c8A6c38A604e9F13C6,1275,1274
train,0xb405fdd0265965acf9642217e00752330c5138be,336,335
train,0xb409384f6b59dec379d61d19978da4a6b82eb723,426,425
train,0xb41b531359330d76Bbcb0f1a24F94FF6Bff30Dc1,320,319
train,0xb429ecbd7cda1cb82cbe0ae9044310d2f74de67c,247,246
train,0xb42b1bdc82e1c6a79a1e3d6d7e964763e742922e,957,956
train,0xb431b44f19f4349170ccc1c8f757d490bdc930c0,902,901
train,0xb435c8dd6edd82918606f0b2d73970683806b004,703,702
train,0xb438202e27991b04be6cae51e9ca4c15ddcbac55,1721,1720
train,0xb43b5be03416ca16f7b9749c6aba818538dcc032,763,762
train,0xb442e7315d24bb120ddfc778612116dd5c90dc46,1233,1232
train,0xb447f453bd01e11ab22eaacf600e235781b3470e,350,349
train,0xb45893bd77830bec7c305aded041bd74f0343bd1,1131,1130
train,0xb45a50545beeab73f38f31e5973768c421805e5e,466,465
train,0xb45d7bc4cebcab98ad09babdf8c818b2292b672c,667,666
train,0xb4634a8c48fe17f584197cfddacc4fc76f93f0b9,482,481
train,0xb47841728f10f39abad9d799e8f6ba05e30c1b9d,1783,1782
train,0xb478c246c27a8dc083a07d82bc368a0a9494663e,894,893
train,0xb47c5e8f389dc1fa8247c9a4b9e5dcdc79754152,376,375
train,0xb4925b5a1e7c00752f686f988926478ae0516115,1553,1552
train,0xB4959bcC38F34DDB9cFD95d4935b18AFd5bB4817,2576,2575
train,0xB49B1dDdf1b3d6E878FD9b73874Da7Ab0da7E004,138,137
train,0xb49e7750b6c4afcba510b2c82ce643116d0b6cd0,500,499
train,0xb49fa6abb77a978951dfc547dfb76be10c88cbf9,1200,1199
train,0xb49fd98874ddd4e1029364faae2977780499da3d,823,822
train,0xb4b21c7a8a7b3f01129b7bb4ca1ec9fbd58f3a76,278,277
train,0xb4b58b6ca30e18fa96de0fbbf9ac363aace33277,216,215
train,0xb4b7d0c65b3618bc8706ab7b3719519ead624067,399,398
train,0xb4bba71e32c3628f0896639da4c5364519a8ca08,1919,1918
train,0xB4c05E6e4cdB07c15095300D96a5735046eEF999,143,142
train,0xb4c55b5a1faf5323e59842171c2492773a3783dd,2663,2662
train,0xb4c5d471c73da165f8ab44822ed0eb48e4b94b20,1703,1702
train,0xb4ca4689805aea93be2907a95e1dcc4bfd12420b,609,608
train,0xb4cebdb66b3a5183fd4764a25cad1fc109535016,532,531
train,0xb4cf9076e75c4ef1d2572eb43c540ba97f89a37b,576,575
train,0xb4e189dba80c7832e837a90d3f1e88e9607ce775,347,346
train,0xb4e3362ee28105cd6d99278424d2176c4f3d76ce,613,612
train,0xb4e348c10b8f1dcf2b5bc524f1f2ab912fde4048,853,852
train,0xB4e4a785de5A9cAEfAD3912A1344fEbF04c7d2aC,2328,2327
train,0xb4e7fc7f59c2ec07aee08c46241d7b47de4cec06,376,375
train,0xb4e8d821b5b43fca08f5986d9b52a8dc00565cc5,2670,2669
train,0xb4eCB1B487D72609c6a3485bB0bb3863e7524b9D,1734,1733
train,0xb4ee72d819c23a48a02c12c29331641426599266,590,589
train,0xb4efd85c19999d84251304bda99e90b92300bd93,1321,1320
train,0xb4f5438c3c2a682da351ab6b57edc8530efd67be,350,349
train,0xb505352941732a85b7ed985a6aaab4b96e081752,345,344
train,0xb50B141D2B1358D2494858F86d615a3Aac0aF24a,335,334
train,0xb50c7daef9ec0f8b38fb742b5c5d4697318fd223,789,788
train,0xb510788cbb9aea54221d3dc8cce2dff629a1dbf7,1067,1066
train,0xb5138a7237a5e3973ed1a1f6f952eac4409b74d7,350,349
train,0xb522d87e20cc69acf041169eab0749c773f5ee66,475,474
train,0xb5294606d89e47dd648916bb5bf64329da057218,485,484
train,0xb52b2ef444df36cbe70a0162f8aeee9b7610da6f,365,364
train,0xb5312886c3bacf5c8f94a096d1c731e520934c8c,45,44
train,0xb535394330357396680a5542767A190193F9D2Ab,279,278
train,0xb53613FA4ad09f00e41A91B7dFdfa3E98c76F4c0,335,334
train,0xb53a96bcbdd9cf78dff20bab6c2be7baec8f00f8,664,663
train,0xb547cc51ce58293e6945ba08d664ce051563d9ac,2974,2973
train,0xb551a9661068ce19ee24e8c71a95f5dc6fa41ed1,2172,2171
train,0xb554cf51cda0fccd5012d55737c4df55a3e18a5c,316,315
train,0xB559781c7Fa7468bFF102AaC31a6a88fB7bbf596,261,260
train,0xb55cbc064fa6662029753b68d89037f284af658c,497,496
train,0xb561fef0d624c0826ff869946f6076b7c4f2ba42,608,607
train,0xb565726e2e44e4ae9e3ce750fc4ba8fa65e701e0,2489,2488
train,0xb568109c11b95d9e40a45a1c3ddacf67b24931f4,1143,1142
train,0xb572d10b11b0c2951c8ef566d527f3cd8708d5a2,515,514
train,0xb5766f61911f8b520b0e938aae100834aa3048c6,103,102
train,0xb577c2dff0394efeaaa27d8c28d2ee1a115a00dd,779,778
train,0xb57b9206d75c1bb02cb64f97fb5176eae731a62d,6135,6134
train,0xB57d80F8b9B00AC2F9d74252b82a05346dD42103,1538,1537
train,0xb57e2ec276460a993393ca1bb2bdae6c8170c73a,598,597
train,0xb58984c21ec86f2a48512862ddd6b45d3e0ffe20,355,354
train,0xb5949a2cb27db339ae9d50c26bd6f365ce8a3c1e,618,617
train,0xb5980eb165cbbe3809e1680ef05c3878ce25dacb,308,307
train,0xb59cabcca5efc4b6b1aebb92fe79df1cacc3ac49,350,349
train,0xb5b8749355b89bcb04dd70001cea1b98a81ffe61,229,228
train,0xb5bcd3268dd094ac273f3590a35f52da8677fc55,705,704
train,0xb5bfe2803e37525ac9f16a60f208b1c33c878347,701,700
train,0xb5c0e43a6330b9eb904ec57ea24d70269ae4652e,477,476
train,0xb5c2ea13d2bf1968a10722dc45900c8da0f78212,1612,1611
train,0xb5c33f965c8899d255c34cdd2a3efa8abcbb3dea,600,599
train,0xb5cda9ee65fff807dde105df34ab8e771c0d1ed8,499,498
train,0xb5d4dae3dc53315772f6d46794bcb72db8341518,350,349
train,0xb5da6638a3fd783CA21604a00Bd2369b630c8322,335,334
train,0xb5dbd316fa0368a99b3ca19597a5b22c70349b76,1590,1589
train,0xb5df8cbca0208f61e2367b3148b0facac93d0af6,550,549
train,0xb5dfcfb58b22e3cf1090eb940f12e09f7512db58,1022,1021
train,0xb5e3b0e5ca09ed240125524533a7938394921188,579,578
train,0xB5e4Ebe6CE2c46327F725659F3B7E63A7f89c9F4,1423,1422
train,0xb5e5585d0057501c91c48094029a6f4fb10b5a01,1301,1300
train,0xb5e60ae88aeecbb9f923c4ba41790c05ebfeef84,1014,1013
train,0xb5e7268539bbe78b8190ad61342dba7251551599,277,276
train,0xb5f29f36e9006f3e7245b5daf7bcdc9fa1daead5,117,116
train,0xb5fe93ccfec708145d6278b0c71ce60aa75ef925,397,396
train,0xb602f224523c89c80dd8e970573291c63beeb778,680,679
train,0xb609e144464e105d717088ea183834bc477bed91,72,71
train,0xb60E133DAcF00B6f560909DC0A5311ae7F9a659b,365,364
train,0xb615ad8016c70239e728e28fd951e4e66a9b2d32,274,273
train,0xb61802C06FC7D5beA7D8B4853e6a7Fcb53c6A8B0,591,590
train,0xb61d57a3eff8c3a1c011265ea2b01f47be671767,238,237
train,0xb621ec91c7ca5dcfc34448c4e1728c4a06876a38,780,779
train,0xb63b95c33b891cdc01cc1456412e58eb8bc74571,1010,1009
train,0xb66852e6c0b65128256b50f6347f045c20347f66,529,528
train,0xb66e4dde0d884c88192fd5b1274a98f9d8959a05,597,596
train,0xb67732ca658b9f7f6c46865865fd990d634c8766,1550,1549
train,0xb67b88a25708a35ae7c2d736d398d268ce4f7f83,1174,1173
train,0xb68578a9f447d865d02276435c2ea5c5f5c57fc7,654,653
train,0xb698B514201977FeD4C867CFFC18fE83c69b2E66,1073,1072
train,0xb69a50f98a49f85fd2042813e1647b02dc43d71f,636,635
train,0xb69f13315e94ef380529758b58157383b9b2d97e,350,349
train,0xb69fba56b2e67e7dda61c8aa057886a8d1468575,28,27
train,0xb6a53b84e5744bbd5858a8653c0967c924a67827,349,348
train,0xb6b2ab99f9d4090c722dfe18e3a85a732e74d081,1375,1374
train,0xb6ba63978b5c43ad9cac0622aa34c5c1073fadc3,497,496
train,0xb6bbf89c3dbba20cb4d5cabaa4a386acbbab455e,371,370
train,0xb6cbff3bd7dc8cc69ef110d730b2ef1ff603183f,350,349
train,0xb6cd94c7cdea8fa5cfad9210e3f2358ad8b0cd75,42,41
train,0xb6cf5108f3a98db211899f873d270c534f963abb,350,349
train,0xb6d1c47fb16ee655b42cb76c109b12c70107bcb5,350,349
train,0xb6d85349ec816726bf07e1690d56d712acabe409,1540,1539
train,0xb705ac4a38d3e6bb427e1b652e0ab8db38c1afd1,573,572
train,0xb70f22659220fa5cbdf7b9a7397cae93e20b3536,304,303
train,0xb719193e97914798e33a1cfce36fb19e5c7a36d1,492,491
train,0xB71Cd8f21D5C21edcd113CA2807189ddcAf9DD44,350,349
train,0xb7244e49b4b64644dc781e9ea298d0b608f9715f,356,355
train,0xb72a0fa1e537c956dfca72711c468efd81270468,2016,2015
train,0xb731db6daf453383d4087450a1b1861d2ac5f6e1,133,132
train,0xb7321c1dae3931abf91f8f5d68e3aaa42f526acb,1027,1026
train,0xB7438d9e851aafF3A86a8bdB060285872a32f558,1299,1298
train,0xb746aed479f18287dc8fc202fe06f25f1a0a60ae,1190,1189
train,0xb762a327203f57f2e1fe94049d4794b5a4271c6f,1256,1255
train,0xb765049d934d69d91a495f21f32e3845af028db0,1481,1480
train,0xb777Dd52666eDE5814D048219be94e37e80f4f9E,530,529
train,0xb77fd7187f7d4ba1f90a924c9d4264d4c458e5b3,113,112
train,0xb787d4eac8899730bb8c57fc3c998c49c5244ec0,350,349
train,0xb78af44145dc140749eeefe960ae9f71210621d3,350,349
train,0xb796ad9C43BF40C24637e1A6833a526F7b795664,1990,1989
train,0xB7B46129c580D8bb4F643ec29130a99E0593A696,530,529
train,0xb7b48940e0dc3c520a80c75b84dc77553666d5ae,1933,1932
train,0xb7be0f89ea65bf3ca0f791b46824bf2492720539,399,398
train,0xB7C6E7232B6E44d3adA26C076E6aE0ECcbA0C6a4,347,346
train,0xb7c6f23e9bfd56b7337916086b699f104959a2ff,497,496
train,0xb7ca84b8aaca998da5e83ae5e8bb66f73ca39b14,569,568
train,0xb7cc4f093436b966b671ad9d0c09e7a6c37b4a81,431,430
train,0xb7E0F6F5a28193Cdb393F9f5094350798C3d5B77,585,584
train,0xb7f8065814b6026af33d0c5e527d0cdb4438661b,711,710
train,0xb7fe7b2b723020cf668db4f78992d10f81990fc4,612,611
train,0xb8030a590600aab59551a9e673e0e487826226fd,350,349
train,0xb80463f354b54b958e88b4d5385693bb554cbd8e,571,570
train,0xb834a20ffe2c3feb10bc2f4d0f43ff532395e117,385,384
train,0xb84005872b407999a4a97f91d5ef40baaf1b9dc2,288,287
train,0xb847e25e3095fc80a2608c46efd745696452b91c,598,597
train,0xb84c7a87be5473ce105af1dd60bf296769bed6d3,1818,1817
train,0xb8523ebe9426485e5d4b9ae64c541080390d7c40,544,543
train,0xb85726c7481fa69d91dadca1aafd871c968a7d8e,1321,1320
train,0xb8842b95a9c0cdbd4c0d6e0319b8d46792830677,751,750
train,0xb88764ea63874d95740df258f22e69e92456ff3c,911,910
train,0xb88924408a95917c75de67fc9fbdc4af992979c3,1886,1885
train,0xb8929c304dded40898ee972923760f111d68ec04,350,349
train,0xb8986a6c330deb52557b83556b57ed3a51de8a51,2344,2343
train,0xb898db748e294bd4a08dc17f82fea24a6ca31505,984,983
train,0xb8a1de113ecfafb9e12adcc76673c69068178438,652,651
train,0xb8a856942c1e1e1feb7bd3e2a99373409dcee149,433,432
train,0xb8a88034bcf46e26c6bae1269ff2d051e2dee65c,1327,1326
train,0xb8aa8971e9201d183d1dadf5acc5c3f6b3076bc0,329,328
train,0xb8ad23dd7bbe75e2f2e35de24bc641bb4dfeb574,350,349
train,0xb8c5e80904f84092a7deb23e09e59c9bc3e06326,384,383
train,0xb8cd88383c64085dfd21948c3b61fd3d28856224,356,355
train,0xb8cfc6bffd8fceb2dba36f1184020616d81880d3,4177,4176
train,0xb8d740574a9d31d55af5d78bdedac96cd7b33f7f,471,470
train,0xb8d9b579c32b88714dfe69c05d87bb3165892b04,1125,1124
train,0xb8dd3ff9b542114a0822ac68f1829bebc5ebe803,550,549
train,0xb8deb50add740112bd4dc06471e121f5ed1f9d6b,196,195
train,0xb8dfacfa7580378d8656ebe390fa933f234f2324,350,349
train,0xb8e392da7abb836cff06d827531a7e5f1b00bed2,1945,1944
train,0xb8e63ef835b54fcd60282271212c75a32adb615c,2726,2725
train,0xb8eb17dfa4ec9a6457e4c8fb3d724c0ed9ba4cf0,2165,2164
train,0xb8f68d88fca19a4313a29d6fe8a85bac82b0af55,278,277
train,0xb8fa3b0a0c671a91565f891f390454c2ae44c623,350,349
train,0xb905bef90edcc6631b9a286dfc4907fd9e2fcc68,794,793
train,0xb9068705fbdc3b06c11763d2c260be682e6844ff,433,432
train,0xb908cab7cfb2dd8af24ee7b1dabbb5d63a8d9f75,3255,3254
train,0xb90a65d4967debafd4cd332682755ebb8103ad09,350,349
train,0xb90c424cf535c44f2f89c9159d0f26179943927a,742,741
train,0xb9132c68dd9f8b35334ceb2171c6b9fc09fc9233,708,707
train,0xb919b2903e07293bc84372471a7081ecb69e8d36,4435,4434
train,0xb91afd1fa3e9c3055b18214b0041563484c71aa0,1469,1468
train,0xb91b3e0946501efc01e5a3dc895a7a113d38a94e,760,759
train,0xB920A596d249EE182A399fAd721D19c2f878ac63,346,345
train,0xb928ab57b3b81de54ea675eefec744f442c2dc8f,526,525
train,0xB9372990872eD98BA443C16790fD0d9DE1209c7D,458,457
train,0xb939c757bdfc75e28e1ae2b8c1a4640180b6087e,448,447
train,0xb9440022a095343b440d590fcd2d7a3794bd76c8,491,490
train,0xb94Dd9306302DC37F244b8FA071D2105D02A459f,919,918
train,0xb957b54c347342893b7d79abe2aaf543f7598531,471,470
train,0xb96b62186c6cccadcc26d8eb8c083530ea7a85c8,667,666
train,0xb96e8de651f2e9056fb1f41b42a380fddbe4fea9,113,112
train,0xB96eB33E4a1a9ea3B8581aBC8185F9597E45E8AA,614,613
train,0xb96f45dea0698e8bcb8b3eb4ddbb97da584bc0dc,9,8
train,0xb9738cb78ab1c0e052da1a8376d0065a0db8d8d0,1308,1307
train,0xb9803fe3e2646ed6c5e6b774024101e7418cdee1,239,238
train,0xb98091aca11039eecc087e0b4687b7294d66c68d,2017,2016
train,0xb9876d327e72a8f54793bf121c3d4b85f7b108d3,290,289
train,0xb99a5b75fd641521d5a792bba42df98cae61d041,845,844
train,0xb9a4bc0deb2cc880dd4156007bbfdeb489cf6d53,350,349
train,0xB9A4d5F5F0349F4148DCdb45765de633D6AAb291,1919,1918
train,0xb9aac097f4dadcd6f06761eb470346415ef28d5a,2685,2684
train,0xb9ac67a866b2e6990538ad5c9c20b830e5404518,2865,2864
train,0xb9ae00ccaf159338299a84c44947164a9aae02ec,361,360
train,0xb9b4cfe4194d7e8511aa9b9f1260bc7b9634249e,835,834
train,0xb9bdf88704b957b4b8df79fbfc602f50089cc2b1,482,481
train,0xb9fb352bc8872a861bda5b56442c735bae94a708,1288,1287
train,0xba034506a97e369c853ca06345c6b0e712a330d7,350,349
train,0xba0acae9e66474cdb9f4adbd010145042aac7eec,1316,1315
train,0xba1b1959684065d83654f52bf2cb01b0c14ca3c5,733,732
train,0xba1e1663316245463d82bc239a4461ba7befb741,902,901
train,0xba2184520a1cc49a6159c57e61e1844e085615b6,3262,3261
train,0xba2403b8ec4f310017a887421c0227a529b04ad5,85,84
train,0xba51ff3802aa3170ce7ac7ac001831ca3eb6eeea,741,740
train,0xba54a9aa2a711883aa5fc87ae9e7127ba405dac9,915,914
train,0xba5787e07a0636a756f4b4d517b595dba24239ef,984,983
train,0xba61bc2fa4e1a424ed707b9df333e295dccfd050,616,615
train,0xba721566c435aa597d735496d9a5445d56e8f1e1,350,349
train,0xba76533F8DD5B9c890e5f8732F6C3499A4204608,725,724
train,0xBa814Ad9f57205c19351b09aE40c2b72458Bb9Bf,472,471
train,0xba8d6729db03d43b4132a00cb7076d22230ed105,544,543
train,0xba93fc88b449c42fd733d15c8ad0d7524b47e710,573,572
train,0xBa9617322E920481758239F378D458f7f334750d,335,334
train,0xba9841651345e7089cf04c59105f9878cfe731b9,385,384
train,0xbaa0c80b2b5efc7d786d3e3616ee370ddd2190bf,350,349
train,0xbab165df9455aa0f2aed1f2565520b91ddadb4c8,365,364
train,0xbab3972d8baf95263a137bc0e3290a40224d95cb,1390,1389
train,0xbab738c3a9b6122fb002ffb0c747745cedad3f09,148,147
train,0xbABA9bbb033f9b575ACf7F09A240782c17124731,1234,1233
train,0xbac2dc4fe58f1f3382f036b1cb8d92591e0c135f,659,658
train,0xbac4d7a17447f5d2fcc680861bba736cadd4c8cb,789,788
train,0xbacc0a58ecd510597cac918344137c7fb49eb9ad,290,289
train,0xbacdff7c8ee65de4778b99b90bd011f0d814aa8e,350,349
train,0xBAe533C9C0A67D5dE2B89a8fD0bc01A2b450bD2d,244,243
train,0xbaea11ee67d559cd9c2be58f16f5cf8a90d9548a,474,473
train,0xbaf2be40ec3ad1edd3c38a59710b67a61cbdef3e,533,532
train,0xbaf9d121d6447b19e95f48fad834a0dff1a92691,613,612
train,0xbb01b2113c13eeaa70c98a4fff53a0fc593713bd,216,215
train,0xbb0292ddd8101517640224c40edb67233ae72dd6,1360,1359
train,0xbb053d1bf0e35ceb091b1857d8215d6fa0df7e9b,622,621
train,0xbB0aaa4413263240C57e14f0f8919c82C5Fe62C0,419,418
train,0xbb13b668fa4a9cf89c601997355d759b0f7799a9,543,542
train,0xbB22F3567119020cfc6a7EAaDCB52638A51eB8e4,538,537
train,0xbb2395583d9c0a8d796abedcff1c1a8a21e68f66,1949,1948
train,0xbb31037f997553bec50510a635d231a35f8ec640,116,115
train,0xbb3199238ce6c80733bca204fcdc0fd1e88e8714,350,349
train,0xbb3272e78177468177836efc7d4c0f3209876971,350,349
train,0xbb3404EAc5fAc754872C42c2a0b711FA14A5b306,329,328
train,0xbb4b221bfe7ea28119337859ffc672efe13e9912,117,116
train,0xbb762dc09a9705e0e530aaaa2284b74ff175ebdf,1768,1767
train,0xbb77f0162a081fabb612df99d792eace7cf682a3,544,543
train,0xbb7c05467c0b7ff78a1753163fd687de1721b663,644,643
train,0xbb816b2800edd60465c8fd5147f1f551168e05ac,1092,1091
train,0xbb8fe9837bd69925e2100041aa093276f39a7ce7,661,660
train,0xbbad179bacf0e43480ae346f02f02b78c05a209a,290,289
train,0xbbb26e9d4643dc8fc069b30af64e9bf32d60a587,188,187
train,0xbbb5f545846bc9057c3d26686397ce89a1609b7c,1347,1346
train,0xbbb88154f8fa94c3b5bc65088ac7db80a926e9b4,429,428
train,0xbbc640a9e0a52f12664d1a78e5570bae0de41ddb,350,349
train,0xBbc79794599b19274850492394004087cBf89710,869,868
train,0xbbc7b05e8b4b5fc4e2de3dd9eee044d44bba9f5d,350,349
train,0xbbc851c254f98f733cc164e271d91a7d373a993b,350,349
train,0xbbcb34848c0b2abe79b0b86ab891e87bdfd1fcbd,544,543
train,0xbbd021f65e0b26149ead8bc042f343c402d84495,884,883
train,0xbbd7b196d8ce1f56b2901145b3fcfc42cded5596,216,215
train,0xbbd907e9f19c1608c106f85ed7203649981310fd,266,265
train,0xbbe54023516c5a95dc63a8bf232f951600e8c3f3,699,698
train,0xBBF0cC1C63F509d48a4674e270D26d80cCAF6022,957,956
train,0xbbf10d6547453bbd3117c2bb5da4ea2addcd5b33,597,596
train,0xbbf578f4441836324907e241b8f0ff4a514fff0f,399,398
train,0xbbfd45f1fb42d65d3846a2f1d24df82b17463a68,649,648
train,0xbc05e610eaac542bfa64504025413291beb58d36,2110,2109
train,0xbc145bc6bfc6af7370bba5baf6a70dcf4789a3c6,2483,2482
train,0xbc1aB7F58a95cf307Ba5Ee18CF06b7eD0120da7a,1149,1148
train,0xBc302ceB57b06Cc39Ce9E3b177C5E52cD7B1417E,666,665
train,0xbc46d9961a3932f7d6b64abfdec80c1816c4b835,549,548
train,0xbc49970f15dc12e003c3d10a8604a5373cf79ac3,2439,2438
train,0xbc4c35f48d95e76d05e65c0c2bb7a933c1ec9542,252,251
train,0xbc50683ae35613852a7a6fbf5415de195e544212,350,349
train,0xbc6ef6c3ced8838153daa1833e1c1f5a2bc9895a,1741,1740
train,0xbc7294a39b392825fce71534fcb2cf4c33300c57,73,72
train,0xbc8113cbd55993fd6387f404d2062b4019ab89d7,7,6
train,0xbc8645Af8Aed2dD77c04639d2F338f4E09B6ADCa,1052,1051
train,0xBC91b8219B47079A0Cfb6c925EcDc90Cc3F31d93,3373,3372
train,0xbc9395973bd35a3b4bd924f050d2778c07506ecb,1131,1130
train,0xbcaa90e19d99f53ab94a584a211bb01c7db516ff,350,349
train,0xbcaf3d736343447464ee6acdf03ee84ef4c39f61,425,424
train,0xBcB03C4b10F04e568Abf88Df136F579038DD0eF1,536,535
train,0xbcb7ba1873e4547dbc9133fdf64a030db09f48d5,423,422
train,0xbCBD4c956E765fEEce4F44ea6909A9301C6c4703,603,602
train,0xbcc546eb5a290977180f85cafaa712019893729c,1961,1960
train,0xbccE86B2F260A7FeEd9aE6E4F3e339d46fb3E3D2,585,584
train,0xbcd4cd3c7048f64bf0ef61cb0220c2ece8db6c35,808,807
train,0xbcd7db2ca9914d50b121fd1f5f950818f981d55b,610,609
train,0xbce652a5065fca396ddedca3494eefb4b781c165,73,72
train,0xbcea0b07d6f79783aeaf35c6ddcd27dbd42ab621,1251,1250
train,0xBcEF236C69228f004dA2fA693c3347946798e0C3,379,378
train,0xbd10c70e94aca5c0b9eb434a62f2d8444ec0649d,227,226
train,0xbd16cc777ea601316a349a5a326ebef6e4aa5dc4,363,362
train,0xbd17dfe402f1afa41cda169297f8de48d6dfb613,613,612
train,0xbd18a4335aef9c1bff9ca2f7166ae8b9c5420a7b,1037,1036
train,0xbd1b087a787fe99016c396fe30ab5b819e4efe73,1540,1539
train,0xbd270f9a96ed49a1c82055a22ad9b8eec564097f,1280,1279
train,0xbd289162953e46b7541a835e8554165ffcce52ec,350,349
train,0xbd2ed3e85faa3433c068c7b3f9c8c7d839ce88d7,1114,1113
train,0xbd3084e5ba67bbed7ecf95a516cf58c0250bc650,544,543
train,0xbd367C347FC8e0A9b2da08717BCC22bB3fd878Eb,890,889
train,0xbd36Ad3e10d3C057a2a7379124823f9E73D36A33,589,588
train,0xbd3ebb2fbbbd3578a2d826c1305fc1c278b32330,350,349
train,0xbd42e065f63c3a79b0de9b59b6a9ae62e17dda58,387,386
train,0xbd497c534260c908a927d3250d4ebe78f7888f69,342,341
train,0xbd548f895c2dc8314409b0ae85e1ec9e96699e79,350,349
train,0xbd5cfa0e509b2981753da7a53ee18f5876f8631e,1027,1026
train,0xbd6bfb97124bce7cab703e6aa6968706c5f0feea,1290,1289
train,0xbd6c8be1179dfd7ad11496694bd51dceb2fea083,350,349
train,0xbd74388d6071e24e2eec26983a6f149bc835be14,152,151
train,0xbd897c8885b40d014fb7941b3043b21adcc9ca1c,758,757
train,0xbd8d47598b811d8388d41c538570a7a83ee8e330,404,403
train,0xbd9dc7d3a4b0f6777ba79f5d52ff2cc27688c45d,91,90
train,0xbdA39b20315a1599D17f703F4F117B635337fA2e,350,349
train,0xbda3d86d96eb05a8965d73cb59b12eeeaf2530be,350,349
train,0xbda6b8db38a9af49f1e57d6f91e114e7e5d80dd4,58,57
train,0xbdb3f980d862d8297ebae33a856a98216f35719e,615,614
train,0xbdb45d02d8ef8dc5e59aa58b26b99a4af3806baa,808,807
train,0xbdb686ac471b374bdc844615c768c2595c2ff2fe,1043,1042
train,0xbdb8b73aea0c43118ce8834c91d50ae8bbd5ed32,285,284
train,0xbdB94f1bCd37846F2F333604e8eB3ec247f0A461,275,274
train,0xbdc5bac39dbe132b1e030e898ae3830017d7d969,1060,1059
train,0xbdcebdf3a7e1227505cddc3063d3852aa9aee1e2,37,36
train,0xbdcf9da780448d62b741ce7a68877c7aad41e4b5,1069,1068
train,0xbdcfbf5c4d91abc0bc9709c7286d00063c0e6f22,350,349
train,0xBdd07FAef77C5f900D7ad80a3e1f63B9aA7C43Db,396,395
train,0xbdd1283eaabdae4ec5ede9a936218f57260587a4,1215,1214
train,0xbDDd99E8AAeb85847703C31A83277856D49961d9,230,229
train,0xBDf12A64B482D292f6a45eb8db1809ABCD1bB8d1,156,155
train,0xbdfcdf0ad3c89df471808c687be20c169dffebd8,581,580
train,0xbE0Cdb7ca12e2245f67D7D571f4dAF58FEA63689,293,292
train,0xbe14B2fD42B58bEB9A89A940BE5Ebe6C7B147Bd2,1156,1155
train,0xbe16ba60960a5e92bc878814dddc736252db8f32,25,24
train,0xbE180Bde908aAaCE965545e86Ea0dB5208A02314,617,616
train,0xbe1b06a4268f7b523b0e7b986d91f2d4a2572b52,985,984
train,0xbe1b865e010406ef68187c415ecc15787862530b,350,349
train,0xbe44459058383729be8247802d4314ea76ca9e5a,818,817
train,0xbe464757c8f77565a8fa1b9beb3e4aead6a443a5,861,860
train,0xbe46b1e6bddc1e1fcf004c9ed6784c9e0cee1038,2198,2197
train,0xbe5aaab7c745432724e001d6c464a7412a564f72,597,596
train,0xbe609501e532a9e0e5c71f0e6fc3ae3038f7d942,399,398
train,0xbe66ccd76e2007a2af8ae7134ad5ab4b08cc0102,1231,1230
train,0xbe76699dc1f04a165d43c4e51b415cb62f6f7aaf,350,349
train,0xbe87e87965b96d8174eae4e3724a6d7417c488b0,461,460
train,0xbe8f09ab5b0dda98db12d39fd7e6e61ea4f5d21b,396,395
train,0xbe94fe213245d74015c60aec8aa0a4d6f765a304,361,360
train,0xbeac5df5f1c56f949852c8589314036042c1d603,75,74
train,0xbeada3257bff2d41ef6e563190e6624b57eacc89,1390,1389
train,0xbeb100a5970f75abb77031cc1832b4c934a0c1be,1367,1366
train,0xbebfa8824924c3da2844aa292eab26f6126d1a15,533,532
train,0xbebfcde514d7733afbb241b13ff40fe508207864,654,653
train,0xbec44ea78be5192f1fae223b9e78894236871e0a,620,619
train,0xbec6663703b674eab943ce2011df4c6cf095642e,525,524
train,0xbec8f6d667594fb181c9d68e5c80c910888be93d,350,349
train,0xbed908dc39c34125314f2141079b5ffadb270300,1307,1306
train,0xbedb3a6957a892c6fe6419d80691647380717e1b,406,405
train,0xbee097cc2885a36318cfd0cf3d6cbd4c06a3f79d,361,360
train,0xbee149d5cef48724918836c48f2749a5c5f75f8c,184,183
train,0xbeeb4a069727938fb9a551a7ef49d994baf00175,306,305
train,0xbef13efdb393e714c8b3e24a6b3bffd5a4b3c70c,1319,1318
train,0xbf04a06c5ffa31c56b03191633780c5518de1c9c,1475,1474
train,0xBf0Ad2f31aaF6Af7C20f1aFcbfeB1677A2343217,3403,3402
train,0xbf0bd228e20002034ec913df972682e490403617,507,506
train,0xbf2179859fc6d5bee9bf9158632dc51678a4100e,1420,1419
train,0xbF29685856FAE1e228878DFB35B280C0adCC3B05,1610,1609
train,0xbf298b1dd6992895de3ece37ba0a1b65483f7742,1431,1430
train,0xbf300b121aec28628d113e783fc33383235c63fb,350,349
train,0xbf33f373482c31d2a75e296bcccc05cc9134a373,237,236
train,0xbf3558318944306e5ab0b265ae808936a10f7568,468,467
train,0xbf3883dfcc9323ba8c7fe43a1f21ac1fd41e2aa0,215,214
train,0xbf3b68c475398fd3d64d5f688334b0427820e836,350,349
train,0xbf409362f6ec3c2e327fd4d2056c237ec6da02fd,235,234
train,0xbf430e24ac0f33d4ad6fac9654b37943124c2786,410,409
train,0xbf5ec0ad2f5ea26530c70dd534d6c82a91e56da6,609,608
train,0xbf5eed8d51b20834c9d887b22c229237922055d7,1095,1094
train,0xbf6008bd7ac150e50fbb4efe6aa6af5ae47362b9,1435,1434
train,0xbf649a0723f3c58d16d8423660156c04ea70f0b3,1437,1436
train,0xbf745bd066a0ba0b13beb260576439f5c5c8a516,350,349
train,0xbf74cc2839b4b639062e37b6ea53f3ed7964132c,413,412
train,0xbf89f6f397340e7144991421026ccf9cc10d4552,350,349
train,0xbf8b38b54091709a05f8f93e0d7ba61bbd05d6cb,396,395
train,0xbf915382f51fc659d0a506f7037382edc49667e7,49,48
train,0xBFa0241175C9fc1110AE3759d56A8B713563bfB4,350,349
train,0xbfa03ed631b87672f8655ab2969929ca7276ad4b,1587,1586
train,0xbfa4d71a51b9e0968be4bc299f8ba6cbb2f86789,800,799
train,0xbfab8188b4a0bdaa4da9bd900d9a6f32d08ad810,2410,2409
train,0xbFb0Cfd13dbB56c2dbf69EAe33255f0EF1fC7955,546,545
train,0xbfbcf2059f5436167459ed802489e69f5b41decf,6996,6995
train,0xbfc11b16d354dd03a28564e2d5fdee46af29577a,635,634
train,0xBFC215E7174e83A4FFc137565Ce2670d8883f5b3,565,564
train,0xbfd16e47a1b6ad4adbe7ab2a1cb624c6c8b1bc3d,671,670
train,0xbfd4a3c26996dfc9e85a951eb615aac3b84c758b,350,349
train,0xbfd5bb9f5cf70dc5c18b720d916c742926528cbd,278,277
train,0xBfD9A5911a655729660048bD8f91511b09A439A3,687,686
train,0xbfdd05ffefc2e6a07c06bb472fa7e5425726de16,622,621
train,0xbff4b67af106b3b5ff03ef8cf020b237d877e0c5,350,349
train,0xc00061de5d47f802daaf0de1498c9680732861c3,275,274
train,0xc006c3cf9141b5b15ce1a3162dda95435d212e61,355,354
train,0xc00f49a33d453c2dd86f7b61afe1edf031d2ea80,350,349
train,0xc02aaa39b223fe8d0a0e5c4f27ead9083c756cc2,242,241
train,0xc030895ccebe9d6a1ae4841e62cb23a2b3fab818,672,671
train,0xc03ab1fc46c6d01238707426c929e9eed3e7f9b3,3464,3463
train,0xc0442ec4da528f2bab059b20aa6a898aa6c2e5f9,558,557
train,0xc05280c28722753942a4b0d35a9c7f527c897e23,522,521
train,0xc05c63b1ac11a9cfa9b605e828d77a9670b56173,350,349
train,0xc05e680c0c0987c058703a099fcd289dd52aa636,495,494
train,0xc0661b1fce0e77ea21a3268c5d42a5442dd96817,712,711
train,0xc0669bf85e7ad94258dd4c7aa55c800b7bf701c7,1933,1932
train,0xc07e7c1acc5c61a54e24b2af564bdb1e256f72d5,2153,2152
train,0xc08be21394e0260bd27dbbf1e02ed4e373938b44,320,319
train,0xc090e4fe2e098207e1b8695161c3c6a9e20b4802,254,253
train,0xc094d10e8c0f5f507bb986f01b0c44a83cbf8440,1170,1169
train,0xc09e946af23c9ee4a9ef36a88da7a34d184372cc,350,349
train,0xc0a1f89bbcaddab4b736e786b6b16c67bc92ed35,1504,1503
train,0xc0ADF1CCc703A0a3393892600883A1A91a4E38de,1291,1290
train,0xc0bd05407fbe1fb6461ce6f33e487a573551b927,245,244
train,0xc0bdF2adF2E6C9f03Fc215c584F89DaA6477cd22,618,617
train,0xc0c45cbb1dce225cf620c36807a1cdecb85feda5,551,550
train,0xc0c498ad767d77c1ebfa0c82090bf92b19722ba7,666,665
train,0xC0c74e811cC703eFe57892cd789D888DEda6d8A0,646,645
train,0xc0c869de4eb7b7325afc5a1dbbbea52a71b2da51,350,349
train,0xc0e8748c4959b0dc07a3d7ab7cf012179e06f09a,1976,1975
train,0xC0Eb85285d83217CD7c891702bcbC0FC401E2D9D,649,648
train,0xc0ec1c2647d86b659b453cc486a8e5fb7e6857c3,608,607
train,0xc0eeba83211821a9ed674cc02f916918de7bad18,399,398
train,0xc0f29798c57e890cac82a79dadbebfb3d3fa67b9,1666,1665
train,0xc10a91ca0d5a4b3837d4226a825a2a6b23e20468,361,360
train,0xc10c99cad6d252271d8465c63f8dbad09f43fba2,466,465
train,0xc112bb8a3c6d0aaeba974adf60205accd818121a,256,255
train,0xc12cb61701c82e52262f1e795a5d2181fefc4391,682,681
train,0xc12E42EF49E33056C67580F5F5c95d05E2b44Cf6,544,543
train,0xc138b0cb0e525e90dc7dba271aea046de8481a27,590,589
train,0xc139824910B6bf2678b2D15EbBC8D35E899Ad80f,598,597
train,0xc14971b19a39327C032CcFfBD1b714C0F886dc76,1179,1178
train,0xc14b3688295a89c58dba9b01c6fb037d39e030ea,347,346
train,0xC15E9503128935E08fe1486D07936D99A73Af890,1154,1153
train,0xc1679b42152cdea968fc06c4385ee2b3ec5c1107,350,349
train,0xc17423a26ccc6d307d3f58219443ad3eaa78f74f,969,968
train,0xc182CbAa9b194BcAaBc87c468950B859fBa732a1,644,643
train,0xc18caa05f50f89ae70fc33e04ee7d8ddc00069d3,350,349
train,0xc191fee2585eb7b4f632a817b56cfb57c9f10b69,497,496
train,0xc1993e3fd0087b7ff3f7ca6b5a566ad8c3c7eb9b,350,349
train,0xc1a28f14218f5c4f533014f8084e1d410274c7bd,670,669
train,0xc1cf225f89d47380a017da7f7d7fd8adf4b10bb7,902,901
train,0xc1d54584c9c40a5403f6b20c54cb6e611a3ca59d,344,343
train,0xc1d813fa26f04035b73e3770ed18ba5ecef3e17f,1209,1208
train,0xc1df55d279122d93f4965a17e205c0e74ea0c63e,102,101
train,0xC1E7c74A13608Bcbb13479b59B81991CFeD96632,842,841
train,0xc1Ec39D8FB9D0f2e2B521d77573226eB0e77d1A1,655,654
train,0xc1ee32eee68383511dbd4995572be7adbafa8700,534,533
train,0xc1ef465527343f68bb1841f99b9adeb061cc7ac9,2017,2016
train,0xc1f78d6771c5412d48939ddf06f997b23d09a7b0,1875,1874
train,0xc20244b3ca7984ff4727ac7926fa435c53befa20,350,349
train,0xc20464e0c373486d2b3335576e83a218b1618a5e,514,513
train,0xc2221b777857f4a862a8c528d24b35cc995dd8b1,864,863
train,0xc223553abc7fc97c00aae0698750f676c35a545a,350,349
train,0xc22407b1f34e494b7f85187fafc2ce5d13871ffb,7557,7556
train,0xc2281dE4Bb2A983F9b90011FB8Cf6A422A40CD6D,254,253
train,0xc233a13bd3259036a4e80be074c322fd4ce3c549,485,484
train,0xc237c35428cbb39D201443452B583156f851d54e,1547,1546
train,0xc23f76aea00b775aadc8504ccb22468f4fd2261a,624,623
train,0xC2438eF1D2F2c1427bF0A39f02dba6A4A9de4793,230,229
train,0xc258a94789cd6f50bdc76ce51de9e7b3c4ffb125,452,451
train,0xc26e4380D51cbcfd4b592949A5e7A796788017c1,276,275
train,0xc2752063c9a01A3a0A11C84dd5a463373f133cFe,2025,2024
train,0xc27590378690620a44b1382e7cf31db5a1f9b99e,222,221
train,0xc27675604e69c559805aca3e2e00c533729bfb21,592,591
train,0xc278e18040d8c5d556baf20de4ab74c4f496aaf6,728,727
train,0xc27a2f05fa577a83ba0fdb4c38443c0718356501,1745,1744
train,0xc27c95350ecd634c80df89db0f10cd5c24b7b11f,356,355
train,0xc27deb900ED055387193f17f16b8f3402A966166,335,334
train,0xc28738647abe0c548ef906ad1d99cb8d1eaa09ff,544,543
train,0xc2907c364ab3733e524bbb4eb9446afd37f2595e,1377,1376
train,0xc2947635337f2fa49257ada61d4cb5913d1b8c92,672,671
train,0xc29546fc86a22ab5add36d2a0e1b6791939a3abb,600,599
train,0xc29964dd57824F81CCD614eaf3FD1B967fb7aF91,335,334
train,0xc2a0da9cd06266fb1d599acee77daa5b5e0f901f,814,813
train,0xc2b8b1aa1249d9dfa74d519030e72e4883340543,362,361
train,0xc2b9e65174264159677520d951e543f9235af946,308,307
train,0xc2baca5300b95ab18eddd9ef3070a0945298ab50,5315,5314
train,0xc2bAD45c4c731f6F8374627e06A1A0fAAe7Bd088,182,181
train,0xc2c05a2a216ef9fb53ff9847767f4eecb2d2264f,350,349
train,0xC2C63F23ec5E97efbD7565dF9Ec764FDc7d4e91d,487,486
train,0xc2c94f4abdf088324fb0e2b4daf38db93819d0f2,396,395
train,0xc2ca6459ee94aaca86ebdad775eb2a0ba55081d4,342,341
train,0xc2cb0401d640a150a74d92c9b1814974bede8d87,1103,1102
train,0xc2d890f9ee41d84aeefeae0886bccddc12a6a394,656,655
train,0xc2de2ce66f1f16c09e6a2c9595ac878db4113a88,508,507
train,0xc2e0620b1bd936b4629b5561d9760adf0ddb4b8f,728,727
train,0xc2e8595bf77533e5e9c16d30fa6379f5bbc9ed96,539,538
train,0xc2ecd9079ca6409ea705eb5c1a1ee70a840a4a9a,1302,1301
train,0xc2eD97336F036A457B48CBa7BFDA743581Bd24C1,287,286
train,0xc2ee4954ea6e5164fa4ab8af4d326f6398c23299,746,745
train,0xc2f102854918efa43247b9b3202d9c7b5a938fce,350,349
train,0xc2f21e3d752834a38a0f8a68c4cef84df1eb4541,86,85
train,0xc2f76a1d2e9fb4dbdf36283a7f1208c366d268c2,619,618
train,0xc316074c2eb9d7076088da1571ee349186c777ad,1180,1179
train,0xc318228d6f6e23b74bd355e3aac93f089801115c,505,504
train,0xc32088cf2e82426e29b5e623082f7793114f1259,604,603
train,0xc3229b828a15692a6a046c9fee5668b5cba45f54,448,447
train,0xc32b02f8d0b39e38d5fd53f73a9b5fdb5c45c47c,957,956
train,0xc32c4bd955cfd68bddbc13b4baef73bcef0e09da,297,296
train,0xc333b0bc21A64A56aB7e59D77b486D4Ee41a50A2,15,14
train,0xc336cf6151472De1AF8354B1fD44b453c2CCC068,503,502
train,0xc33c75e387377a7392077c5d97a12ca67f1b7042,585,584
train,0xC347b4a8C4e2D86eE039EF0caA5f8b2B54C64b2b,585,584
train,0xc350ebf34b6d83b64ea0ee4e39b6ebe18f02ad2f,985,984
train,0xc352add7ad8cac8baa839d8c88e7e9d7df9a219b,1189,1188
train,0xc35eaeb5d8376b9980c9ed5af4014bd2f5c64d0a,1377,1376
train,0xc3637b113e0c7d6985321d7fcea7b06d38074d8d,1894,1893
train,0xc36711968a8c7b6a3e60536316c988ee5f0e23be,350,349
train,0xc36bdd9a0435f1532499c6a13fcb720bca8bde79,166,165
train,0xc37172f6a954e3a779f5117fd751c5e870164e01,184,183
train,0xc373bff29e2caf22af2e3fc76cd4322b2359a15b,685,684
train,0xc37afbe075a7a5e81b207e2c91b998f9b3efa59c,508,507
train,0xc385ef4a44de4e31fc83e0a31579df681b64ba8e,927,926
train,0xc38b02ec15c3d516c294a9fe271ddfd9b2016977,829,828
train,0xc3909eb09ccda9e9622fbfca8e6583bd1a5dfb4d,1152,1151
train,0xC394e74AE858B36fF47eF854f57e10c8b42c7C2A,350,349
train,0xc39a638f2d6d297d184b3a48167f9bd9414052c9,1737,1736
train,0xc39bd624909b35c8ce714f301b02917950ed5a17,402,401
train,0xc39be70b50ba867db776126986fb5b9fdaf4d8e5,451,450
train,0xc3a57bfa038765db73b935b621213cf3b1a7f996,38,37
train,0xc3a684140448995f6abeb361c56110207da04d57,256,255
train,0xc3ac10385ba8fb5cedd8519059767d28dd52664b,153,152
train,0xc3aef0036f5b146440775b2a1d5bf45fd8992741,342,341
train,0xc3b025d92b771f8e0b70111147d4d620278b6ad1,578,577
train,0xc3b3e353b1c4a73ddac4523311e37f53a844de3b,1216,1215
train,0xc3bc9eb71f75ec439a6b6c8e8b746fcf5b62f703,544,543
train,0xc3bfb97ee7f832095d8b5cd59a09d20eb08bfbd5,350,349
train,0xc3c2a9040229c687b1f32fb99c3cc6b53d368d87,350,349
train,0xc3c94e2d9a33ab18d5578bd63dfdaa3e0ea74a49,550,549
train,0xc3f2b61da3c3797930caf9e9ff174c2d70b2e8a5,256,255
train,0xc3f6d07f8cc2b0c737aa4be85b15c77aa57ec17d,350,349
train,0xc4178b5852dcbf36359f8b8e5c1dc4ff885228f3,367,366
train,0xc417e791fa2354215bb3C0A271e2603243AA7820,350,349
train,0xc42209accc14029c1012fb5680d95fbd6036e2a0,655,654
train,0xc43244de3c1c1b3d1f9cd7e6f54ca9b4f1b07beb,350,349
train,0xC44c15BC10D0f8673B7a5DAE8e7D9fA69716A371,430,429
train,0xc45959d69cef5f6abfb7f79fa313daaebe0ee4f7,2207,2206
train,0xc4742d73d8262d9fbfccefb52f2007a39deaba51,609,608
train,0xc477042db387dd59c038ca4b829a07964b674347,204,203
train,0xc47b8d6d6595f7934fc467ded288e1a267d71758,765,764
train,0xc47F25a40E12F7f07fabCC996148D1e1326903d2,812,811
train,0xc49e03bdd6809fd168565b26d27d5cf72f9e9525,1519,1518
train,0xc4a21f9a38b813b2c8e3f2e01c8d7547a99ed2b7,12455,12454
train,0xc4a86561cb0b7ea1214904f26e6d50fd357c7986,1820,1819
train,0xc4b4c7776102736093222997cdcd242f3e025be9,1072,1071
train,0xc4c30e6150357ee442c5ac19fc7825493430df09,2344,2343
train,0xc4d1c60861b8d887ed7b32e33d55175277cadf49,350,349
train,0xc4d6f5bfd149faf37a0decee946251820fe4816b,350,349
train,0xc4f4be28e8cb75b7bf30808bc5523d22a9ac3665,667,666
train,0xc4fa572a53a61f86c5db968bc942b8cd4f963303,345,344
train,0xc512db2a8774d7923bfd625aa590dd15c5ebf017,382,381
train,0xc519a8f2512f09951d44780b2f678862d9b5e839,350,349
train,0xc51c938c4d513780c66c722a41c197d3a89fa9a8,316,315
train,0xc52694e7832594f2aaf2536c777024fb5c1ae9da,617,616
train,0xc5285cc8da144741c5b7eab79535ea6a71c2e224,638,637
train,0xc54d1a03e5fc1558d4a95e9fbbb2423f02168c23,13,12
train,0xc557f5ae0557fc249d629ef797e615c5d69ef864,756,755
train,0xc5594d84b996a68326d89fb35e4b89b3323ef37d,895,894
train,0xc57bab82dd51fd8bc679535359a4c93cd346e914,350,349
train,0xc57c83b736b70c1cafe60b9303b46f8b3f819fba,350,349
train,0xc58492b3b14f658adff566c988029308505f81b5,103,102
train,0xc589ef59db4b96b176b6aa61af19f28813b1a91f,526,525
train,0xc5a26dd5e7eafda81c9bae02f12ad44d9026799d,1270,1269
train,0xc5bbae50781be1669306b9e001eff57a2957b09d,716,715
train,0xc5bfe943aef3df9f2e7a2722a752d9fa252a7335,349,348
train,0xc5c5aa3f03523c3e5442cd6bc41076cb194e4d11,2051,2050
train,0xc5d00C0648874B48EDda203b983Ac52693F10BE7,182,181
train,0xc5d105e63711398af9bbff092d4b6769c82f793d,711,710
train,0xc5d229c179bc8926dd53765b8c4fab2ee2457d38,399,398
train,0xc5d88472c4b2383281f007a6512895f5ceb7a3b0,649,648
train,0xc5de7ac5ea11651f25c0738efa176010553bc323,946,945
train,0xC5e2e8d658E30Fb007491cdae4A156F36f7Acb9b,343,342
train,0xc5f8f56795fbb9f4972e2c0d921bbcb1e2895e9e,350,349
train,0xc5fe548625706d0b9bf8e0f355483886254d07c8,350,349
train,0xc6003ba30368f58681c31a808b01960029a39793,1216,1215
train,0xc608f567bcf51b0d84edef669b9d7d47440b7bb7,985,984
train,0xc612928546d66b07c31d6c817756a98496517892,1092,1091
train,0xc62d95e625334deca9f59e968cc46c6d963c1344,350,349
train,0xc62de67d83b14653d374842a81e429e581666b03,350,349
train,0xc636e73ff29faebcaba9e0c3f6833ead179ffd5c,3713,3712
train,0xc6390f8bf2fb04fb0f91dc9be93046a1db8fdac3,1365,1364
train,0xc63e7b1dece63a77ed7e4aeef5efb3b05c81438d,357,356
train,0xc64a428451908704b3af6cffabe03ea56883ecef,716,715
train,0xc6689eb9a6d724b8d7b1d923ffd65b7005da1b62,740,739
train,0xc67e01f0b416b884a2896fae3401e86d605ba47e,544,543
train,0xc68d1fc21e05d135eaf640aae84a2a9dada69672,610,609
train,0xc6a3746aa3fec176559f0865fd5240159402a81f,318,317
train,0xc6ad7d878e9b178a62b7309e607471a885092c9a,1216,1215
train,0xc6C09Ae980b3d029DEB7419fA1B7859DCe7186D0,560,559
train,0xC6c5814FaDa23b09eDa0C60B69ad246281547717,321,320
train,0xC6cB0b17c9aCccD02e48d92151394721BC5Bf3fc,556,555
train,0xc6cc70d744fe63fff4c27b6161c3eeb401d4e06a,555,554
train,0xc6dad66305545ae3111ba7000289ab3426cf02a2,505,504
train,0xc6dDbdedf43dA59Ea33165452451b8Cdc8d79248,849,848
train,0xc6fb5cca8acd01b3acbd60f45489ea7867454600,102,101
train,0xc704af1c1b08cdb2dd6ad2280a68cbc54b74b147,892,891
train,0xc7069173721f6cd6322ce61f5912b31315c40fc2,1365,1364
train,0xc70c35925d89f015b8ee2337986372107435deb8,223,222
train,0xc710772a16fd040ed9c63de0679a57410981e3fc,350,349
train,0xc71c2280b8802b52c957e356fa0b2d942f157ea5,342,341
train,0xc720eedab621b3b5268c944c4ed4d9301dbd301c,350,349
train,0xc7579bb99af590ec71c316e1ac4436c535039594,983,982
train,0xc75d868df7b2538c4c6e5b34bbaf2d80b8e637b1,541,540
train,0xc767bb2ab72358eb140b6a66b51a6afb833775dc,1248,1247
train,0xc771558812f5db7f24a720cf86259200010fd0de,107,106
train,0xc778847f3ebe78f0ae54a6dd50057cb0332e411c,957,956
train,0xc77f702e94905da768658d135d1d445cb24e6d9a,2436,2435
train,0xc7800586cf0a3f0d177318bdfa628ba9da705d76,1919,1918
train,0xc7836a42559499cf6aa4e057c010ef09b89f97b3,453,452
train,0xc783ae171526049880ab8d7a845383ab077f6c72,1666,1665
train,0xc78593c17482ea5de44fdd84896ffd903972878e,350,349
train,0xc789bc5fd3941ef07205f2ee4fa99ae0be1db85a,335,334
train,0xc7923c659461c89aa9b7a706079075241985f35c,459,458
train,0xc797f7d82962157b4c73d43dc7723df0f82c0194,6122,6121
train,0xc799dec7682ccf111a38bea5dcae687031c63620,1196,1195
train,0xc79d440551a03f84f863b1f259f135794c8a7190,2646,2645
train,0xc79d47d548f9ae461234de7d0f44ca9e46c25e22,1079,1078
train,0xc79f025b6a48192dbcac11a1fe6d2aafb6911894,900,899
train,0xc7a2085d9217b5ccbed5f91b0a02de3a8e881eb3,581,580
train,0xc7a5b1ef756b92373d320d13f0f775849358c4ef,1986,1985
train,0xc7a74785f4E12a3E1e30Dea4ad9c6c88A90C8F9d,433,432
train,0xc7af722472dc3268cd57c7554bde50c4f1c20cc8,217,216
train,0xc7d020d8c92d099b3ade17321310b4815ef20a90,278,277
train,0xc7d784274aaa0010f0c3dedd10eb66d49b7e4098,7689,7688
train,0xc7df0158f29ff6725cec6a3ac71d26bd08b90ff6,574,573
train,0xc7e2ae7e0cdcc1df874a921e2c6dcdf8da6e7d3a,350,349
train,0xc7e90c16cc2c446697a6983c1c4ab84fafced8f7,982,981
train,0xc7edc4d1e16738a65c5ca144cda666d5145a29f3,1440,1439
train,0xc7f4ade4874e06a20fab9c5dc4f1dd8b6d85faf2,85,84
train,0xc7f75a9e09739d74928f6ed0d13c1d53af8d4f9c,919,918
train,0xc80defd365fbac2dffeddfcb091b99afea6f8408,159,158
train,0xc8106466c714c455ec258e24785398d157b97363,625,624
train,0xc81ad405d820a3771a5fa1c31399c364ce34dce0,1477,1476
train,0xc82c2b419b1042fbb14da117c3973788a4dfb7ab,816,815
train,0xc82ed6226c8fbbd1f7db529e81c1c36b82072576,202,201
train,0xc83355ef25a104938275b46cffd94bf9917d0691,986,985
train,0xc834a06943efac6b6129641f15191fcb033db515,602,601
train,0xc83AE87b42E1c64d968A4b422d121414EFa449cD,478,477
train,0xc83df28c1b0f344fc791c237e0deb6174b7bea84,1312,1311
train,0xc84877eff5e051e7709d206408ace2b34edd8430,547,546
train,0xc855007418821393f67593dd9ae058d3780db6d8,551,550
train,0xc85b0c4874b8f06bfb3f9b65f252d60f962e60b7,1752,1751
train,0xc8655d1d9469e7c457a7e4f8ba2685ee9c9fb464,550,549
train,0xc86bdf9661c62646194ef29b1b8f5fe226e8c97e,166,165
train,0xc874bc86d544b005a5d3082db8cb5adda9a82c68,301,300
train,0xc87ab9904a14c7f264bfc4483ceeb2b0e811e01a,350,349
train,0xc88305cf5da189d6d59272eb4568aade6a6d1493,345,344
train,0xc88b5279ECD8d4b1C973BD4531Fe75a8cC635ea3,1919,1918
train,0xc890b3450f273209cd19a11d4027e968bdd6f04e,1849,1848
train,0xc8986ecd41fb420268f1f4285931379357c4142b,1007,1006
train,0xc898df73ed5c6efda0815cf697a0922c92c3dab9,1579,1578
train,0xc89b7c5fa3888612ca7afe29248464aa804d55b1,1054,1053
train,0xc89b83255efb6f167d2a1cc03a571c0a54e267c9,306,305
train,0xc89ce62e1f5bf285ad4427f2941fc887de649058,402,401
train,0xc89fa86a1a2f6de30d35b4602f709161d08babda,530,529
train,0xc8af1ed873a5c2aafce10fe4e67124876c50e239,397,396
train,0xc8B2c33a45ce83d19DA15A58D1d1dDb2738506BF,2750,2749
train,0xc8b2f8b27c41e143b5380f764d6b402763499381,454,453
train,0xc8c3f722b6a618632df615a81c73079859535224,209,208
train,0xc8c6a31a4a806d3710a7b38b7b296d2fabccdba8,422,421
train,0xc8cc5c8db49d3a556bf64a5c4b3ae9ff862ac6af,1385,1384
train,0xc8d40dd5f0967d7de1e65f358c5c7f546b1c09ec,1228,1227
train,0xc8d464c9906eb7a81a62f5ff658d7e4e68a8486b,350,349
train,0xc8f0fcc41b3364a770e7ef1bbd22e2fc768c6e87,2125,2124
train,0xc8fb9ad6f78ded4d9cf0fbdfcf3833f4b00ad774,475,474
train,0xc8fe4a2d14cb9027ef955d15e8bf811a6db0bf74,627,626
train,0xc901d93cc5c45b12802087b5610897fb6469ead7,665,664
train,0xc908a34165d2720d12ffcfb6b99b47161b1c9946,1168,1167
train,0xc911cf14cd3b56362bfc5692a15bee2c2b4c3b4b,656,655
train,0xc921dc114987cb3b5ee26e1856e4d4db14ce5c8e,1184,1183
train,0xc92f0e1ab6ce026c6b3b76c6589285f67f9b9e85,1174,1173
train,0xc931eac3b736f3a956b2973ddb4128c36c5c7add,1319,1318
train,0xc9320fbe0f9925f17221a461e1f0883cae1f109e,1067,1066
train,0xc9346f4a8a20bc4f5358efffb8f62de9cab930ce,576,575
train,0xc936a131b1f1576ccadb8196d91ecbf108d11d01,959,958
train,0xc93a5c7c8b99b32bfe2a7f8f016bd481b38548e8,3339,3338
train,0xc947cf400f9ca7d1d318f9c35499bbbb12c0beaf,398,397
train,0xc956b07253328eceea2d276332fdc1beedc592c9,681,680
train,0xc95c0910d39d1f6cd3bd71e4b689660c18172b7b,1064,1063
train,0xc95d227a1cf92b6fd156265aa8a3ca7c7de0f28e,2671,2670
train,0xc95e8956dfb8de6c03aac4f4ed48ea319dff71b0,371,370
train,0xc9635fe4853e379089dc3eeed3afa2fff1187534,350,349
train,0xc9648f799d8b17f711c71b9856186c0727801902,361,360
train,0xc968b08885d6930993f8701c259cb61d111d4eb7,349,348
train,0xc96c626588e62d059c87a8fddf851641bc69ae6e,616,615
train,0xc96eec418b50c538c3f3e32e71575da068a97401,796,795
train,0xc979e39bc0834b4b7f2c1bef88cb801860376d72,345,344
train,0xc9935cec15431e00aff915762e47edfcf23bd76b,1732,1731
train,0xc997d07b0bc607b6d1bcb6fb9d4a5579c466c3e5,241,240
train,0xc99be862b2d0a67a30219094f473a87d9bc7afc4,291,290
train,0xC99Ddc30BB0cf76B07d90DcB6B267B8352697bEf,378,377
train,0xc99f70bfd82fb7c8f8191fdfbfb735606b15e5c5,97,96
train,0xc9ba80b5e573210231781f08967b2c0fc1e8d111,350,349
train,0xc9c2dca767ba14499d825ee06bc7143d05aa800f,657,656
train,0xc9c4302183e7128b2ae6d7f0b48b9bae3bdefd5a,361,360
train,0xc9C5418f53E86bAD4ecCc6EB1FdFe851EF55796b,530,529
train,0xc9c7db3c7a2e3b8aca6e6f78180f7013575392a3,114,113
train,0xc9c8ef2588647e6f5acb6aaee637264d2632609d,63,62
train,0xc9ca0a382ae69dba0c8ff2c00c1662529ddee430,489,488
train,0xc9d3a46e4a567c9f75e78042d337a69f774b087b,399,398
train,0xc9d40360cac0d5fd69e9ddc2e32d9b683bb51ad4,233,232
train,0xC9d46De506D91530631Ba356a1a37c0b11327784,1634,1633
train,0xc9df5f2efe3fa64911058d9a792fe0323cc6a6e6,350,349
train,0xc9e8045616abbdf535fda1fdbfe04b4f42101b2e,302,301
train,0xc9f05e276d9148c7728f63205cc0180cb21a60ff,759,758
train,0xc9fffd34cd7f376b51e2698ecc9a0b48dd09d3d3,1961,1960
train,0xca026f8fceb02164409ce6a5d2e8eb1b1494840c,1240,1239
train,0xca10681e88c0a95dd000e480eea4b75c8ea588ca,350,349
train,0xCA29db4221c111888a7e80b12eAc8a266Da3Ee0d,561,560
train,0xca485eabab2b4d66334ac457e71acaab6cac0033,86,85
train,0xca48AC42C9Cd4eE98813af8945A1024868ee62de,401,400
train,0xca49455381f25069d1098deeb5ec319f9fba663b,1421,1420
train,0xCa50d78B6B01f66496Bf9Ec61248C51647975Ab4,312,311
train,0xca5228d1fe52d22db85e02ca305cddd9e573d752,891,890
train,0xca577378bb259b0a28ac58a5a0b48acd58da2c7a,318,317
train,0xca58cf6d68344a2b13f0f62d29351466ee4d7c76,616,615
train,0xca67e92833c2de6bf3a444127fa0c60092255bf4,1695,1694
train,0xca6bea8e144b0a6aebbb412e6ad0e7ff1959235e,1376,1375
train,0xca6f79983bad5450a6257e20b6e0b766c3d0c654,225,224
train,0xca79af090d12bd310cc029390b8c2263362b580a,537,536
train,0xca82cfcfbe9eed35f7afee9c17755c679be13241,2826,2825
train,0xCA8785Ee38A87578bAA7d6B290efC694508D81D9,794,793
train,0xca90922eadf38eeae22a2f10ab30f625e3030e55,350,349
train,0xca96dead1ee8f1bb0a314e358dc56c54314c1a21,625,624
train,0xca9b1b581be9f86adb9387dde77a19296736ccbc,600,599
train,0xcaa6cc715164969aed2f8752283f212a56aba611,613,612
train,0xcab39d1c7383fc9682a1221bffacbce2bdd967ca,416,415
train,0xcabee6c73250495fc7da131ee93b819be294f6e0,707,706
train,0xcabfae9a7a59c86a447769cc6d4f94cc9454756e,426,425
train,0xcace207796655cd95368a64ecf59dbd0c3355b6c,350,349
train,0xcace4f1dff4d66abc71651e6c0b457714c3c14e2,350,349
train,0xcacf9396a56e9ff1e3f6533be83a043c36ce0436,113,112
train,0xcad708773b0ee530998e9d9699a65f8367f65cad,281,280
train,0xCae98Ae8044273AcF7a39791227068235AA39d3a,254,253
train,0xcaeb71fe03e5c552746606ec53fe7ca166a293ae,357,356
train,0xcaef67f72114b4d2b4f43e7407455285b7de8de5,2987,2986
train,0xcaf59bce72b6302e63457ce535477f06cc7ef3db,546,545
train,0xcafda83c50843e755cb4315ef0fb30923335a376,594,593
train,0xcb0c47a39f73fc4f6a93448861791902800a88d1,573,572
train,0xcb0da769371db94425dc287c752bcb2fba23b4a4,1319,1318
train,0xcb1310e2b7df0a8a5849680e98f6b04d2cebcdd6,1269,1268
train,0xcb175d863408743E42d95aA67CC53fd0B68F87ae,1919,1918
train,0xcb2ab9fdb42de8955987304009494ee4c2a08852,382,381
train,0xcB2bAbb1E6D18A10ed869AFAC5f61d8b7458938a,532,531
train,0xcb3123f81b2f3e7fbe0c1d9455a158ad1c217a8b,1179,1178
train,0xcb3590c74e77b1ccc0975029bc1bf1e1b69a1edd,714,713
train,0xcb3cf1d7dc1b49a04822604eba522e321ef5d6f1,240,239
train,0xcb46169ef2e76a41c944b33d1b0842d40898c5ea,1240,1239
train,0xcb504e6590f78acd9aa1fbff6c749124facb56a6,1216,1215
train,0xCB5A05beF3257613E984C17DbcF039952B6d883F,500,499
train,0xcb5d0f12ad82506cbe5120890070312249acf536,3281,3280
train,0xcb5ea3c190d8f82deadf7ce5af855ddbf33e3962,349,348
train,0xcb62af199e4093b0057c0fcc9bae8c618af5e512,523,522
train,0xcb73cef85b5d50a23a580919e72818fd2264c0f5,350,349
train,0xcb7f070fda083e8e5f40559376c360f0709e985c,1462,1461
train,0xcb866b3e8bf16c792ec451a7e7090a78f3a09dad,1600,1599
train,0xcb8d1c16f97f86b4aaa400a50771bc958b9ba116,241,240
train,0xCB95cA62AACdc3C608aA2E78057e918a1B180616,722,721
train,0xcba7b30af6e17ab71f89cccb886ae65f7b212c56,535,534
train,0xcbb447cc78f646Af29Df035A4aDe69AB1eEa22d4,253,252
train,0xcbb5d3718ae8476e641095938120d71b42132e61,754,753
train,0xcbbe85ecfad7c2e964d5d0208bd8020c732ebf52,1713,1712
train,0xcbc2fb817bc0e434978e16f96950d84c38c77bde,933,932
train,0xcbc3b1cabf72cc1fcbea49ea443cfd2321d3f585,809,808
train,0xcbc53d7a58d0855da03ee2744ac00db4aa7a8b65,361,360
train,0xcbc8ed7aec7069ac98a418a67c9bd40b7d97b848,821,820
train,0xcbcc0f036ed4788f63fc0fee32873d6a7487b908,633,632
train,0xCBcE61316759D807c474441952cE41985bBC5a40,901,900
train,0xCbDEa589D3A7b92F94fEb3bCc30c4Aa45f468662,335,334
train,0xcbe98a2b1f756bebe53d41eb3b94e566a0777ede,415,414
train,0xcbeaec699431857fdb4d37addbbdc20e132d4903,1292,1291
train,0xcbfcefdac8a4469094118b375020dc77fad102f2,843,842
train,0xcc1a13b76270a20a78f3bef434bdeb4a5eec6a31,350,349
train,0xcc34366e3842ca1bd36c1f324d15257960fcc801,1223,1222
train,0xCC3572f8f39643890746e09e0F908Ef7153b2a6B,1984,1983
train,0xcc394cc7cb411f78978bc867a6fd19925d54b843,346,345
train,0xcc39e8ab206229c95b9649ead3560e1712a72eed,85,84
train,0xcc4bb7948ac97b0dd8857552a69893cd0f03ee17,519,518
train,0xcc4ef9eeaf656ac1a2ab886743e98e97e090ed38,1216,1215
train,0xcc4f140daee29852261f361c0a43ebaf99064a7d,350,349
train,0xcc53C2E5e2421cb5a5307Ed1C229816d71266292,647,646
train,0xcc559c49972ad3b806c578bfbdd9df9c9244145e,1320,1319
train,0xcc5f26bf69b259b495a15427384e7f9668917d56,2141,2140
train,0xcc6cc2f648686af73d1efbe7f9b7e4ae3566652a,1877,1876
train,0xcc6ec1571f5496cae4b8281512042c66e084626b,763,762
train,0xcc70b973a47dc7305b6d1145f32c58bbb0587f6f,644,643
train,0xcc71f4fc42d8479c86edb4607a37b598c9b4df30,601,600
train,0xcc89405e3cfd38412093840a3ac2f851dd395dfb,369,368
train,0xCc9CceAeff5fFcf4c3657F78B11Ad59a46dA0B55,488,487
train,0xcC9CEEd1562B844F9dB9d1168484533Ab7fd4B4C,258,257
train,0xcc9f47ec30efa0a6856c4c3895341d476b3b533a,101,100
train,0xcca95e580bbbd04851ebfb85f77fd46c9b91f11c,230,229
train,0xccaf7B08a3AF4a5cCB7226C7BcddE917764e2d13,361,360
train,0xccbd20112b6c9ba84e8b9f125c24a8123628b428,350,349
train,0xccd202c2e1ad96704cc27bc9c187b681f8fc7d63,685,684
train,0xccde5365c6171b2f39041857c9cc45177ef7f618,342,341
train,0xccf09a5a9449b8d39e27f7fcffbb1a30ec29c8db,999,998
train,0xccf13891822bf2de0cacd300d2ce6f27abce8abe,3369,3368
train,0xcD1279F36dbfd19d7aD917F5D86e375a8d7C970d,113,112
train,0xcd19a08b139a4cc47bae0d9de41241f5056988c7,488,487
train,0xcd2a5c39b13b2c27b2ed1f51eef17d5f646563d2,1533,1532
train,0xcd2de7fd530269feaf6075c8bca940526fd7c4de,578,577
train,0xcd2fcd445620254614a283dbbcdaece6c3946494,713,712
train,0xcd3627f4024509fce76461188a86bdceea53dfc8,931,930
train,0xcd3673af09e76c74d889aabab68ca0645566a3a1,599,598
train,0xcd389f4873e8fbce7925b1d57804842043a3bf36,503,502
train,0xcd3ffb25b68ff530c8a9b24597aaeacbf3ff4854,350,349
train,0xcd422c11b18d156e8dcf66637d4704f3e42b7ea6,306,305
train,0xcd430a7b99c62edbbd5c7749ef67e49980fd4f30,350,349
train,0xcd43952250da390018610365ac998218967c7178,1071,1070
train,0xcd4b5f94f13a8c2df8e9140117feb620554c0741,756,755
train,0xcd4cca1f11490d626fdf71daf021ce7e8343dbfd,621,620
train,0xcd52633e66e6670f11cfbcc6d958837591c8ebc1,1821,1820
train,0xcd5e0fffcf81c85d1dede8d4ddca4370e4ccb05f,613,612
train,0xcd619ad647357868dd5987b0ce4886bf61cfac32,424,423
train,0xcd806502ad2f9aeb32e23f8d647341d4b568201d,1894,1893
train,0xCD83bb84afb88E52184181aA8d5d803EC9F344CE,350,349
train,0xCD8aAC9972dc4Ddc48d700bc0710C0f5223fBCfa,328,327
train,0xcda342715528b24eb5e840b847e83900b71dc0f1,2410,2409
train,0xcda36122909f77bca1cc45371335627e4e488e6e,617,616
train,0xCDA7efECEb3849235441012788EA0a4e6625bc73,335,334
train,0xcdb7ecfd3403eef3882c65b761ef9b5054890a47,627,626
train,0xcdbba64ecc5f1a17e3bb9c8b31185a35c0c2bd2d,1263,1262
train,0xcdc7c1aa996b7c334e8dba9fbb882f1852a81ada,999,998
train,0xcDe3Ef6CACF84Ad36d8A6eCcc964f25351296D36,508,507
train,0xcdf35c3fe4ccfacb3b1bbedfe71ca3a5ff6f2db1,2422,2421
train,0xce0133aa8823ca1695633a8e9ffc5ffaea01b7b5,544,543
train,0xce0589450422ce360215c6c50f9809e753e3829b,2516,2515
train,0xce128ededa2c39d4cf569e38e7e5dd3c6a9f99e2,1168,1167
train,0xce1e3e2454bbfc93240c05687d85a16e5d9fda8d,350,349
train,0xcE2026da687eE19743FA96CBe61Ef360907a7a23,599,598
train,0xce2095197142a6972256d70fe4ba024f2c7a7d96,355,354
train,0xce2b9e6fde914b05ca9d6fc1d17d61aedb6ba214,352,351
train,0xCe2f65261858BDfC4Ac65BB166919b8D35A4C82f,1586,1585
train,0xce3630fa30d1a2bff8520a38b63255c1bcffedb2,345,344
train,0xce37d91073b13f9ecfb993fc5778bd159c17aed5,1077,1076
train,0xce3e1acb55e54b6324a5852ab1848bcde645e8e2,611,610
train,0xce46f8562eae3b1d7632be1e6da0553a2796a404,646,645
train,0xce53a179047ebed80261689367c093c90a94cc08,873,872
train,0xce54df9a3ffbb26092cd6bacfd10eb7dfa4bcf4a,113,112
train,0xce59a5ce4af6c36ddaeeb149c382bacf2e70e817,350,349
train,0xce5c603c78d047ef43032e96b5b785324f753a4f,1214,1213
train,0xce5d7056cf73c6c710b52661bccfbc725342ab40,1228,1227
train,0xce5dec547ef1b7444e0b98449acb6058b791002a,1194,1193
train,0xce5e040786513702fa21a36f465d3be77c48930d,846,845
train,0xce6a5b2516539aaf70d4c2969557144348895d31,370,369
train,0xce6c1005bf05b370af93c1f70d7798aa08c0b6d6,179,178
train,0xce6dfeb0674c96ed11ddc0d59c5c5e98d3586292,496,495
train,0xce77769628eb122f299e2d07479119b3f751912c,422,421
train,0xce77c7ab6caaaf8aa65808d8966c4d09e491c964,306,305
train,0xce82a09f24d3a3b70a8b68572672322064095290,979,978
train,0xce853db3359326dB6D03981C9fb42983BbCdd007,434,433
train,0xceA5776edA9d544526D9daF0F47Ad2217aDf4bc7,1990,1989
train,0xceaa5b1899c49f8d70d9b0fd017ff2a74861bc9b,661,660
train,0xceab163519b19265ab463efa2da166a4d59209be,1335,1334
train,0xcebaa36ddfbc3bbe1bcee25671f18f59a80a5b2b,399,398
train,0xcebbfe09bab5493714a42de8c3a58fd385ce9c03,2326,2325
train,0xcec0922b39cf101c892f9f6aa80488d3cbdd771a,350,349
train,0xced350d7ef320c38cc5090c89e7475dfd2e0fff4,544,543
train,0xced4e93198734ddaff8492d525bd258d49eb388e,1417,1416
train,0xced4eb91efe1b708782afd33aa529a6a9ace6671,207,206
train,0xced9097d413a50640ebdd00c7b7718dfadebe4fa,463,462
train,0xcedbf324a1eb1affe53ab7b7ef0103e070e3853f,350,349
train,0xcee08a127fe4c72d7f340647799afed7372c865a,350,349
train,0xceee9674d46387d61a5b55b30fc3cc67a7d0416c,753,752
train,0xcef8feebbdc278c0c81e07b87abf96b22d08fa6e,530,529
train,0xcf0dc7952d663bd1e16403081d525cf7193573cf,494,493
train,0xCF10991B7041BD179E1DE80752BB5f4f6F548689,1200,1199
train,0xcf31dd376d15db527375b8c2b24e0ef45bcf71b6,59,58
train,0xcf3334ddef93e384713b5fb42ed3b9b4e703afa5,350,349
train,0xcf547d5909b3c39e98bb54107f3320f60df01609,61,60
train,0xcf6c09b664a542b34ce96c5e5ed95e0e562df2f6,2439,2438
train,0xcf6e138fa88f6ee8950a538aa2d343487f2a634d,533,532
train,0xcf7097406448a6b3b109139e52e20ee909e437d2,400,399
train,0xcf7166e9a81fdd7e12f1f2ecd5da8590ad28185a,8424,8423
train,0xcf720364da25b6c34f116d94a2c160040231d7d5,189,188
train,0xcf7295a273370a79bd9dfa558304529e3d99225b,393,392
train,0xcf768b4d181048bb5e0e6e1a9546033483779753,2013,2012
train,0xcf8494b422bc01bdbe56c17d303bec7a7e22a171,102,101
train,0xcf965cfe7c30323e9c9e41d4e398e2167506f764,301,300
train,0xcfb7edf27b9234202135dc79dde568284aafbde5,1307,1306
train,0xcfb98637bcae43C13323EAa1731cED2B716962fD,1065,1064
train,0xcfbc7403b692a437eec6b691fff48c8d75995672,671,670
train,0xCFBD993c08808Fb42C68340Db1B7620D139be430,1734,1733
train,0xcfbe7a6cf90d022265ffc7e26b564bb455077c9b,233,232
train,0xCfC2241f9c699e132b445Dcb85998FB982E23b31,483,482
train,0xcfe25c078abc12025e418b1203498bbe6ced28ce,1672,1671
train,0xcfe8f8dcd29419ba396a496ad2317b784ec23d60,316,315
train,0xcfebf8C78De81f804a694F4Bb401e5D76B298bE5,112,111
train,0xcff9e94af4864a52232fc632002b31fe1c8eed60,364,363
train,0xcFfBD9e9005Db779AD2A897ae7b4EC16e32cB6EF,1765,1764
train,0xcffd73396e6f4dae2fd43da7eeb2536b50b695a1,1216,1215
train,0xcFfff215c4c144c41827fb8959a1222e7D8a84A3,467,466
train,0xd009bfa851a31b08343a68d824107e2b813a0fb7,1474,1473
train,0xd00d1068a031cf86c584d0d355b5b89a4be0c806,296,295
train,0xd00faa50d4f1a97b407fdc8656c940712fdd4150,878,877
train,0xd010cfdf53b23b27fe80ea418843b428c4c3526e,1143,1142
train,0xd011b782e8bef5215c11084867c6a94109a57f7f,499,498
train,0xd0121a9620f789b5bde596e298cd397caa1161ec,2082,2081
train,0xd01db73e047855efb414e6202098c4be4cd2423b,523,522
train,0xD040C29b8aF036a502ef012Cc49E37a160f251EC,1883,1882
train,0xd0556c909e816779fb3c98b6a25c56f1b84957ce,342,341
train,0xd05aa21c80335c34ab94c6308e53986d2408b35d,1248,1247
train,0xD063c6b512B697124E33BcCBD2AC3CDE7fBC42b2,688,687
train,0xd0645acdf897a52e7bae4044879e7a9126ab299a,439,438
train,0xd06d633540285eb2f3c8f6ffd4cf9f6b8daeba16,399,398
train,0xd07e5059e6d401b7d0640928bfc30e569fe4059b,350,349
train,0xd0800859d6f4bc0210b7807e770bc44a9ece7372,1431,1430
train,0xd0887465842dada49944507b52dbe777ec11f5ce,350,349
train,0xd08c0b2f4b98cabf4ac9efc9a541f6ffbcbc3441,100,99
train,0xd0badc61104e66705d61dbd315fa67124369387f,350,349
train,0xd0c4ad14f872bcdf7c3cc2bae99279ab5cdead30,417,416
train,0xd0c65688fCA8524bfdA85B5e76CeFb01157eeE4e,350,349
train,0xd0ed0c2ce0e004610b391edd708bb544acd4935a,237,236
train,0xd0f082ac1eebcb73a62449cbc3bf0ef929c5bd38,448,447
train,0xd103af791780a16ff05ea889860898ed38daed41,100,99
train,0xd10996aeea66f21e1018d422d589dabe600f3960,629,628
train,0xd10e893b4d75f266407c23ffdd1c12482cc84d09,259,258
train,0xd111bd7ad596ed9c78ad8fdecc6e23aca63b4383,262,261
train,0xd1195c7dae5d4402ded616b7f3d41524614ef1e3,1183,1182
train,0xd11f7783856d2fecdd63dbde274879eae6b4f782,353,352
train,0xd1282864e14c77e186eb45d4286e90eeb8a830b5,659,658
train,0xd132a30ab80686e4926e2a1ffeb5479c8f566621,1376,1375
train,0xd132eb1c3594c2deedf73d466dca8309f99f1b23,350,349
train,0xd13c4CE99Da44714b7c1aEdb40F673fb3C5B20Ad,7590,7589
train,0xd157fd4854b56c61ba239ae229b63b5c0791d0d2,701,700
train,0xd15d322351667b202f70b2c2d568341da8d39b67,486,485
train,0xd160995b3e72e5bd67935f5c99e05aa289d5a228,1839,1838
train,0xD1613bfb12C53BFf3fb19F6A8BC69c4A3A6Cdf2D,487,486
train,0xd16c5175c90c8730d365d3616d36148ff43c110c,1747,1746
train,0xd177addef5a79d25f81c0869bcebc602f156cc1c,399,398
train,0xd17a821b7ddfb8b8cfebc3d2acc740a06d365e9f,350,349
train,0xd184b10ee51be2c6bf45214b048f311a15296cae,870,869
train,0xd1928831616d0cd498a204a81516b05531aea9c8,544,543
train,0xd1973ac619b2ba8ee4f9581aa588aee259cb304a,1415,1414
train,0xd1a2b2ab35b439456fb5c28ad7ff23f893a302c1,4975,4974
train,0xd1adaa575a88e15d5c1df128a5d003fbfa41756d,1275,1274
train,0xd1b8f5e15554cf555657b227609984fcdbd49f87,350,349
train,0xd1dbcb22057b08410046f37c2709d6cb80a9200f,395,394
train,0xd1dd24d4bcba675ee2c2d7ed841a2d63ed9654a2,2263,2262
train,0xd1DD82d1dED8f40c200b89455050E9C18D918504,484,483
train,0xd1e74ef5b003196942b845238773c35f7b7a21fd,909,908
train,0xd1e7904e0e40654e4f78355acb85304504d27641,1206,1205
train,0xd1eba2334b86022d2ac3f507f0c4e78f1916ce39,400,399
train,0xd1edeae9cb9607d13821d4ab5cf1ebb366b4b654,3232,3231
train,0xD1F0740eA97aab8430d69D12D00443A5a84F5d87,438,437
train,0xd1fd1fe54ceeca913c88d661b46fe9beb083ea0f,182,181
train,0xd217ad4191bc42b62a3a9ed05f5248795d450af4,631,630
train,0xd21b23369630cb462ab2ef1776e276c1e2d86369,350,349
train,0xd23075849abd2a8bbbb2dc8870978bbf7ac13fbd,1364,1363
train,0xd234ddf335917c7a170ad13b748f52ae5791e064,974,973
train,0xd23e9ff1280fff36fdc4aac8d809054c681c4052,314,313
train,0xd248b0d48e44aaf9c49aea0312be7e13a6dc1468,1141,1140
train,0xd24ca06035d8278e78717125ac8da1223782fe87,613,612
train,0xd25287a62b5a5af9554d77a644861337604a5078,331,330
train,0xd262cfc8e12695a64a2231191dd5ee38de1be12a,544,543
train,0xd26dcb1d22f71c24643db57df33ba03f4cd573da,350,349
train,0xd2747160d97b0fbff83af1c6314021bef87f672f,534,533
train,0xd275b50f71badf4fa2f911e80e1e420730ab403e,956,955
train,0xd27fc78c63914120aa47653882bd77eb94109174,328,327
train,0xD2924eb2FC2bF9E0109d86f8068AdaF5269797B3,362,361
train,0xd29ba5f94fb91eefc5e3aaf69f181febed73930e,424,423
train,0xd2a0a9ae03cf2ccbe905b2e8df55b42546243a6b,350,349
train,0xd2a2691b44facbac43eeb4a7330180f14fa1431f,1510,1509
train,0xd2bc942e03dca509ab897896bd5e1ad6bdda97d7,64,63
train,0xd2c211b46c9266f5a7f3d6207a90a9c34c5ed80b,539,538
train,0xd2Cd43c4f6a6Fa7BDFA44Ee5BC486bAE34f9A2Aa,1424,1423
train,0xd2d206f79235b94dbda9007d98442463e2115e39,355,354
train,0xd2fddd171eb3a219928edcccdc249a874003ea0b,453,452
train,0xd2ff67a8b4714a5ecf16bf8a58f6094ed5e7b5e9,550,549
train,0xd317ff47dc7e1423e5e050870a66332833e5fd88,561,560
train,0xd319bedd2994cc2b0cf18972236800648341f0b2,285,284
train,0xd31bc89fe1adf71c2a7d9c8fe4e0f94cf20ca15e,1274,1273
train,0xd3353412854f2f6e16d25beee977878aeb52b58d,368,367
train,0xd339d0c337d61ca4e82b68b9a4b36a1add29e915,317,316
train,0xd341d1680Eeee3255b8C4c75bCCE7EB57f144dAe,635,634
train,0xd342c20428de073c6da0cd3b249b16b3f2ae80fe,207,206
train,0xd34383f1d933e530ef5a867f61173edf958ba988,679,678
train,0xd35504e0f9bdcf8bca1ce7ec51fa2db514029182,3581,3580
train,0xd361359c51c90cbf0a807a60de3da8ff7cab1975,350,349
train,0xd3631ab5f576c5c972de446c7c5b03d8430c5c1a,350,349
train,0xD36D90FA555Db1E939Cf835AD0ECa8dd591B3e4d,2042,2041
train,0xd372ac2d642a4995dd4cd7b001d3264744798dfa,1098,1097
train,0xd3805b301fbc30e73a2d0ac549f5989b55d88246,162,161
train,0xd380b9be11a15501a23982896750a739bd76892c,677,676
train,0xd3901068a63992937b1425de70164c1b4f8781d5,1327,1326
train,0xd3923888c21b5d2274a344fbb4df609a514d770d,745,744
train,0xd3a661f28b33167d0982e88caf431675bdf4a3d4,297,296
train,0xd3a6967214a24de0a230c66afe0a47fb2ee1bd83,1893,1892
train,0xd3a71bc3f0a78dae8b184c4463ea7ec4cc3e7ca9,859,858
train,0xD3a78c984445DfF111f7C1349F4F6284F9b3E478,330,329
train,0xD3C00772B24D997A812249ca637a921e81357701,395,394
train,0xd3cbcbc2499269ad5d2b0f58de58628a258d938a,230,229
train,0xd3cc165dec7ac5c64ccb46027ae7c1596d181e87,350,349
train,0xd3cd638c5013b70b795dd0a171376b579fc76cbc,894,893
train,0xd3d20f3f0ededb2a1503dc8858c7c6f37c2b22cf,547,546
train,0xd3d72bdd70c2a1dbc3ff6556a8c5f1d0d3a92b7a,861,860
train,0xd3e55b1c1da60e7e995e70d85c847c975fed5d37,257,256
train,0xd3f3eb105daa3712eda7709f59ac0ec0d2d202b5,433,432
train,0xd3F5056D9a112cA81B0e6f9f47F3285AA44c6AAA,503,502
train,0xd3fd4fdf699a6c594cd9f8f293322f7f7dd44441,1285,1284
train,0xd3ff33409e5e52c11d25ed4d61e983103c2a180f,350,349
train,0xd403cc1e2da3aa7d954e0ad34bef2df2b9a9f238,443,442
train,0xd408d7b748f84445da34d1e1f6a627a65d58280b,350,349
train,0xd4160356a4e81f008b86f9867e71d1e1404c5292,3369,3368
train,0xd418Fcb33ae1a41BDC34D257A228Ea9CB7C8fd03,1391,1390
train,0xd421bb79fddfd4333a03e00d8a4b5f4eba07f1f8,1402,1401
train,0xd42c50dedae71f7ad62e7792e83d7736637689d9,953,952
train,0xd42debe4edc92bd5a3fbb4243e1eccf6d63a4a5d,605,604
train,0xd43827507f05bdd679d433cf04ac26922b434c1d,100,99
train,0xd445727ae9fe528d3b5e355eebd94b324b476e80,350,349
train,0xd48738ce4c49931ef5b16bc210a982151fde1c67,350,349
train,0xd487aa009dc1995046383c0edc28e5a852a5952f,391,390
train,0xd48e4a7f1da6008a644812d8d436117cb4e500ef,421,420
train,0xd48f07D942a075FBbA9836a2898Dda2702c7FFdA,1467,1466
train,0xd48f1040ab98ed94dc9419402b98b7d94b046bbe,350,349
train,0xd49218a3d2ea27f16a21604c9222f6bcaf5ea761,350,349
train,0xd4ad422f294a74c88baf873bdc218065f16f07d6,350,349
train,0xd4b4796d9e70feba3606274fe0142fe64bf13f7f,598,597
train,0xd4c435f5b09f855c3317c8524cb1f586e42795fa,1156,1155
train,0xd4cc83597476784632af2d48cefbe82d69896642,56,55
train,0xd4d2d6f451c602371b08b1527cf08b2cec5de3b2,1211,1210
train,0xd4d342fd95a968884bf50b69ee3ea870c3bbef91,352,351
train,0xd4db3f972d1e5f03ad2011cef04f1194fc271507,658,657
train,0xd4df33983ff82ce4469c6ea3cff390403e58d90a,3199,3198
train,0xd4e179eadf65d230c0c0ab7540edf03715596c92,419,418
train,0xd4e222e4ac214103917bdb5c0124b4a1ce907874,1390,1389
train,0xd4e5a29686Bd97341Ca21bbC08e6Bc43C7655194,1728,1727
train,0xd4e61b22638c9b5702a3889839dbd45966474555,329,328
train,0xd4eeEdEAF7E896691ab959ac5ABd2842a9A8E062,412,411
train,0xd4feaee9cc9c78d56fc1a7e6778acf29f49b15e9,371,370
train,0xd505b114a8fb648b2d4a92ced33879fd512ae8cf,106,105
train,0xd50a84ca2fad481a99e21d43f588b3e9dba6f1ce,350,349
train,0xd50e18ab6b939ec83b3249e1768d1e0d92c1987e,613,612
train,0xd50f2acab96164f3f538980aa8042bf8a4e64b38,578,577
train,0xd5175e9857c6d7ff4b17730ea7a7f4b07ca27b37,353,352
train,0xd5183ba8847ae6e44e208f687740172b4ff5cb9b,508,507
train,0xd51c109110e7ccb7f6b84ddd2485c2f8e2753415,7343,7342
train,0xd53dc13a51aaa46c1e7230a4adf06a89fd5a9eac,508,507
train,0xd5527579226e4ebc8864906e49d05d4458ccf47f,461,460
train,0xd556caf704e39fc728058557a113b226207d2212,1504,1503
train,0xd55fb1a81af292f565cf194a222b4ffe724aa8cf,2143,2142
train,0xd5670cdb0d6e6d9eedfdbaceb97d5774466f0b23,1343,1342
train,0xd57cf4c4f0d1f600683b45663e309a2f6da5d80b,474,473
train,0xd582ec4ed8da08fb519b38950276a6a16f33c020,350,349
train,0xd58d65fbb5c23c632909193dc4076801ae4dc250,864,863
train,0xd59b961d5be7ae59486cf4431cbd5534c9ef4f0d,657,656
train,0xd5b09a77309e0990371fb424d2acd1ee3454b973,241,240
train,0xd5b9a2737c9b2ff35ecb23b884eb039303bbbb61,469,468
train,0xd5cc9f81a98b9303d55dba989f72edd6dff69ff4,350,349
train,0xd5cce82008ff71d1051443d33cd8255dafa5a6fe,420,419
train,0xd5d18b360a45df0297650bf11bbd2fccc416e1e1,353,352
train,0xd5dc75c85159e95f0bd8b5196f4f096a6b7fea1f,749,748
train,0xd5e8075c85943d00af37ed8c2e56b8ec9d9a9548,95,94
train,0xd5ebfbd4920d1d867f2e10ffc060fdef532bf969,551,550
train,0xd5f788ca0de8f17cbde1d1e35aa8f005a87fa00b,348,347
train,0xd5fc6aeefc332a3a31a6d87adcd8f827b58a141b,688,687
train,0xD60A19876528d19487bfE17dE04c32Bf001d6643,57,56
train,0xd61bc5b57c41a405c001e202bfd4445c2fba9031,796,795
train,0xd62a7c1F32af500d2214A6d6D9b25dd65B398B7d,3061,3060
train,0xd62e9252f1615f5c1133f060cf091acb4b0faa2b,613,612
train,0xd6362516C7D7934fA2dceC4Be8fd4FcA79e98bc5,214,213
train,0xd64ad4eefaacb96a0865687cfeef4c4a2cfbfef2,1201,1200
train,0xd64dce6f3f3e27b7afc5eda41ebab00556eaf946,961,960
train,0xd64e5b228561225b437dc38b81891c15fe98cfee,407,406
train,0xd64f93182d37df63d53567b2ccad9a0f308570c2,1747,1746
train,0xD657e03982fEF9a46e0ED5c623B5740610a3253D,615,614
train,0xd6682db9106e0cfb530b697ca0ecdc8f5597cd15,720,719
train,0xd68febe0b74529a2e6d869a8e997d8b054afb9d6,364,363
train,0xd6946de84be34d43e03475bdc03793285d105fbb,549,548
train,0xd6a36640e10db11e78fe2ae452c0787811e36a02,1165,1164
train,0xd6A755BCe1844Ad6b7681118b18f54D63E5C13F9,107,106
train,0xd6a81d7a8b4d1cc947138d9e4aca5d3cde33a170,594,593
train,0xd6ac52427c687c2356e18a1d5d7d05f0ffd06559,718,717
train,0xd6b003934a34bd643f3da07dd8e76e05247252e1,132,131
train,0xd6b1f524752819ef1489b704146eba1e9ba57057,350,349
train,0xd6b3D9E44F767f0c178F60d24fb186bA49bC444a,1051,1050
train,0xd6b4f27f4d0227e8a8dc96ff29d47a7aa88a47d7,1368,1367
train,0xd6bc92a0f5a2bc17207283679c5ddcc108fd3710,79,78
train,0xd6cab260d719b1691982f7620acf0ca0708cb2fc,627,626
train,0xd6e1ad11dbcb329bfa1584a7958d1e65aa8ded41,1011,1010
train,0xd6ec04c0f9587cb822c315f662954af8c2174d66,105,104
train,0xd6f057f6dfea1fa94aec4eb047eacd5c3c01582b,350,349
train,0xd6f5193f52e8031c5e7cf81549b6a4ccfdf660e7,51,50
train,0xd6f6b91d29c2f3f48b72ae1c9b962094f37c0f93,414,413
train,0xd6f8aabbbeaba0ed626e6edb798e8ada5799db84,1149,1148
train,0xd70b659ae2c61fc52a31723af84a1922747feab7,498,497
train,0xd712722d256df900c42da2a09e7af73663a94f7f,1349,1348
train,0xd71a90c6903c698b643ac007a7a279f34e444dc3,230,229
train,0xd71c29c1f66ce7185afd245961add939de87338b,434,433
train,0xd71d1864e5ec4c0754e38c5b0353cf9f883f4c5a,962,961
train,0xd71e21055f4b0ff413f5fa826b79c511a10bae6c,551,550
train,0xd71f8aff8f369458d7f7edb75d376812309fb0fe,819,818
train,0xd737e2b7db24180ad6c84a0e5083b90ee53ddc50,495,494
train,0xd73e025ffbf081ac10ebbcebdea089f4171d8f5a,1738,1737
train,0xd73f1bcb7143776cadc3faf6cdd089267aca184c,315,314
train,0xd742b68487bfa2f7847f0aac39f047951ef39058,1347,1346
train,0xd747726c19c131b4e2c8a13f9e673d9f245bd2e5,278,277
train,0xd7522fb7431a7e9a408954fee58c2ba2078da6db,1306,1305
train,0xd762e6906f0d96043a661b06f9430d3129186f41,1201,1200
train,0xd76b5c2a23ef78368d8e34288b5b65d616b746ae,781,780
train,0xd77120A1155cf1B4c7a283970E8AAbe31B8dDE53,1611,1610
train,0xd7784ddb103479ee3094c7816dd7918e1ae3997f,626,625
train,0xd77DA502C62daBe5a1643143f0F6A5A6596b0b01,1547,1546
train,0xd77fc35cc9007557dcd18bfe26fe66f1ea3a0e7f,1237,1236
train,0xd780ae2bf04cd96e577d3d014762f831d97129d0,8058,8057
train,0xd78d4beabfd3054390d10aeb4258dc2d867f5e17,271,270
train,0xD7A045C58a1265d63d34d75dAadCFd63610a0278,3130,3129
train,0xD7a1BF3Cc676Fc7111cAD65972C8499c9B98Fb6f,334,333
train,0xd7a27d8d58f0c9e378fb3cb2816bde94c5e34059,543,542
train,0xd7a51e8e9114849eae481e5887c831248a691acb,656,655
train,0xd7aa94f17d60be06414973a45ffa77efd6443f0f,568,567
train,0xd7b45e0cdae4c65ef2c7e19152eeb3074e20f98f,660,659
train,0xd7bc93f391e94557fa621711699d1a5fd38d5ad5,1408,1407
train,0xd7C95D7d275Ff213fB87794845B462b8aDdC8628,1157,1156
train,0xd7cb65c907815d1852e246198aa7687e06d96e53,648,647
train,0xd7cf04472739aaa2565af739e2e1d08f99ec8981,617,616
train,0xd7cf8eae66f26e13a400772a054b19fb3d98c269,1106,1105
train,0xd7d70f1dda2d629b2b02d449aaf2296d41de3c35,349,348
train,0xd7e39006f6ec0d258dd8e126491d51230fef90f3,350,349
train,0xd7e4ad7c318ffbafbf602e32e089e7e2326a2581,1867,1866
train,0xd7e51e35a04db7d9cd28026f281a93134348190b,685,684
train,0xd7e53311e79521e68a68d7d8a5fa543143f959fe,361,360
train,0xd7edd2f2bcccdb24afe9a4ab538264b0bbb31373,78,77
train,0xd7ee73ee5a1456c1c644692685608b4b0338063d,710,709
train,0xd7f66e73ebfa13aa2e0947d577f7626752fcd6c5,631,630
train,0xd7f82e36ef04c9543ce18e6d1072354a1b9d629c,447,446
train,0xD8002cD05d5B2a85557e1CAAa179cC2408D5ad42,519,518
train,0xd806f2945baf1243ce1cbfedaa81d65a75655a9c,350,349
train,0xd8096abb6ff38b912ff7dcebddcf6bd2bed468bb,294,293
train,0xd81f9b05e409e0ab40f8ec766370b7a7c8a25864,1300,1299
train,0xd81Fe2C11edD560C4d44fdD4F651f3608452BeEd,281,280
train,0xd830955b58a9e55aa1d92c799098909ab9f531a5,1471,1470
train,0xd834bED9042c2004493f8c8f28C5AaAAb1f36780,207,206
train,0xd8444e581e288aecb2df4b442d19c2fafb3fd11f,608,607
train,0xd846f02d8d4f0b13123b5586c7b6249c889a4463,524,523
train,0xd8479c546b80ce91916c7800c1840bd6446b06ce,4194,4193
train,0xD84e7AA5AFF5DF0482B29b25ad300b1E9de7c90e,3403,3402
train,0xd8506a48e3d8832d459f97db8bd9f7de1707f1f4,160,159
train,0xd850942ef8811f2a866692a623011bde52a462c1,1511,1510
train,0xd85b75945c1970d215198ab9a6913f8124079d12,350,349
train,0xd8698a985b89650d0a70f99ad2909bd0c0b4b51c,2815,2814
train,0xd86a66745ec6b9bf573fcb98a7ea4d39feb750d2,248,247
train,0xd86b0549fbcd5e5355b6299699a9cf2f54170258,934,933
train,0xd86b5f2a2bd23046fa2972b8df391b2b45411a61,350,349
train,0xd871242910d43a697bcc9f57947777757b7469aa,670,669
train,0xd87c91884f5796e7b0a7ee8cc5d40ad6c63f289d,1139,1138
train,0xd88dD6b7061C6F327B9830fC78F0b8fABa756D7C,3232,3231
train,0xd8905661e00c730e1917c099d79026f7ca53d105,579,578
train,0xd8993f49f372bb014fb088eabec95cfdc795cbf6,79,78
train,0xd8a5b0d3cb3b00113a0cd96856926dc555d9e752,3664,3663
train,0xd8a83ae49d655821b67ec278693f20e9d69e3350,702,701
train,0xd8b980ad351894b8a4cf94856ead06c4586d763f,350,349
train,0xd8ca8ebf7c79d63501784b9c61392c8870c62a0e,695,694
train,0xD8d80210106e2A431c9c43AC133EC22A008a2F07,424,423
train,0xd8e409a52d8985d21e89c7628f0c2391b6f5ab42,353,352
train,0xd8e52e974c8be63a045e9a21feb8983f8d1c10f6,615,614
train,0xd8e64769bb02136564737a4ecc712083b473db86,546,545
train,0xd8f2f712040d1a0d90622c767420d354c645ba4a,270,269
train,0xd8f6ad0ff8dcf15c68daf60da9d346b46a282286,1000,999
train,0xd8f960a98524ccd3194bcd30a714e3c4e387da01,458,457
train,0xd90790daea219ca3a286c5488083262c7180f483,713,712
train,0xd907Bd07813Ba91A9143E7c98340E53755d575A5,1299,1298
train,0xD91E45416bfbBEc6e2D1ae4aC83b788A21Acf583,8476,8475
train,0xd925fef3b7b1b44654f5b2017fc25de5af2f3071,290,289
train,0xd939cdb6b110c96b1758adab5cab1e836ddbdd2b,1883,1882
train,0xd93bc824fe11d6ac608a7096b75466b6968d1b99,296,295
train,0xd95294fEcB64478541CA7B0E5c0a278F4F9d7ee5,199,198
train,0xd97b16f35de67917747905bd3d67bed5a5771706,350,349
train,0xd983815f941df09dd815ed65276c20c969e47c59,56,55
train,0xd99c2c9c8af1cabbd9678c5548aa8632e5c16695,386,385
train,0xD9A19471E4C4e6766518f7A91a8e4237DEad5647,647,646
train,0xd9A72fEc8683db0666769D841d6D127F350B4418,614,613
train,0xd9abcef171a959992738b32753cebc8b64132555,770,769
train,0xd9ae056c90c5b4265db1f642b646af448c14ea0d,613,612
train,0xd9c7a2ccc6fb89dc0528a98143fc7ae8ddeebc39,1873,1872
train,0xd9caf60441da8f17f44dedea31e2bff668e87d14,350,349
train,0xd9ccdc9da2c4665b2752bde64e528ebc2eb92314,350,349
train,0xd9d5cb6fac819014daa6db94ddccc953714b3fa3,1637,1636
train,0xD9dAa706F73Ed9ee2A6dF4864e12c1D2842f7f77,1547,1546
train,0xd9dc5af929d843b08bd0d5037b5203604d5b84d0,607,606
train,0xd9e21e7fbbc85d05165b9691abc279249de1a658,356,355
train,0xd9ec750a0aac025f0075413c68502ecf8a9ab64e,442,441
train,0xd9EfB77fD4041a28F0108EB8726dE2505817C6D1,810,809
train,0xd9f7cd813983bd89d18015cc3022f7b9b97d26d4,444,443
train,0xd9fc693ca2c5cf060d10e182a078a0a4cff1f4d6,440,439
train,0xda017d3417d7fcdd4db134e2491f30292ec647c7,502,501
train,0xda0af93134b0e1325fda263326bb6202f82cfb94,360,359
train,0xda0e0303f4bf08cff92e88e13c0e743b14fea0d5,682,681
train,0xdA15e2f14040Cb4927a92655872DEC755dEbdc7C,111,110
train,0xDA16251B2977F86cB8d4C3318e9c6F92D7fC1A8f,3324,3323
train,0xda25e5b939643a51375eee932aed11b92a9bc003,2631,2630
train,0xda2c424fc98c741c2d4ef2f42897cefed897ca75,526,525
train,0xda2cf810c5718135247628689d84f94c61b41d6a,1282,1281
train,0xda32d3814b10aee35dcba4de4f6b2259916f9cbb,770,769
train,0xda3493c713c99737c684e4ee5a97654a1aa80922,498,497
train,0xda3854011322ef11d1104b30842603ab5a6d7698,348,347
train,0xda3cc6344f39061e49a6988a25def0bff1b632f2,1103,1102
train,0xda4246bfa88bc6511d4e15106eec6f4edecda37e,1315,1314
train,0xda43120e633a1c7d2109a825b493a8ded27a9d1f,839,838
train,0xda4939211420997a309fe2a2dcb02e6e8f93be0e,1978,1977
train,0xda5180086461ff6eeb09580181ac160522dcdcd4,278,277
train,0xda730ee58df4901fd36539115e6462f8cb042f02,356,355
train,0xda7c129fcc37506f671bfe1b820c41cf9c0fb8f7,352,351
train,0xda7fa6e0b04c76683f54c973931862d7fe474a85,153,152
train,0xda94da8b4f280d0673cc137ce3f3777834f1f59a,546,545
train,0xdaa0cce5aa255afae7d85e34d3223ad64897d0e4,350,349
train,0xdaa372a9c8037d7f4a096edde31a49d0fa7397d0,320,319
train,0xdaa4a3783d9704428563936359fae166a8939c7f,148,147
train,0xdaab8a09aed3b98df4fffef85e78cd6f513de7d0,333,332
train,0xdaaD1c757471186c79FA044D39CD9BbB26b84E35,704,703
train,0xdab0c31bf34c897fb0fe90d12ec9401caf5c36ec,446,445
train,0xDAb5dFa0966C3435dA991B39D205C3bA1c64fe31,683,682
train,0xdac3260156431d8680443276256ba0b150f4bfce,296,295
train,0xdAD02644b70cbB20DEc56d25282ddC65BB7805a1,67,66
train,0xdad07906e41b707298bfca33ffcb868ee3a5448c,699,698
train,0xdad7a5e3260e7bd2bfa825929db802cf001bd209,544,543
train,0xdae049562763d6a4236af188a05f4f29603b41cc,1291,1290
train,0xdaf44abc11eba1a7b0332ce5cce2ba0b2a9f727b,579,578
train,0xdb00f98726e1ff4f5f4e446e380e260202c30c5d,350,349
train,0xdb0d31ab475f4841b35337c564dcb923084145e4,265,264
train,0xdb1c55f6926e7d847ddf8678905ad871a68199d2,85,84
train,0xdb29bf190a4e6db3eab958f9614c4404906a2530,1010,1009
train,0xdb2Ae021F1EEa3c9ad25cd49aDDe23bB788D3D9D,125,124
train,0xdb2edfe3a839e16e0af99012b44cc0739145b5b7,508,507
train,0xDB2F50fE82b6425a6185190d55787E3C0fE3a3ec,296,295
train,0xdb3f0abff87b0d71c45424b1db6fc92f8a76967a,345,344
train,0xdb42e3666fdaa8751d310609bb3c5712d1a7946f,350,349
train,0xdb8378187bb9939ca33ee9ed1148dafecdf315f9,625,624
train,0xdb9822bb9885d844d1986a8949fce1a4ceb5f8b6,8443,8442
train,0xdb98ce86387c23bf9caae85c5606d32b31bd4765,1453,1452
train,0xdba0521fba14c9601812a5e58173dda953257787,614,613
train,0xdbabbcb1e314facb908c3e06b1f483124a627ce0,955,954
train,0xdbb087d9d1d9b6744c8aedd6b134bbb6726e816b,350,349
train,0xdbb10f7ddd99aeda22459a49bc99e5a740ed6b3a,350,349
train,0xdbc256df8ab0767d8e7f1eef5e6025520699d8a0,416,415
train,0xdbd1c7af153151171ceaaa241203c5a9997ada46,237,236
train,0xDbD23BDE88D4169fB60b0d9966Fa1beF8eb74179,708,707
train,0xdbd5f2fa4ab9f59feb26612a2a54f1bf363fadfd,879,878
train,0xdbd6c507500c4fc410e5c3c0c7259b9f18327129,331,330
train,0xdbf3bf0c3ff7d43769d5150daa90f0014a0e2c4c,350,349
train,0xdbF421919E44d34adE58D0f1f6450831F9AA4C30,379,378
train,0xdc142e66eae81e1a6e7c60df32b15d736f3dd74a,212,211
train,0xdc157ad9a13e521a055b43394f84b7dad71689b9,350,349
train,0xdc1bCC1D3B7A5D4d2eab60CF242F58B331d5812B,1382,1381
train,0xdc227db3f7444a7fdc713a6636f577878e75ae56,350,349
train,0xdc2b3787937965a2e64a0b8229e1e5c172857c9e,219,218
train,0xdc2d29bd5b31487ef051011e0566a27761e264fc,355,354
train,0xdc3d9c4cfed09c87dc83b4eb3482baaec4cacb10,350,349
train,0xdc3f9dafcf6af8b3a1273141116a9cb137248711,1659,1658
train,0xdc448e8a2a92a5ce799b197e982d773c605318a4,752,751
train,0xdc5fc0112e514715878dfefee06600a7cabee3a7,358,357
train,0xdc96A98F34847dc6517E81A73E5036f84a2742e1,596,595
train,0xdc9f9a21219bdd887dc4ae923d2c293a1fe4b2bc,1219,1218
train,0xdca0312fc4c31160af85ef342d241d04d50f2262,691,690
train,0xdCA22Dbe21912F62d490aa9449c9B2E8f8D3a4DF,335,334
train,0xdcadd661d53c6def90e5ea3cec0a9feb7c0b08ce,212,211
train,0xdcafac0a993f9875bf28d740519e13219eb586c0,378,377
train,0xdcb04b55b15121bc84a57edbd2ed328137b7534c,1952,1951
train,0xdcc2a9c95518a1196896bd116334c1eb1b6785ad,548,547
train,0xdcc8a0ec9747ab32f336db0d5412d481bb450837,353,352
train,0xdcd2e1ce73f5b569d398cf60285d32a5768c6e48,108,107
train,0xdcd85b583f159901ea7e50f6fea38ae09808c7c4,1612,1611
train,0xdcdb78ba8d4c9eddbe6798b8bb7d05ca52c3be75,259,258
train,0xdCe183C03129ef42525D52FD9042eF76E1B09D42,361,360
train,0xdcf0295b921a5df7f07ea81469fb6a035913fa3a,421,420
train,0xdcf0caf5101030c293d91843d650a6b60622e3dc,814,813
train,0xdcf533abdbae655e8fd438a9435733dbd9068b89,454,453
train,0xdcf59ee4803931a376a0fb6244036e49ebc7dd61,1683,1682
train,0xdd007278b667f6bef52fd0a4c23604aa1f96039a,617,616
train,0xdd17afae8a3dd1936d1113998900447ab9aa9bc0,203,202
train,0xdd1bd98403f24a6dff1c948cfdec509bfc244fc8,1015,1014
train,0xdd1d5ce9f8e26a3f768b1c1e5c68db10a05d5fc0,1860,1859
train,0xdd2b28602e0a31b82e25c75e065d2e2e8247e9ec,756,755
train,0xdd2e7538550aca211ac11ece13c09fef2a42d138,350,349
train,0xdd40b5a5b00d8913f3e1d6bb5cbbcd18a956b215,1423,1422
train,0xdd41fbd1ae95c5d9b198174a28e04be6b3d1aa27,633,632
train,0xdd5420d3ef7a0b7aa9a285d02c875331f1ebef0e,767,766
train,0xdd6022077e43f26da29821df962527157efcf32e,531,530
train,0xdd62d9cf8a9b428b349baed0c1da3ebcbf108424,350,349
train,0xdd70d5b71cf5dc8ddf3034f311eb350475a53eed,350,349
train,0xdd7efdbe9e150f6dcc4e67e66a8c2ce3433529dc,518,517
train,0xdd8a7295d2ea1a9d492631b8e8e3d36ec83123db,2267,2266
train,0xdd8c6e99e8641ed9946e2b4de524e335a9840321,1168,1167
train,0xdd91fa3b84b1080f3b618cbc47e06c57def689b9,424,423
train,0xdd98b423dc61a756e1070de151b1485425505954,3429,3428
train,0xDD9aE24a9E442Fd7af6Cd321400Cc8243458924F,24,23
train,0xdd9b54d1dd185f9302e24dd3ae9e652453f74705,361,360
train,0xddaaf8c81a16719a9637a2e110af4c25612587c4,605,604
train,0xddad02f008e310d2fed6546828fc81769fe20978,2863,2862
train,0xddaef7f22e5eccf83eaa2e2aead89b27cf26206d,544,543
train,0xddaf2e4c78fe861d441c4a8868e56d709905516c,720,719
train,0xddd001ced3619edfbdb5be7cf7f982002093f426,2194,2193
train,0xddd4f59e6df72e028a016312b5944756176a4617,1296,1295
train,0xdddac563f88849dcda5ce35e9bebe17ac5f016e5,342,341
train,0xdde12a12a6f67156e0da672be05c374e1b0a3e57,643,642
train,0xdde19c145c1ee51b48f7a28e8df125da0cc440be,616,615
train,0xddeac1d37ff4c3423fc6e6426815caf16bdd900c,594,593
train,0xddecb41251b82e6aa43ac4eea58063937237b5ae,350,349
train,0xddf2b3c69070186c5daaa98a440929a1a79e2411,399,398
train,0xde0dd78bbc51cbd9c919aeeb017bb6529038f396,354,353
train,0xde0df6633389e6ba997c6db843c5d4dd3f378b6f,592,591
train,0xdE0f4Df545910F0ce9bBdaF3EEB929705b8a9DE0,489,488
train,0xde0fe653cf6194015dfbf132eaef832ae6193189,576,575
train,0xde22069cad238979bd436d5ea0d60475e5e7af06,1299,1298
train,0xde2951ffe19e640fc556cc594a8416365485479f,544,543
train,0xde36e50674078fadb52ce1fd2121158fbd01cf86,1266,1265
train,0xde4979ffe5c5c154f1b736960f60ccf0cd51f8ad,1174,1173
train,0xde5bb4b67b64daa2a92df3abf662023f06e599d8,2338,2337
train,0xde769a44d090c056e7f08436bbd422d0e4d45317,967,966
train,0xde7fa34501f5e48befa61acaa9da237d417984aa,345,344
train,0xde86f709f9001a155a4a7fd40f0f4bcdbe41b4db,249,248
train,0xde8893346ce8052a02606b62d13b142648e062dd,550,549
train,0xde8faf11e8cabcfeea67270cdec67489383f38ee,708,707
train,0xDE9AB41040A1FE5Ea59e89d8f02e49F514532538,659,658
train,0xDea48D521832780f5e437F7f744c94d2CdA85Af9,70,69
train,0xdea6d29da64bba5ab86a7424ca894756e7ae8ed3,2858,2857
train,0xdead0d70e02ae02076ddef2ffc52c12c0991f4bf,555,554
train,0xdead49c9398a34ca8bacaaab0e1af098f0b20733,6637,6636
train,0xdEbe1246e27F8B3ca6F12D86648FabaAf63EEC29,1990,1989
train,0xdeda464fead5be760016aecfae245aa6a7bd755b,863,862
train,0xdedd02dd8f7af7418d587c3c2ae67e127a27ec3c,9161,9160
train,0xdEE35d7EE9e60b6db6446114367aC52D09d3dC50,448,447
train,0xdef326fd1a36bbe83cc3a39060c30197cb055689,551,550
train,0xdf07fa1b102c00124e96f18ea612bbbe553f50e1,617,616
train,0xdf0f851ce2214febdc2d111cc591246ff813087d,4830,4829
train,0xdf1b8fd37a0243924ab3d495ccc11a3b431bcc33,1431,1430
train,0xdf1c7156449d939f92a5ea1b3b5eee2402e0f6cb,350,349
train,0xdf1fe0fdf1820908258ce1618be6cc48db9f313f,350,349
train,0xdf21709ef015de7f72e9e532a22694ac0572194d,745,744
train,0xdf2a006ced0d5c33ef53f24c964e2354c75873bd,330,329
train,0xDf2b47C4A9B735502E41eC6fE386A6B9eaD7d38B,833,832
train,0xdf2cb77ba68a8c2bb0193126b9659b1572dea170,350,349
train,0xdf3390866c6af5c1ec56fadd2d152ed7de9137df,539,538
train,0xDF35a8572E8c107E17803f7AF2Fc48B6c226C6A4,1531,1530
train,0xdf44d0206c234931a1a6c6dc3fac87c14e5694a7,1228,1227
train,0xdf4b22695eeb4a7a1cf9a42162285ce782b8427a,1185,1184
train,0xdF55fA6Bba67bB660C56D392619912d316ED2074,2547,2546
train,0xdf58f682228554d4db7aab2dd3cb82ea677246a9,2141,2140
train,0xdf5985e2e95028d413ec6fd63dec44d9a4573b50,35,34
train,0xdf5f29a28119714a00d7bf0e25f8af8dcb9a9d51,261,260
train,0xdf67e80d656db1d7e499e594ba1b12430288bb4e,2596,2595
train,0xdf71e04eec5472827f78ca3e362586b0f8af08be,1191,1190
train,0xdf77e4a81fba17e0cc39dba521aa4167f388ed7c,50,49
train,0xdF7C42c18c4BAc520dd7A845AA0d85FbB87168d9,335,334
train,0xdf83249f0f5c9926f1ee4310caa4e01c2f8abb89,727,726
train,0xdf83ae9af24336dd386993f8136594ba7c25eef5,2205,2204
train,0xdf99c7f9e0eadd71057a801055da810985df38bd,1393,1392
train,0xdfa1f97855c4f52c703b10fd1328a3d3170270ad,1529,1528
train,0xdfa71455782bc32fdfcd9f288c11d71fb4062479,353,352
train,0xdfab9f43f279bd8bd87026b84105c5d1543ae99e,278,277
train,0xdfb0fd446c8bf56e2ba87f0d37e38ace33294339,1259,1258
train,0xdfbd6a960a55bcfcf59d5925351e05a51498bcef,757,756
train,0xdfbfd64726b1b178ef8204ae4992f641f31c8248,871,870
train,0xdfc2a1946fd54fde80a2fa968fb1633fbdb2c992,350,349
train,0xdfcb66c4bdb2fc7a82a8870f3297637651f1a797,526,525
train,0xdfcfef20d0352e58155feaef9fa103c9363af435,350,349
train,0xdfd8e9fda3ac12884e35eaea35d763517bb79176,606,605
train,0xdfe7351c291bc0e49079c62212587244e1c666ba,526,525
train,0xdff21104db924b789377617ca3e28e5f410df720,350,349
train,0xdff6d9c62ecb4cf58b1caea400a7d3074f282d02,350,349
train,0xdff8e7f5496d1e1a4af3497cb4712017a9c65442,617,616
train,0xdff95d14094b92ad5dd042fdb47b6f25f33fbbaa,276,275
train,0xe00e451da1ab65beab172ef6055293c53a2c4507,769,768
train,0xe0101f0dc01aca0865769032eb077b262bc855aa,1105,1104
train,0xe010d0a52791340db3323b77700817546a062109,82,81
train,0xe04535ca0c489aad1609a460fdaa87160f7dbca1,1007,1006
train,0xe04ed83230374b51d17c96866fde24c0f99b6377,1081,1080
train,0xE05CeDD2838E4e1d99B539D8C768D6EF2a10F729,947,946
train,0xe0645704ff1b2a9320b3ebe46593debbfe417fb0,855,854
train,0xe06eda7435ba749b047380ced49121dde93334ae,321,320
train,0xe0720afa026df6db9fe9c8c63ebd119e0bb7d3ba,664,663
train,0xe07a4f63b2151836985e5e4c81cd2ea7252d16ea,345,344
train,0xe07ab73a2acebbe3202a9a4cf7c89dd528049152,355,354
train,0xe07c44a35650e445289cd9fdaaf7fb6a9d734471,1211,1210
train,0xe07e687dc4b244d574f37490948c7f4aa921d958,1839,1838
train,0xe0926d8b00b237ad46b126d4b7cf08e07a350c01,399,398
train,0xe0973da8c1d31fc4019628ea72a56c4f041aaa4a,95,94
train,0xe09b8b76bc46e81980d74755b83e835cf4b2d0d1,815,814
train,0xe0a04696a6aebaec5f740ed9b2a347b14573fae5,495,494
train,0xe0a416c61fcf88cddbc75963bf75e0c8b696f324,308,307
train,0xe0a8a9b7c821d9bbd66b826129d4cf1b219ebb3a,1099,1098
train,0xe0b1bb3d16aba1ca1745005646ecb9d7c859c60f,8537,8536
train,0xe0c72452740414d861606a44ccd5ea7f96488278,420,419
train,0xe0d1c0926fd72107b866c1ba5dd2245fcb51eee7,1129,1128
train,0xe0d5e075a2fcf6a4d8f64cddb64b1a20ad693695,350,349
train,0xe0d95530820aafc51b1d98023aa1ff000b78d8b2,402,401
train,0xe0de6bbc6589160e8539230eead301f8481bc1b2,384,383
train,0xe0df28a8101ac61d83b33f68371e93d731712c9a,613,612
train,0xe0e1a37a7ee3d3ffb341df471637ae108a0610ae,1408,1407
train,0xe0e3Fa169fC59DbB5ee29A3c19920BFdAB29480f,414,413
train,0xe0e73E8fc3a0fA161695be1D75E1Bc3E558957c4,1547,1546
train,0xe0efd668c950e6d286bc1c5b9304f31632708656,1190,1189
train,0xe0fc5d52576e05dd7403782ba1d9a7fc82cf2825,1745,1744
train,0xe0fca8c3a622661e0bf7fc220a3bbe9ab3a72b09,364,363
train,0xe1193eda7496ec8c0364cbf309c281cb300ae220,350,349
train,0xe1212d3f00ea83ad8c0ae8ea65fc3098ecf9d034,350,349
train,0xe123d4103e14edd84bfc2158f8d55c1c43f9efc3,340,339
train,0xe129417140b1b4f5f3d5dcb554ddeb8d89c04a92,1125,1124
train,0xe133a2812f63C8DC8C313Bbe7723e9974fF4598c,3130,3129
train,0xe13606ceec4f15bc96624a4dfe12b746c6e8fc48,350,349
train,0xe137da0a88e299d5086f1ebf3c224386d82a0b16,521,520
train,0xe14620fdd87fa5717faab731a37abd813ef1e33e,350,349
train,0xE15422570cB3Cd88Bd7eF87f14c6cA7C43F77398,691,690
train,0xE16A134446E895b001D34A48A8de08B330AC5Ef6,1972,1971
train,0xe1754d039c839192ee193d5cf8406fb24fcb421f,771,770
train,0xe17ed6dd14bbcb5a3660a025453bb81c720a2dab,460,459
train,0xe18c9465e6ed5cb3c58a316b990e0d17fb946eca,2249,2248
train,0xe18e8327ae9c49faf267f7b0c93d08153f6b1ac9,576,575
train,0xe18e9ce082b1609ebfae090c6e5cbb65edac5855,1524,1523
train,0xe1b32233d08a6250aaea20f7a841e0f22a4bc0af,944,943
train,0xe1b5507d1dead31583ee382485bc61d2b5ac6ceb,1048,1047
train,0xe1b6898ea89337e56cca441bad6e071ec970999b,581,580
train,0xe1cc1e5a679cbb7c6817a0cfecdb7c7284e8f47d,523,522
train,0xe1e8eabd8fcf08ed50ae1f2ed4710c1a1f38542c,397,396
train,0xe1fee26c5fd6c6e58cc1cc976e4eeb63b9b3e44f,496,495
train,0xe2029478782a7dc5f6185ca740af584da7a74374,350,349
train,0xe2178b5a8a308922c97c69f7354acff525f2f3d7,1537,1536
train,0xe2218Ff7c0CF2549eBf9F88C92bD75354C242004,1202,1201
train,0xe22a1b2e1444ccdb730a58930819210ec75adc58,230,229
train,0xe23cd160761f63fc3a1cf78aa034b6cdf97d3e0c,848,847
train,0xe241E3bAB1B70436D0F156bDa122a033B83F8540,1547,1546
train,0xe2454843007a3a9d936fb8fccb7b49fa5dbec600,765,764
train,0xe2492f8d2a2618d8709ca99b1d8d75713bd84089,702,701
train,0xe249e7a6f5a9efee03b4c5090c77245ef6fe0f5e,793,792
train,0xe25441e235e99739b9a2f67e24a62354c0c49286,350,349
train,0xe256bb0b2a3457e54db3a41cf5a8b826aca222a8,367,366
train,0xe25b0bba01dc5630312b6a21927e578061a13f55,1059,1058
train,0xe25c208bbef3ee313e841340e91db2d873f104cd,2141,2140
train,0xe25deffe1e7464bad53b3885c6c0220ce90e57db,379,378
train,0xe25f0974fea47682f6a7386e4217da70512ec997,296,295
train,0xe2615137c379910897d4c662345a5a1d0b91f719,729,728
train,0xe26517A9967299453d3F1B48Aa005E6127e67210,1026,1025
train,0xe26e90598190a98c92c75204c9a4ecfe5983f8e0,50,49
train,0xe29418e04be1c79c1b9e4d076229ca70ee07403c,483,482
train,0xe29cd51e9c816181bd51d1ab781c3556205d44ff,722,721
train,0xe2b7d18eb4a6358b78483ff095408f240a96596e,1319,1318
train,0xe2c78ad6bbbd5bda29b98d47fef86975787cdbc4,915,914
train,0xe2ccc4f900bf1d74f76e43e5434c221ecc6a8a52,1095,1094
train,0xe2d7989f2d13f08515a3a3b6a02dee2f583c9fc5,1320,1319
train,0xe2d82dc7da0e6f882e96846451f4fabcc8f90528,748,747
train,0xe2d8337423519a95eb38d6bce22ea5e8784e79d5,272,271
train,0xe2e2808d9635f6e8e7aa4ea933dcb9d78a00d1b2,1010,1009
train,0xe2e36080d4952ae9e90a9bb87ec2c9a1e7781976,1053,1052
train,0xe2e5d0e1422e927abab19ad2067f802ad07fb364,2283,2282
train,0xe2e6d4be086c6938b53b22144855eef674281639,522,521
train,0xe2ec35fc994bf5b611a6d0daf8de109866c873c3,436,435
train,0xe2f45f1660dc99daf3bd06f637ab1e4debc15bde,1183,1182
train,0xe2f71caa4b28e462e10ddf3e7771b88570a9615b,361,360
train,0xE2fA3d7B292c216390AbAd4c625d5f2524B85A1f,617,616
train,0xe2fb6529ef566a080e6d23de0bd351311087d567,1703,1702
train,0xe2fbdbfd5b72729983d26a635a9fb38ebcff022b,350,349
train,0xe2fd02741bcbf34723320fb80b77ab4ff82d7979,364,363
train,0xE2fe5E7E206e7B46CAd6A5146320e5b4b9A18E97,388,387
train,0xe305312618fa07a8a95643f3d79e5950d0b865fd,249,248
train,0xe308310359e04c4c95dc0a72c92c3fe35ba1d8c6,59,58
train,0xe316449f4666219b9479bd61eceac7a1ef74ce94,345,344
train,0xe31ddd7fbcfe592c2e3d397f51feb19b5a2126f5,957,956
train,0xe324d1b4733ec3569f971e95fa16dbbaaeca5496,642,641
train,0xe32f0a9e5a391add501c37d4672dc8b30b991a54,333,332
train,0xE335936435D176E78D8b4D675BAfbc575Fb560ED,414,413
train,0xe33b2e29000e91c3f068bc4bf2fb6e2f698e1d85,413,412
train,0xe3418614cbd19d20a6884042754d7e5ff3648ab5,619,618
train,0xe34443095f78099675b165f07559e9b48450c77e,86,85
train,0xe365b3d6cd69aa6e530c9b5a4b22aa10892273cb,350,349
train,0xe372dd32e141b019346f8ee8527d3049105a47b9,355,354
train,0xe38165c9f6deb144afc9c32c206b024817e1496d,565,564
train,0xe38351dabf547c516bca0a5ff946760b24c4a234,399,398
train,0xe386B139Ed3715Ca4B18Fd52671bDcea1cdFE4b1,1953,1952
train,0xe389b6db10b3d5c67234cdac2bb08870a3174a05,784,783
train,0xe397d8c42bb3d94699859cf33a4b37bd1960f630,1216,1215
train,0xe39a50eb53bf2d9cfae7dd6a33238d75468d54c1,304,303
train,0xe3a024cbe6af5ba6b8f765aba543a32ad764bfa3,952,951
train,0xe3a1444d1fbec81739f33633ea91afa772a00cb4,1768,1767
train,0xE3A16b3868F41BEA2dAA0fDba069DB7d6065c1f6,3339,3338
train,0xe3a522474b86c2c01d819afc753d5a76ff35e5e1,915,914
train,0xe3b7fb25d7e61ce01a43c8de9fcdd7bc6568fc5e,586,585
train,0xe3c61a3bff7cb03ddd422258006fddd5ba1ed0fe,397,396
train,0xe3cc697219a23cdc24df5a3b7f35497b8f3f153a,816,815
train,0xe3d37f8cca76d5ba9e936f5b19ff0e5e93d29d98,350,349
train,0xe3dfbd226c83d60a58b867ea9089dee3093d5a38,155,154
train,0xe3f4383c19dbe7436261e63dd811e43dbed29890,605,604
train,0xe3ff511d558d5476eb535a23c92f307a4f98c3fe,818,817
train,0xe3ff729f9a801168c120ffc1d7ab2267f5881bf2,350,349
train,0xe4089b2e6c1bf4cb3dd267ed3b7fc98362e80e61,537,536
train,0xe40a5c4b1486c8c8b4ac7a4237fd0ecf92842498,677,676
train,0xe40f742ebb964b23f6a4b2bb80d4bedfe047f3b4,350,349
train,0xe40Ff9509E9e82E4F643E472513f6416c7183F67,1919,1918
train,0xE412189dA2dfa188A1A61633114b8732BbbFBA19,661,660
train,0xe4200db994b4a672d1ea323ce39825ea751cfe57,1120,1119
train,0xe42ba5558b00d2e6109cc60412d5d4c9473fe998,617,616
train,0xe42d3e6a9ee8be4ab5062ab430e9eca9b0e235a7,1314,1313
train,0xe430be39098b4cb1897cd07c439edff3e23c8f29,1292,1291
train,0xe4339c83ead9aa168d3fbfb43384a13b2df7766e,1391,1390
train,0xe434e0901ebd0d6a1b2a92b2495b23b83c0851c0,182,181
train,0xE43E2041dc3786e166961eD9484a5539033d10fB,278,277
train,0xe43f82bd5dd75fce3fd35000f5fca11a9c9ab267,938,937
train,0xe43f953a39a4681ac36f72977ec6998adc3d9f6a,1010,1009
train,0xe455a4a6b8ab16c4a3dcf89ebacf0e7b1f0d10de,551,550
train,0xe45f4e9cbff8082130b941569c688932782682e8,352,351
train,0xe46340f794e95775a41d40d5031bb716f99120b3,1409,1408
train,0xe464af04c151a345db70087eec4b604bddbeea08,1319,1318
train,0xe46912a20a7e84da7f29cdd6883aa71a7864f23f,615,614
train,0xe47014f16c55ddd3add5b68b951e10fcea7da686,69,68
train,0xe48c1e53fa9c9d204e1c9c7a94937bf9fe1390e5,350,349
train,0xe49203f0adaa0a4fbfa7b5ab59642e43dfce11a9,350,349
train,0xe4988bc7e3273f9357128a23088b31bc4d26ab9b,361,360
train,0xe49b7e5cf4da520b7ff5f22f1cfa700f66f7de9c,668,667
train,0xe4B2AcD9d84E29fba1939a76e15F4Cb530CBB52c,2457,2456
train,0xe4be6048244a4ad5e09bc1614e76fd231a962125,498,497
train,0xe4bfe227dd8d0de90a1061747f6fb6a0b3b83561,6713,6712
train,0xe4de70d24363ecb2550b4b9936139c42cf44cbb9,94,93
train,0xe4E56E144ba462052C30A096BfE4dcF3EaE40Ce3,1168,1167
train,0xe4e821c1aef1d3305ade82835853d87d2705a992,2392,2391
train,0xe4eabdca81e31d9acbc4af76b30f532b6ed7f3bf,85,84
train,0xe4ff39460ba2662f5c9b0264b17f5985ec79cd06,404,403
train,0xe4fff4564eb19c290cc031270219fed6c9b271ff,544,543
train,0xe50365f5d679cb98a1dd62d6f6e58e59321bcddf,1270,1269
train,0xe503b42aabda22974e2a8b75fa87e010e1b13584,209,208
train,0xe507c467c0f63845eadce5516c9ff5e1a5ebb63a,599,598
train,0xe50843b6c0e58961538df4b5ec4e28c990e032a3,1230,1229
train,0xe51601f59a610dac06868aa711a05e9a4e291256,611,610
train,0xe520035ae79e2cda8b9c1983fe810ea57bf5ccbc,1787,1786
train,0xe520065601833014f7e7a5ba33a5314421fc15f9,278,277
train,0xE5221F29861508d7556249F19924Effe391dB237,372,371
train,0xe52e80c7fea06473d05eb0a0982fcc624241d59b,677,676
train,0xe52ea4f65df97b76f75916cb95f4c646efd9a476,218,217
train,0xe54a11dc70d4c048897ff9d07bfb181ad78ff37f,409,408
train,0xe54bd50a40089d71d1e43886f74c0eee8806b971,287,286
train,0xe554056146fad6f2a7b5d5dbbb6f6763d58926c5,1152,1151
train,0xe55624d839e48878e7bcb141cb188fdb2694bffa,446,445
train,0xe564e0a6a545671d29ad690398c9e94a398434b3,2370,2369
train,0xe56994e5be61b79402d204a5550843bd01ff71e9,264,263
train,0xe569B660732EFa6a1240636964fd4d55AeC8B6FE,1547,1546
train,0xe56b18bc19e5fdb719dcd0d994e5df92942edf83,378,377
train,0xE57A41170f18FaB3248D623F06BD92b32260fae2,355,354
train,0xe57e766ab70459d07a46f8a6113317ca4abdb214,30,29
train,0xe58433B402d8db6a0Ea48A0feabB948Cf4b6A7c1,708,707
train,0xe585e931fae583133e8a5140ce885b95f3bd9b89,1809,1808
train,0xe59015e2d097b545f0b1701c64310f98e3600495,1203,1202
train,0xe5975de205854b3a913b7cb157b7c1ef6f500336,82,81
train,0xe59b24a18510224234f84f5d8eb155b04b4933b8,659,658
train,0xe5ad91cf8999e099fd9aa5d9399bff3d0a6f7612,159,158
train,0xe5afc5c92c8a789cad1cc41189e3fd370478a97e,350,349
train,0xe5b70a2ce2b507237baa81c98a5448431b1e8cb8,433,432
train,0xe5bb2aa9e4d748439a66c0f5350257abbce4d8b6,1267,1266
train,0xe5bc02fe7f2ed6a76a95219ee4d6555cf90c86b3,319,318
train,0xe5cc7139002fa9d7d0caa1ad5e739da85779afde,353,352
train,0xE5DD8C28b43a3c46D62fD79C1f39EdFB00c20062,1547,1546
train,0xe5df61285e8492d1d4dd6e4651821383512f012f,5315,5314
train,0xe5e8fe988702166aee3ca05f793d50140480bdd8,350,349
train,0xe5f166c0d8872b68790061317bb6cca04582c912,986,985
train,0xe5faf5c077fe103137bfaeff614804f282d0c344,361,360
train,0xe5fb864cba6b781d6f37b8dbc4f8e33461328b5d,770,769
train,0xe5fd790e2c2d37632788cc59d8f27cc3c46e148d,350,349
train,0xe601d4981FA105fEC023622bddE3f07C774b421F,54,53
train,0xe605fd0341f4252ba769a2f0bc986af87ca044fa,100,99
train,0xe6069f1c9d78ebc232c1726bf4faa727d83ae31d,9,8
train,0xe6101e8f83a0ab40fa228d6f4136a80d734055b3,1899,1898
train,0xe610af01f92f19679327715b426c35849c47c657,162,161
train,0xe63760e74ffd44ce7abdb7ca2e7fa01b357df460,330,329
train,0xe638dc39b6adbee8526b5c22380b4b45daf46d8e,1395,1394
train,0xe63ddba89e0615c40803823567643d0a10c31adb,1768,1767
train,0xe64287516518eda9f7092a0626cba00baf21a301,223,222
train,0xe648ae88a6d9b3373e115e3414be91b7cf12de4c,4448,4447
train,0xe64aa1e4301d85ecaccfc15e4af887a1fe6f5f56,373,372
train,0xe64d5f33e28387855d33980719f27f0d579392af,2400,2399
train,0xe64da7e80b111020ae8c6cfb611eec8582151728,350,349
train,0xe64f9f5af35ee8dd53f0c503e55852e169de3b6b,168,167
train,0xe652459d2802bae508b81698f0906b0bdcd4347f,224,223
train,0xe65c53087e1a40b7c53b9a0ea3c2562ae2dfeb24,85,84
train,0xe67218db143d95b14dee3673dcef37cb55f0cf3e,1821,1820
train,0xe674746a7bc6f53eb48caed0c810c669c705cad2,966,965
train,0xe6766297571f8693adec94e5f8ef363d323e211d,952,951
train,0xe67907329dafd1ff826523e3f491bec8733f7376,307,306
train,0xe67c521dfe132c624e8548c733954407fcb5ec94,1798,1797
train,0xe67fdea704d87f0cda366b3359590f6bd40a0b6b,1465,1464
train,0xE68150D4bF6Dbc8bCb2a6a5D4Bfb2E89e7BAb915,578,577
train,0xe683c31d91d73ae12770cc7082511846ea66f8d6,1146,1145
train,0xe68b7aa92f5a71184bfcb42f2a5ec5711e16afe7,781,780
train,0xe68FBADE5D102aAB1C8D7b29bc77CB78Cba08781,1990,1989
train,0xE691b7FF3c9fdDB8C2437412208EE4816ABa7258,1691,1690
train,0xe69a353b3152dd7b706ff7dd40fe1d18b7802d31,1347,1346
train,0xe69d40Dd727f7FFb51Be789dA1E6002d93040151,350,349
train,0xe6a7f0f56c1b6005cf4ec31d9100a6c6d29cba0d,350,349
train,0xe6aa4bfed63309ce503771e7f644f24cf14633b8,2090,2089
train,0xe6ab84ae7091cc00dd324b7fe9cbc1c92223004e,387,386
train,0xe6b1d6b35846bbd236e69191f3582f51e6403507,1853,1852
train,0xe6b6aff05d0a282f7de4f6ffb35a2ed9943728e2,764,763
train,0xe6c243107bc13ed2479866f651d9b11fbb74cd98,350,349
train,0xe6e0ef089e782df8fdaf8307563e4ce4ebfe8837,640,639
train,0xe6e519d4faa66f6b449a840b211305644696cc37,399,398
train,0xe6f74dcfa0e20883008d8c16b6d9a329189d0c30,558,557
train,0xe701cd3329057aea9d54300ddd05e41b8d74727a,500,499
train,0xe7142edb1F51750A0b1d817c3AbB95979beA9aA0,697,696
train,0xe72e96162204097b325e2a99bef050824cc17fdb,403,402
train,0xe730f31d7f6bcf5406931b7e680c362c2dda303c,1314,1313
train,0xe73782d42ca00987a9e81424ff0dc235e7bedf93,350,349
train,0xe74e7bf8ecbb8f89398764a23c2a4fc0f8e6343b,1214,1213
train,0xe750bbc8d86b7c88f9a6fda0eb8dad4bdbf48e22,1271,1270
train,0xe75178c6fa2b0f1903145277413c32a00eb8c201,1377,1376
train,0xe753448f1a5f40eeaee8ab4c36666efeff6b3a24,1321,1320
train,0xe755f2Fa95e47C5588C3037dD38E1268fa5FCecD,508,507
train,0xe758421818E3FC974730292C0704F7b77DaA791c,1547,1546
train,0xe75ad3aab14e4b0df8c5da4286608dabb21bd864,378,377
train,0xe760a89967d8c7fa638eebfc15a77ba107674021,609,608
train,0xe7617c36fb3837d673b704ab5acadf839394a9c3,359,358
train,0xe762da33bf2b2412477c65b01f46d923a7ef5794,945,944
train,0xe7660e908b18909cf67013bcf8193679e7a67407,51,50
train,0xe76c45c5f711717fca4c284b07ad881382c321a2,350,349
train,0xE76DA4946fE8bb6e65D7e7B0F0Fbe3D9ABa41Be7,347,346
train,0xE76fEd93683Fc5634CF82678Be9B161505104EfE,1894,1893
train,0xe778b6bff2da49cdbd7d0eaa6bb22afef7738d76,570,569
train,0xe782146478f5d9f3ecc77a77c429f2941dced0f3,350,349
train,0xe78819cc710d33182beea605118f5f492c3415e7,350,349
train,0xe78a4Ed7A2d50C7206fEa45dd7418B71a6dE943B,350,349
train,0xe7a2b858639fd53eb48a33c0e0c8974a7dd83a4e,689,688
train,0xe7adda861e3297386040f06c54739ae1d1627d53,350,349
train,0xe7ae9dc8f5f572e4f80655c4d0ffe32ec16ff0e3,613,612
train,0xe7c8635bc387994069f7b7f25b89534c67727a01,166,165
train,0xe7D3e4413E29ae35B0893140F4500965c74365e5,710,709
train,0xe7dc501cb9ca414cf9211af214d5065ca3a30768,3557,3556
train,0xe7df28376f0c44b58396fda253132321021e08cf,398,397
train,0xe7dfa3fd5cefd9c07fe88485b6f196ba7f8ac48b,342,341
train,0xe7e0bb725a6c1ed81b89042b1d37756b21db4958,311,310
train,0xe7e9009df1ba468559fa2e617820c0f6b438b19c,544,543
train,0xe7ee20bc30cc2564decb071ecee1b15ed71e3e6b,1131,1130
train,0xe7fad78cf9034b36b6a7dc2951e5acf8d28e4dc7,1413,1412
train,0xe806531A622CA96A1111C5a3eB923613813Eb73c,361,360
train,0xe81142e1af4a76838220441108a5dc84ea0b5bbd,350,349
train,0xe8200511F3C276fA7300719f9B45301Bc471f4fB,382,381
train,0xe82062f270dbbd296ec4820845129d874ea35ace,364,363
train,0xe82180c13c4f7adaeca8acfa24d08e844ccb611e,89,88
train,0xe824055fefa7beb658a8656d32ca48d658cd6d3b,560,559
train,0xe824ebd383959064ea47372182acf47e0311bbfb,760,759
train,0xe826783d800174bb643f091f599271eead159ba0,365,364
train,0xe8272288c2637b85a10f67031d1a970eb27e82fa,756,755
train,0xe827f10338c6e9097c7513823388bdb8c20658ce,350,349
train,0xe8433116974b18a50636f030f6635e3870220d5c,755,754
train,0xe848bf049b34a47b01d869e0c3d0950ddbd460e7,396,395
train,0xe84ab07e88df4e56aca476b7e5dc341c6104d979,346,345
train,0xe85783513c3818E3637fE42Ce84fa488F8AdA644,335,334
train,0xe85b843180efce2de43aa6adcf04af7bf1f50c79,397,396
train,0xe87412bf364ae1b2352252c6957f4a89d47bc3ef,350,349
train,0xe88452316a1f6f0767bb04270c2de5844c78fd63,217,216
train,0xe8868e87aaa4a0d0751691f9f33b0e5da7127039,1168,1167
train,0xe887d4FCeD09cb2904dbA4f7Db1cC46e29d39579,629,628
train,0xe894d2b82df198822ede0918e8c1c2fe606d14e0,308,307
train,0xe895ca33788c5812119ae5f5c98a78924931f2d5,2652,2651
train,0xe89dab11175b1f66571f4c25153464d55dcf864a,1057,1056
train,0xe8a51be86ad96447d45ddeddc55013f25157688c,3429,3428
train,0xe8aa056415e56280666aa77e313564ab2e99d79c,713,712
train,0xe8b267068225a57a496f1fcde2eb2acf813a66be,368,367
train,0xe8b55deaced913c5c6890331d2926ea0fcbe59ac,1138,1137
train,0xe8bbf054b788c98d9993be5513254d6b64a1ba97,4830,4829
train,0xe8bca6afac1d7fc5d32d3fd55e64f4ee1d2d6341,361,360
train,0xe8c881422ca4c2ab9a9bc9d58e75178e0e28eed5,417,416
train,0xe8f90ca193e4adaa17923cdd94f85632db2fb925,299,298
train,0xe8fc7e1973496848fcb486c5bb880f68487ea0bb,556,555
train,0xe903ff4dd06cdd680dd78c18b83ef5f22084cae2,357,356
train,0xe907cd4c2f780a22d4fa5a36936e2deed67fdc7e,2109,2108
train,0xE90f27fC4EeDb1826dd9965A3A7920DE6e3Cd953,1769,1768
train,0xe91125f34fcef2854a890dcf02b74cb2dcbe377f,1066,1065
train,0xe9116727b4378adf09d4e12dc6698495e6b5d68e,611,610
train,0xe914e10f1c9c30c89511f4e7a0f5f7c9c46d6e10,423,422
train,0xe923dD860176d3ef69D7852257cC773900807f7C,985,984
train,0xe928788c7bc75bbb3f2fc982474a8440540101f1,391,390
train,0xe94327d07fc17907b4db788e5adf2ed424addff6,727,726
train,0xe945073fe198ef52f1179bc8ca69b65b270fcfc4,1953,1952
train,0xe945bfb9cee4103b0026565eaa179d3bebb53c4d,409,408
train,0xe948fd9890862de8f5df8dffe5e020923139cf5e,350,349
train,0xe94af4c7a2ea529790b84fd4168745aa1336e30b,102,101
train,0xe952768a028c78d11a6827aae8671ca548c19dc2,353,352
train,0xe9623b5bd5847497949433899f5d09fdfc22bb45,672,671
train,0xE97D24Ff34b98c70A18FfD62012eAAe932FffA02,1223,1222
train,0xe98fd877793e799c0f7b7215cbf26b77b2964891,1150,1149
train,0xe994c93026b13337fda5a96c4141e2e3bc7c47af,8589,8588
train,0xe99a76d5fb19bc419d72f355050045fad88e060f,569,568
train,0xe9a3217b3e9c7384dd62c0159ab05ea00ab4093a,4098,4097
train,0xe9a79ebfd3406a7f05a8dd01291e9ba921a83753,617,616
train,0xe9aec9c2a03d06243fffb907f6ce377e3c5c8936,1097,1096
train,0xe9aeced8ed2abfa6ac913259eada8e3603d10e67,1827,1826
train,0xe9b77a61841ba3aef2711ab6691e1ded4b3eb22e,404,403
train,0xe9b9480767774ccb29f3502629bfab1ed74bee36,2272,2271
train,0xe9bfedb98211b3f0393e62a9a4c342b32757f38b,350,349
train,0xe9c021d1c14f28bdf0016260b552661b9e84aac4,447,446
train,0xe9cc6f3434c81c003237c12f012339d5878f30cf,350,349
train,0xe9cef5d87dbe063c0ed3194bc8830227e1916d6d,454,453
train,0xe9dd876cbdf084c500463f74f84a430e2aa327a4,350,349
train,0xe9e2a26b56cee3f832e7b6c044a26ddcc9760d52,350,349
train,0xe9e74BAe31892B6B1c000E009c93438DbD14d723,1306,1305
train,0xe9e9fe9b6a3f02c89960d0a256f2cda77d76f80d,1456,1455
train,0xe9ef26c4e9761e2305f455a0e0d4cd286e2d13a1,1683,1682
train,0xEA06c9cB0d69058468387F283e9A3f61c53e3C21,459,458
train,0xea0822a17b62bf1be91fa8c98154ce42a87589ff,182,181
train,0xea0a5a41e00d530fb9ee6dd87250913b95a00e40,3369,3368
train,0xea0c348a297084bffbddad7f89216f24a2106e58,2353,2352
train,0xea10dbb913be92c378776c596b1d14d2d78a11da,361,360
train,0xea10e348a32d0e8984c4fec3735813777bc0cb5b,933,932
train,0xea290661Fccb1C9F99439C9D5833a773B931f567,335,334
train,0xea29ac8bf5001592178f6cd1275a1d0433f94c5b,258,257
train,0xea3be67a30325e665a86ea4149c781b20a81e07f,699,698
train,0xEA5725B707bF8605240Ce1b123c9E580F460BC75,523,522
train,0xEA610B1153477720748DC13ED378003941d84fAB,547,546
train,0xea642206310400cda4c1c5b8e7945314aa96b8a7,361,360
train,0xea6aad9f0ce27296996573d77902eb75221ba376,661,660
train,0xea7A3213b47099E3368F8f9A5f382540C80c2eB9,765,764
train,0xea7cbf19027087ba91ad110e95a5c2a532d35100,691,690
train,0xea7f3bebf04a367cc41ae19e7f2ae7de4bbe6e3b,794,793
train,0xea8065b4eb4180c94f0e7874e771ea3e2d619e5b,344,343
train,0xea84b8b889ee41d9c05c14e20e4ae1c59f8d1a32,1390,1389
train,0xea8573b522213211641968cf370be869cc8578ca,1072,1071
train,0xea88C23690b9F12ac6941E8a229aa4f94C72B8Db,88,87
train,0xeaa76f1f32ced565c78bf1d57546002a0b0d9684,1512,1511
train,0xeaaf270436a0ed397ed23bbf64df7b1dcaff142f,771,770
train,0xeab33E3394c51c1320133864D40A72B3295ff063,282,281
train,0xeabbc00b9ff8938bda4e7cfd0351330b51dadc8d,477,476
train,0xeac3cf28cc9bf82915804325ef9e05ac65de79e3,1098,1097
train,0xEACb2b911c87259a2e801e2Ea01Eb69041Ddd223,403,402
train,0xead504431dcc01142c0b9cdb9367b57932672079,169,168
train,0xead7adf1bf0df9f03b15429d82ea1f70ebd619f1,401,400
train,0xeaf503fd64d0cf9278f29775b78c6f31001ffebc,681,680
train,0xeb1825cdb0cc0c7d7392d1c233f7785b81ce915c,1335,1334
train,0xEB2b6D80f24c82071E458B86c94De8E16982dAd9,3403,3402
train,0xeb2e1d2f394cadbd2c7cdcdfd4844bec2f5fe290,551,550
train,0xeb30a60c199664ab84dec3f8b72de3badf1837f5,503,502
train,0xeb30eb5f931f5e794d1d19050c1514499327685d,673,672
train,0xeb31c53605b2294fA5476326641d4A78Ef2394aB,28,27
train,0xEB35A696Af4cf2E18203781DB1c7607ADBaBC251,1171,1170
train,0xeb3b2fa58be2bf778b3f4c715ce025110875105d,823,822
train,0xeb48afc1f0bcd8a3fe723dadd48a7b61e11691c8,551,550
train,0xeb4e41143aaa24d57fdd9d2f94de01f8a98849d5,265,264
train,0xEB53b08B8AdA4145534aeCD9a2E4b508754e0760,1133,1132
train,0xeb5518602c22154970fd43447939b1dfef053b9e,1956,1955
train,0xeb58ed265cb0c906b5c19072fd52f9510f6a7d66,290,289
train,0xeb61a78f06fc606d82892a38ea581c2bb7f82570,103,102
train,0xeb71e963645f1e76f233f70e1b0815e8f089bbc8,648,647
train,0xeb73cc4f11643666a79c34925886529da67f4fe6,379,378
train,0xeb90dca0adfabfe9571012bc1f6cecd663098962,1291,1290
train,0xeb9951021698b42e4399f9cbb6267aa35f82d59d,913,912
train,0xeb9e96b7e6ed26e234d868978aa84a4e81cca0e0,609,608
train,0xebb717bf6d269ac0aa8b7b7dcbb1558fe045777e,582,581
train,0xebb90a6c3e7bbbf0ec32a0d0ecfda79aa983b1ca,350,349
train,0xebc00810c5ca56a8bcd7d5129e0e95615f096a42,408,407
train,0xebc71036a37451e87cc43af8ae7ac123aa750dcb,676,675
train,0xebcd512f57c32c879dd6a09552d2af53349b423b,1202,1201
train,0xebdc00fc405ea11dd8f7b2db0b50131881d4f720,1370,1369
train,0xebde1cfefbdf9eae2eea69a145ddb82cb71e7651,2279,2278
train,0xeBdf586B5C2283156894e7E4EF8a29CA8b132830,343,342
train,0xebdf7041bbcfa71cd9169a07d879e54a959a4089,650,649
train,0xebe4ae53ded660525c6f4e79abff504c5e111553,399,398
train,0xebe87cde131154d0f6f96a8feec600c2f2ff47dd,2198,2197
train,0xebed4ff9fe34413db8fc8294556bbd1528a4daca,515,514
train,0xec020bd391caad3f3a31ff10abeae099476a6c5e,544,543
train,0xec203ddb210458df139d02a62baf49ca36a0b8d9,1794,1793
train,0xec2bc359460b4421f8a3ca3d6329a9a213861be2,1499,1498
train,0xec2c57aa0c77ebb5ff3b85a8ac964087ca295c92,38,37
train,0xec2ca0ef7cbbb49d5305f2f85dda24a9c5eda305,370,369
train,0xec3193af31550191439b15197440bec768767cf4,350,349
train,0xec33fB8D7c781F6FeaF2Dd46D521D4F292320200,1570,1569
train,0xec362bef9d3b0b2875260819388d8ea5a59128d7,350,349
train,0xEC3f61c627A67a01a40d189F7BA65F478E3aee39,293,292
train,0xec41cdb6ca4910486d875a2cf1fac1159d1b2bdf,1275,1274
train,0xec491c1088eae992b7a214efb0a266ad0927a72a,746,745
train,0xec4A8dBBc717Af02E570B3FBA82Bb13b83C3D32d,818,817
train,0xec5d12f5afb106e97d7a97c86c2b373d3bd2e815,741,740
train,0xec5dbfde5a2f1904123b6fcaa86815ff095c797e,350,349
train,0xec6708fff9f9b579ebd5b783b681968203c843cd,1134,1133
train,0xec6a71b8da52bee269ef3fcc009aa620686f9a6f,660,659
train,0xec74d520e6df528bd3f560508ff6735188b42bc6,589,588
train,0xec7523111e219e11ca9da655aec380aab814c01c,570,569
train,0xec774fba50a0f6e19ef9af0385f7c30020a45fbc,551,550
train,0xec796d62dd915cb80768596acc72cd6a4286aaa4,689,688
train,0xec7d1c212ab40b826022433da68ea8f7ee0e9973,1821,1820
train,0xec7dB581e9903D3D053698b3451942dEd8109894,338,337
train,0xec80c5bfdde9ffd66547a80986403f5ae2831888,551,550
train,0xec8e116d8840edcd78f9f6cd108d187fd6cea7fb,616,615
train,0xEC8f9A0De90487E7Aa172Fe5291fd19Ad7163aA1,125,124
train,0xeC94d178D97bAC527FDCD4b3D4bf41b57D640c5B,347,346
train,0xeca0415f309789ade195a51988d760b6d51f5de9,503,502
train,0xeca830118a8ca1d50ddbac719760405e403947a6,1030,1029
train,0xeca8d4cb072af5d3e59b0460e072e60cd922ff7e,1119,1118
train,0xecad28a3ed5deb3863f2288d3ee93fc2651ba8af,1150,1149
train,0xecbde814d5cfa47480281d4e983ef8a7a6946ca8,416,415
train,0xecc131ebb9db7aae68b8056d137ebf6299a05e48,1578,1577
train,0xecd2f5afcf2a987e3f1c8ae7f4c1b1a60358a6ca,575,574
train,0xecd570bbf74761b960fa04cc10fe2c4e86ffda36,1136,1135
train,0xed023b117953fcfaa92150d3ebe3e987d19563ce,1423,1422
train,0xed16f9f3fa7f5f05d447d361318475d989ac4641,689,688
train,0xed19698c0abde8635413ae7ad7224df6ee30bf22,591,590
train,0xed1a5a5a71859c5eab160d4c9e1eb0d185f925e3,722,721
train,0xed2192afa8c062dfd6883759380b7f2d1dc6c0c0,145,144
train,0xed245191c54dde17b2ecaa09373deba27800a574,837,836
train,0xed247980396b10169bb1d36f6e278ed16700a60f,625,624
train,0xed2725cdfc48a24aa71d9b9621d431db0705a55a,2674,2673
train,0xED29fF5874Fa64dcf47Ed7dACb770857A5D164FB,334,333
train,0xed31b389d20884e9ab89f14a36a01d1a971b608c,906,905
train,0xed3ce5919656b9988ab33c04a0e684ec94043f5b,551,550
train,0xed3e73c01028eab954784aa5aedc97cbe2807dbb,608,607
train,0xed4a3b71bcfa6d28fb10b1d7630c15a938475861,350,349
train,0xed4ae9985461e7f54a37dc8647cf0902576ee08b,340,339
train,0xed574d920a0c152ca136717c79a352b83f3bb058,345,344
train,0xed667323cf62f4bbb62ec22038e34ed27e02a360,350,349
train,0xEd787fc6835408BFC3ea8E24dFEA1F4ea54bE982,361,360
train,0xed7da010027967365e0a7c370c1dde2f9fe4477f,642,641
train,0xed7eabc86201e647e37bb53419a7ad69bfc5b944,1771,1770
train,0xEd8c98fbC6B5f92dAFAD21667A1a221260D547B3,369,368
train,0xed8d3b7221453777f67622f5a4fea8e1b427d517,162,161
train,0xed943d75b2ff94d76f4eda892513255ef841261c,97,96
train,0xed9f3f3f22443a8ab92cbff999111b0d9380d640,203,202
train,0xeda1f34d74a750daa982653bc43914a2ea7b96df,563,562
train,0xEda8B016efA8b1161208Cf041cD86972eeE0F31E,3525,3524
train,0xedae73d8ae8b81a19439acc0591ca8b1e0072312,1603,1602
train,0xedb02890a8b6622b0b5b39a012166c16d667c44b,676,675
train,0xedb2675b05d3c89cd2800b8f23567bb77a990fe4,423,422
train,0xedc7378a93d782e382a2c76cc6bccfa4a723549b,867,866
train,0xedcbfdf37c11aa36daaa6944386e494ae00e2d42,686,685
train,0xEdcE883162179D4eD5Eb9BB2e7dccF494d75B3a0,412,411
train,0xede4b572070a80844edbd2b0fb75d38aab312e95,379,378
train,0xede79a28fe8e2edb3efb629e7396034f76c22cc3,38,37
train,0xede85cd1b56791dca6fe9f589ae1c2961695880b,587,586
train,0xede8792712d075abf085b49ebb4d80a0d2ed888d,2042,2041
train,0xeDeF91088dB5Abbe9942621b202665B09AEB4C6F,261,260
train,0xedf950703880281810e4cbc6aa6c6b79dc220ac1,350,349
train,0xedfc3276291c7ed0ebfffcb8e22381b4e4e36d32,120,119
train,0xee18db0a1432ef18f990786cb3bf3b7294345420,642,641
train,0xee1b90c203b6e0d11b090dd5b588602e44efd7b1,463,462
train,0xee2157c15a43be80faac64801ed89c8d8e2c4d3a,330,329
train,0xee22430595ae400a30ffba37883363fbf293e24e,312,311
train,0xee2972a6177c28f3efacb1862a1a8507c3f10faa,796,795
train,0xeE2da7Cb6E458ef932E9A2E21fD4Bf3515A38278,926,925
train,0xee345474eef60f5bdc7a9a4c392ccdb397fee628,1069,1068
train,0xee3e4e2467c0c5aa7b7d944881d51ccb36fefcca,2128,2127
train,0xee3f90916eec90e183552359feba969caaecb829,544,543
train,0xee44B11148486c05112d6418b987D8B8C2632E8f,1234,1233
train,0xEe4b7e6bC34A9f8069f910C6AC71dc294263EB26,598,597
train,0xee566744d093343a1c3211ae75402c33572a598d,274,273
train,0xee57D52408BE2fe49999FE09a16DC0A9e0545AeB,1250,1249
train,0xee609fe292128cad03b786dbb9bc2634ccdbe7fc,1306,1305
train,0xee66e97e13bc9acd1298c36fb21801241ae77e4b,350,349
train,0xee68907c93b57d57a1c4d60940ff1b310e18e467,424,423
train,0xee6d06df3575ac299fa6ba8350a32af6a73ce31a,20,19
train,0xee87fcb3b7d1ebe916193321f54cfefa41c1604d,553,552
train,0xee919e1ee6d08ae90ebe4dad81cafcbf05c2a98b,12455,12454
train,0xEE97c0e0bCb326065432db2c2230Fab369A0A1B0,1655,1654
train,0xee9ed0c69062ce5d5cd439681bb7c300b481315b,350,349
train,0xeea2da79d41b2161f48d93e579ae6835dcf0e7e6,550,549
train,0xeeab9b54cbf17ce0bb5b618f3bd3a20ca3cf5331,441,440
train,0xeead881ecaf0c853f4fb80498b5ce99a6df6ecdd,162,161
train,0xeeaf418943fd5860d90676c1d739eebc6d3e28fb,544,543
train,0xeeb11ca61353ff0723f058d909debcf9c5d05f88,712,711
train,0xeed27773105c1e5a885d79583f70d81cb4048cb2,683,682
train,0xeeee4c4eb88d03013e9c1e188b79a054db6147cb,492,491
train,0xeef56cf5d184794cb42b1de30455b521d5950421,99,98
train,0xeef69ecf4851f7ee36196f26da23f6229855076b,1096,1095
train,0xef188cb6cb0e98ad580e5efe69f18b423d76a1e0,653,652
train,0xeF1ebeCD5440B8e22136D2eFea15Ff4E7D62D541,774,773
train,0xef2fb3afd1ba98f9a981148ea14fca38344bc1c0,350,349
train,0xef3592044fbdeab25af71840c83c2b1236093448,157,156
train,0xef4412abb5f2c93a0d3a58fb9d3778dc7a9ffc1e,326,325
train,0xef650b86c56519826664e20198ee8211616619da,511,510
train,0xef653da843b74f855d2546b784f2de049775c5c3,399,398
train,0xef68fa874c8109b2db02c509d3cf9abcac9603ae,2013,2012
train,0xef76eea079039a9e702e83cdb5427cc77265ec78,554,553
train,0xef7e7b3e0487910d070daf28c01c0ea81b1f6733,997,996
train,0xef801f0d31d30de44103be1e35b65bde6f65b79e,395,394
train,0xeF81796941E13116b087A35C0602Aa4e3A82C5cc,119,118
train,0xeF828938155CAbfE83aFfbe726b55D188B4F45c0,578,577
train,0xef8c1338d35251f16777d42d559284fef8351aaa,637,636
train,0xefa2e92ee2f5f8da00120a8ddec92bad2a5d9b96,296,295
train,0xefa4a1ef3dd8f230c7d14e88f77dede0efdc2e7e,1487,1486
train,0xefae4121d87318c51af2a26ae615e8e2f134f9a1,399,398
train,0xefb06ec3144c82e1525c0a20e507b3b92967b8c8,604,603
train,0xefd4dd46469839867580171ee950eb20ad440be7,350,349
train,0xefe2481c6801ae124925db7fabcba71dc6da4cba,258,257
train,0xefe7d276c5a71b21ccef49408dd2870c38089aa3,324,323
train,0xefeca9792658105e8a9cd9dffea1a246711fa2b5,350,349
train,0xeffd5bddd1eb861ca4937d7822aacf65971e9981,350,349
train,0xeffde26234cab40b54af9e28268912da42c1c975,1134,1133
train,0xEFfe6FD75D397fe9A24923Ce93E8028e6Fb4c7dF,285,284
train,0xf024d1cedc65bc099c9899de8fb2cc51203942a0,350,349
train,0xf026ba160c18f5342031e25f6e93e2ba264ed64f,544,543
train,0xf028adee51533b1b47beaa890feb54a457f51e89,460,459
train,0xf02904cbf8e5134aeaf45626e96b782ed233fe04,580,579
train,0xf030b8fbe57c4498298449fc78a0f7054a5ef76d,1661,1660
train,0xf03262dce825acd93d0630d3e6ae495b7d907890,1490,1489
train,0xf032a5291ebccfefc2e31a7e156e7f700c8e6d24,183,182
train,0xf035e77d56028fc72a587f1314418545a8b0e792,350,349
train,0xf037c7d756ec6e318d814c9ca484c71f9a3674ea,350,349
train,0xf04436b2edaa1b777045e1eefc6dba8bd2aebab8,1491,1490
train,0xf045159069e4976d5636766f8705cb9d082f7589,1308,1307
train,0xf04653f213eca8627bf061dc9c4d4dc28328ff47,544,543
train,0xf048bf43b31a10768ea29b4bdbb90b9bc7f6d7af,433,432
train,0xf0498f54e449e18de67cc1239ee4007cc2cb9366,2066,2065
train,0xf04cbb1083138044e84337eb20bb6aef5928a734,1821,1820
train,0xf04eaba18e56eca6be0f29f09082f62d3865782a,308,307
train,0xf04F6Fab54e9223a26abc3260d67C040b95bC49c,791,790
train,0xf05763b9fe67ed371bcc27f8da3e86f4c7053e34,350,349
train,0xf05a9382A4C3F29E2784502754293D88b835109C,1165,1164
train,0xF05EbadcF22b4dfd49d7f3AB59fd22C9fC49AF6F,472,471
train,0xF062783C821E2f5a1d3768a20D2C281d134E0C92,1190,1189
train,0xf06c60a25e8cf551ff2ff5b8d471f334f5a2b1f2,350,349
train,0xf07376f0e3bff57116ed62e5e8e2bb1341e4b4c2,551,550
train,0xf07674f6ac6632e253c291b694f9c2e2ed69ebbb,5314,5313
train,0xf07f1362e56615f663a298a4917957d7878e473b,164,163
train,0xf0840466b8ac28ec53fb78561399316a18769f55,2384,2383
train,0xf08a7fd4f4b75188e89d0d27c2ae474858402cea,452,451
train,0xf0991730662faf7ad1f3892af623ae3aea970581,274,273
train,0xf0a924661b0263e5ce12756d07f45b8668c53380,1309,1308
train,0xf0af225fb8753146429aa996e903f3037598bc8e,293,292
train,0xf0af29084aeffbb1f63c2ddc8f03e68f9cb4de67,350,349
train,0xf0baaecc516df220be89e135f500ab5e2567edd5,99,98
train,0xf0bb73649b3309b3a61b65b94eb7616967401606,324,323
train,0xf0bd5d8f2ad69156f30b19306e35742ac9c926a8,421,420
train,0xf0Cc17Aa0CE1c6595E56c9c60b19C1C546aDe50d,334,333
train,0xf0cf016ce7504ffa257262cc686f4f7647a65563,727,726
train,0xf0D5d04797143840B1ac26D105338B712Cc9cCe8,784,783
train,0xf0da1186a4977226b9135d0613ee72e229ec3f4d,637,636
train,0xf0daec652dd7c9f779e7c0f3ff5610fa3b61f61f,544,543
train,0xf0e3ed8c38ba9cca1ab013bb6b9de822e536bfce,984,983
train,0xf0e4c86ff05fe47476906d7d8456360f0487dac5,816,815
train,0xf0ea78097b74c7ff875ab202ac6922150b7c31a2,631,630
train,0xf0ee6b27b759c9893ce4f094b49ad28fd15a23e4,715,714
train,0xf0ef48e734a26A2e11677FC420E30bA1755e76eC,102,101
train,0xf0f169cafa181b7202d1aa53e900a69d6683a25d,4245,4244
train,0xF0f31A0A83FC0D83177834Bbdce23F9fB2639818,906,905
train,0xf0f4b748fc488a755afafa1b9704ae2b3ae7a93a,350,349
train,0xf0f6caa26e92bdc7be4edb9942df290688df2aab,350,349
train,0xf0fd80b2cce26d5b0441250a0414e8174f315b73,648,647
train,0xf10848650b0c023abf0a4d92772b85aac4402cac,732,731
train,0xf10fef19e61ef739a9d2d60c520723023f7bf7fb,3489,3488
train,0xf1153aff0486931edf0b84a320c40b35bc83d856,350,349
train,0xf11c4b3885ba77ab07fef50484b6dd51f0f12a13,1048,1047
train,0xf11fa3381e5525780228c77d7fabfa9ca921d302,537,536
train,0xf121ce76c6470fa3b0a5d4240f55eff10c8b221e,1140,1139
train,0xf126248db756ddb86032febc785f6f24b7f8ede9,1452,1451
train,0xf12ead6b76562f4a76d5c10802a73465e43a30b1,3453,3452
train,0xf13f1023cfd796ff7909e770a8ddb12d33cadc08,1177,1176
train,0xF1488F98B930dc7b9eaa47874b3536944A47654b,453,452
train,0xf149230261f14f75c78206b7358e0cc391d85c98,1024,1023
train,0xf14bb2ded82de07db57481b6a077ae2c02e0381b,40,39
train,0xf15666603540fb9218b85567ee833455cb586dc0,2571,2570
train,0xf157f2232909106744caea2c3ddc8f0208be3e16,474,473
train,0xf165c0df0b759e93E6166aeCB667c7EC2a300525,851,850
train,0xf1699bcaf96c414ec69d7aaca26655c6dbf21437,642,641
train,0xf16d5733a31d54e828460afbf7d60aa803a61c51,957,956
train,0xf175C958aFdBF91a0c1981FF0510fCAA87D71899,379,378
train,0xf17da33278202c26b15e9cb523ca5f5fc8adc8ba,2295,2294
train,0xf180e0f0b8ae56f01427817c2627f1fc75202929,360,359
train,0xf1836e7610ccaed2055394577a774899e6df4909,188,187
train,0xf18873e107316daec5b2099ede0950bb20202537,650,649
train,0xf1937A3ae1a2c6B4E1531682268D89262E82f1Cd,1547,1546
train,0xf19c536ab792f173b7ee62d9ccc51f4ed6180773,1058,1057
train,0xf19eac69f9566f0b40660bd0cc16234330f38456,1310,1309
train,0xf1a30d32f8388a580c9970e50086466b9f6fcd72,533,532
train,0xf1a3dc9de80f17a22b43acecaae62f5480063111,2479,2478
train,0xf1aAB4171Ceb49B6a276975347e3c1D4D5650e5A,115,114
train,0xf1ab4F6B722E9D17aaFdd41D8FeFCf0c94EE8E67,715,714
train,0xF1AbcB53709135fee1123622179B3f46802F9CAd,335,334
train,0xf1ae9ccf3aaabb0c9ebf01201dbeeeb8c8e423de,102,101
train,0xf1afddbed214dba82cb98d46ad0a96e643f7f6f6,2691,2690
train,0xf1d4bd7419820a565b7d12ba1efff8b8df3ce14b,617,616
train,0xF1d8Fd82da98ed93bca83adBb6Ab4Dd3C44B35EA,519,518
train,0xf1d9919f0020eaa98aac4d495671f4d8d29084e4,1321,1320
train,0xf1da7827c3bb76e9cddfa2d6077695e550f121d7,479,478
train,0xf1dd5964eabcc6e86230fa6f222677cfdaaf9f0e,862,861
train,0xf1E48E34984a4D62716B50316b988Baa17a66DFE,1231,1230
train,0xf1e6b7f94bb0d70d8a19187f684e4270b0a0c989,634,633
train,0xf1ea5446f82783094da76c9cb5eb4d03ecc643f4,539,538
train,0xf1ed1fdb9f35ec6758262b4f0683d60f799bf8b6,350,349
train,0xf1f4886c8fdf3ee1fc5aced99dd11b0b593ee88c,1165,1164
train,0xf206dfa89deb5e58dc9403bb32c87ea46fe4b2b7,359,358
train,0xf207ccfe6d1b90b0b7817ce2d5d262af1514e37b,1004,1003
train,0xf20d09c6368ed472123057e7c29460ef7a1ecda7,37,36
train,0xf21abf5ac06649f5e8e7b816c7e53dc3d3cb4614,818,817
train,0xf225b1be475ca4b50706db318c12380a02537394,544,543
train,0xf226dce0d5f0e76f705c665919155fe21ef641ea,350,349
train,0xf229815bc503abc2238f6cdf5505d326c223e14c,1884,1883
train,0xf22fe037052ae0d3abf1739f6328bdad0480574e,352,351
train,0xf23C63AAc10E66b6f8988f1Dad4AFfFEF274b631,646,645
train,0xf23d93917530ab33616ac5c3494b8c8771a6a68b,344,343
train,0xf23e99c5bb288e3f63d1d139ef751fc4c04feb33,399,398
train,0xF2443f3bF2E4AC4895450eADAa3d668d64bf8132,325,324
train,0xf248680D071820eBb747aEa688B9EEff75Ef9F27,446,445
train,0xf24d3dfffcaf9f9a5dda9c57eeeb1ac0bba49c86,637,636
train,0xf24f5ce1b6c60077ba50906ccc1674d0b38dede9,322,321
train,0xf2570186500a46986f3139f65afedc2afe4f445d,36,35
train,0xf273209fe5298d721e8f07f2cb6cc270bb31cbbc,1607,1606
train,0xf278c1ca969095ffddded020290cf8b5c424ace2,814,813
train,0xF27Bac341d3d29F5da7d22E2e0aE4af385b8cec9,3339,3338
train,0xf28460e6c571f1d1e481c81dd84973f9b00e1b7b,1232,1231
train,0xf284e7b147b72200c48efd4d513309b9734a8993,4433,4432
train,0xf286fb04763394445f722bd4d314b0d6722dfe10,102,101
train,0xf2891b23512ff3735ea6f5ba5a2d314d87c65394,355,354
train,0xf28a521cc13f6698DDCF9B197608052632fC3ea3,2015,2014
train,0xf28e28be834f0daaf295157246608284e0212688,2074,2073
train,0xF29A03e88c425116C979892d475f5CDDF1F742ce,269,268
train,0xf2a4e1ab65bc09e5d0b43c78f38c5ed63bb5660d,207,206
train,0xf2ab318be5a30b150b5fd630673815a885edb2b1,546,545
train,0xf2b4020938d1ddfdad4ab50230675066dd711a1e,617,616
train,0xf2b7f622bbd7edffca61a74fe9b6efda54f40a76,220,219
train,0xf2b8e10e7b230cc55040a7a90be75c933719c507,294,293
train,0xf2bae14aa142aabfee4e9da4dd190faa7aa5526d,202,201
train,0xf2baec4108306dc87e117d98912d5adac4f15ed9,397,396
train,0xf2bf7d77c6d5ce7eb2e11e3f6da9c999b6273f32,367,366
train,0xf2bfde1eba142cc0a93f7c8821ebeddaf80e9a5e,399,398
train,0xf2c5369cffb8ea6284452b0326e326dbfdcb867c,3787,3786
train,0xf2cdf0A92075eD6DA179a2AD142021936673651b,2483,2482
train,0xf2cff4826bf8656173084e86ade7b65bf9aeef5b,210,209
train,0xf2e449491975e376342586dd1229da20c969a39d,436,435
train,0xf2e5623ecbf7ca0aa59951c3c114153f96731632,689,688
train,0xf2EAb3A2034D3f6B63734D2E08262040E3fF7B48,402,401
train,0xf2f2a1fba8f86eed1af20e06657bbb5a4416527c,544,543
train,0xf30726eb4f2d187275bc645e262221506d13b3d2,343,342
train,0xf3098debc1427adfaa49ba4bc6be69ae5eb419bb,1143,1142
train,0xf3126459e788a48feb1d98630d83c14fef1d5d45,350,349
train,0xf31619a15518dce0613a514e6672d1f84f6e7fe7,2034,2033
train,0xf319b117daaef65aaa86e52184dff52be3f9b47c,1276,1275
train,0xf32d328af90d5ac22b1bbeda4114fd15b2fa09ee,2348,2347
train,0xf331f7887d31714dce936d9a9846e6afbe82e0a0,1800,1799
train,0xf33b651109ad9d24a9a988e0242e8e3dc38f32ff,343,342
train,0xf340b180a486d9c7a7da83e8c1937258c492fc8a,314,313
train,0xf348717cfff01edc759a4e0cb198f6360975ee39,3713,3712
train,0xf34fd18dd4b8079235242d7059a2d9f0163f9d07,693,692
train,0xF352D33dC7e5828F47f3DbF7e6d30F8D3f9aA60C,961,960
train,0xf354b2e5ea679a726d0348a974971cb4697bf508,348,347
train,0xf3684cf28b28DaEE0F48D908590d78263ac649a7,1547,1546
train,0xf36ccb6465fa93bf90771b5459b0b210a2d82392,567,566
train,0xf36fb419a6bd6ebfe8a16797519dea43e164ca70,1610,1609
train,0xf36ff08f9a6c9f86906e7141dbd01b98d60bf935,358,357
train,0xf37c4a962e70d813a4d9825942141cd9bc5169fd,1364,1363
train,0xf3836bc7415dfb67b4bf8427e37705b1a81e1173,551,550
train,0xf3845122100b623323d6108bbd4cdefcab68a2d6,151,150
train,0xf3860b668077946bd2ce41a5999560c51648aa18,492,491
train,0xf39EFf8E26e1426c9B265eF351987d730b92Ab2b,1382,1381
train,0xf3a04a8523e2adf2911e26385024c7262f5af3d9,273,272
train,0xf3a3404a3cdd35b5e2f13afa7296e9dd9055daaa,350,349
train,0xf3b1110c90fe991310a26742ec6c9ceebbc6bdd6,578,577
train,0xf3be7d32621ddbe5ef8abfe7accbe769725cc2fe,319,318
train,0xf3c53c72e99035dea6211c3d3b53bfcc41a968b1,452,451
train,0xf3c700fd2b484fea0dc752785e7031db68f59e64,613,612
train,0xf3cdcd6f66bebdb6c7d33e3ef1bf38ae0cefe3c6,308,307
train,0xf3d71e8595497ff02a3a50416795fa9a4f2d2a34,755,754
train,0xf3db5fa2c66b7af3eb0c0b782510816cbe4813b8,982,981
train,0xf3db7560e820834658b590c96234c333cd3d5e5e,577,576
train,0xf3dd3acf1662a564e15d7569fd80c105596e8846,533,532
train,0xf3dde53e8477b414e298c008af0ce4a8a25399b1,291,290
train,0xf3e827ee018007603899170f0d4b80076dfa469e,778,777
train,0xf3eb09a1fd5a3e133a669074de1231d7a673744b,1508,1507
train,0xf3f208c2c56c65abea965acd82b1a196528cfc0c,451,450
train,0xf3f2b694fbffb8b37b64402ae6e9a66ff49e67d6,544,543
train,0xf3fb69ef211c6d1e838a5c2223ef54fed4f24090,1300,1299
train,0xf40586c0ae2ecaedfd702e4f4d59f9cdb832d00e,714,713
train,0xF40A1A9580a0805FdE3aFe95e3Eb5eb9aa849717,1636,1635
train,0xf410f14ac0ffdc07da6dbe019bdce03d9cff29ec,319,318
train,0xf414bb46b0e94c4e40fcf809b3ac375fc8d9a326,112,111
train,0xf41624c6465e57a0dca498ef0b62f07cbaab09ca,758,757
train,0xf4194a1046aaab13f43cc08f2a91157a2e065b02,551,550
train,0xf41f1d6294b62be38d5a378ab0e769eb8b843228,424,423
train,0xf42230a7e21375c29648ae9544f7da394e20ead3,801,800
train,0xf423af010426bbdffc1fdd32a8e302c7b8623fb2,23,22
train,0xf428830f1573ff1d13b7b35d0cbde96da1432ec6,849,848
train,0xf42c9ee41bba25b5acef968668dcda0efdec1e88,350,349
train,0xf433089366899d83a9f26a773d59ec7ecf30355e,477,476
train,0xf442cd93307678df57e7e879608cfa2bd4542030,4484,4483
train,0xf443aaaf1e0770a078b5e1b783e68eb71c9e2f0f,6807,6806
train,0xf44745fbd41f6a1ba151df190db0564c5fcc4410,687,686
train,0xf44ab905eba847774848c43735c8ec7d0530956f,382,381
train,0xf44b800999bf10844e10530587b4878c94f0e73c,344,343
train,0xf4576f5ff7af30469f759b4751f5f4d94bed08b6,350,349
train,0xf45a3bbe486779250961c9f2da73651deb90406a,207,206
train,0xf45d4dd1cc92440172a8704b98f87f62844a33a7,384,383
train,0xf45ddbb8c22b92186e6107c8ad5e323686355797,544,543
train,0xf46002c37af6fb078ae1833fd447698a0c9012f7,515,514
train,0xf4627DE2DFa6A6c5E4710d24b113fDA3E1cCD168,574,573
train,0xf463434733b26c6f5e79eb9dbde4b508dedda95c,1312,1311
train,0xf464cd0a5b1e163c88a687d52b7f6f42f3a0bf2f,35,34
train,0xf46dbdd823ff23efe1cd21f71f030c2e48c97fe9,6839,6838
train,0xF46ede17c0bAb20d87Cd079a2632f71433A407b9,1190,1189
train,0xf4702b0918A8a89dfC38459Ce42198834818F26B,1146,1145
train,0xf47141460a86dee6e13dcd904ff9b144e3eb6ad2,350,349
train,0xf4753f5523cf3d9df056ad7b997db018272b1310,364,363
train,0xf47b40fd65a4e9d69e602fc4e7efeabe914188a6,550,549
train,0xf47cd932ee150f60cd611c3cfdba51bd33b27ad1,331,330
train,0xf48062e68eb6082b9c7f85c2e40700f09f1eca1b,546,545
train,0xf48066b5b4ef6d80451acad98796fd900aff1f8f,350,349
train,0xf4873530d48d3948c1d25fd6a58b0238751ca6ba,850,849
train,0xf48d72e5a2419c0c6f5822854b7bb7bf135d1623,333,332
train,0xf4a26409f3f60F14E6E1C62ca4c2f4Cbefa34084,555,554
train,0xf4a7c09a885a31755dd4cd1ce816d257fbe30dcf,302,301
train,0xf4b8ccc5734ed7d2d8beb5fddd223d25e55748bc,583,582
train,0xf4c3a48f27666ef8bedab8d73c0117e1aeaf1ba0,989,988
train,0xF4c3e820100a55Ed4B0d815AB7DC3Ec88e8055c8,1547,1546
train,0xf4c5304366a87ff14bbae4ef8ae252c2c1243d8d,1605,1604
train,0xf4c716ec3a201b960ca75a74452e663b00cf58b9,2503,2502
train,0xF4Dd9368244041D2Aba2A7f38C6A6fA64B7fc9b6,1990,1989
train,0xf4eccd84795e1d292f6721908b44faff6abcf6b0,544,543
train,0xf4f0da9aa9a109f4963c73a550e81944a4299078,56,55
train,0xf4f3c154b3e272375c84c5a4a5477eff17c9a152,1547,1546
train,0xf4f40e732091642e314437b6b00dbeb73ceca1c2,477,476
train,0xf4f5683bc45bb1b3a3c61bb458006682d29d08a5,668,667
train,0xf4f5e4c5d5dfd01a3604016bc861ac3654a0c2e2,649,648
train,0xf4fc13034c1347e3ab1ee1a01c58796bdb20c639,191,190
train,0xF4FE95603881D0e07954fD7605E0e9a916e42C44,2582,2581
train,0xf5004f3cfdffa92d8b6012038506af9180a653ba,447,446
train,0xf504f3d488c7bb20a424943a6fc4ea2badcb9a18,46,45
train,0xf5096917729885ef5b1a8c4ef238d3cf06028ee7,1369,1368
train,0xf50f781ab39bb29b75ebe3fe765c71c8a9defa70,283,282
train,0xf51397513C3516effeEF0e0f7332E05816135d01,1543,1542
train,0xF52146b200c63EC0b9d23bB82BbD9CdC4dA0CB97,840,839
train,0xf528d0e1e11edee40ca3724bd9fd923bb0235cc3,879,878
train,0xf52ab948fe5c7d0eb03efbf6c60f7112cbc8ea89,2013,2012
train,0xf536757e2Eb6f976B7F7eB386c648bDcE07bF576,1076,1075
train,0xf53900aa32417ebb42cb182e08e0a7791da4fc7c,689,688
train,0xf53cbc0a85bc81e1b99d6197d74d735df749f8a5,1411,1410
train,0xf556eb074274b572a9e863c29840507affc9eba2,725,724
train,0xf5580e174b658695680db92e6503949f6c52b454,410,409
train,0xf56669a5f6d40a3867fdc5befae6f50e02961365,1824,1823
train,0xf56a188f3f8d02685ab14f8a89be47df5e87af32,7689,7688
train,0xf56cbeebeee40601bf74d6ee8eda3359cd070f45,624,623
train,0xf577cc8d2484bbade6dfbc7479bd1db4582ec17d,805,804
train,0xf57b0229d2514390c582c9651714a9fe9ba1de75,220,219
train,0xf58b6a71d95f8853400655c0413bbf73ce6316dd,293,292
train,0xf5a0396836119dbe3c128ea11a93e2e59f9d21bc,819,818
train,0xf5a8af322c8a9d47489b40ded833c6a735fce372,406,405
train,0xf5a8f90416177bbf2a3964959f627c1c80b2c6f1,839,838
train,0xf5ac04111dfecaf859071c4a424ebcda1379825b,212,211
train,0xf5b1d75f4415f853fef2466a5ab8e412d593dd44,76,75
train,0xf5b36df8732fb5a045bd90ab40082ab37897b841,809,808
train,0xf5b3c6e5052f25a529751670ca9bdb8dd61c6dd2,48,47
train,0xf5b76c6b4f25d1e48932904eb71f69f3fd6f544f,350,349
train,0xf5b7fe6934a88685dd2b34eb43d8839273628a2c,1095,1094
train,0xf5B9fCC3e47cbBD65112f392056B1e124A2747AC,330,329
train,0xf5be51FB93F296858344f044ae664aF481c1A20D,803,802
train,0xf5c3086d42cb2857ad5f52c134fc3e698e8e9edd,690,689
train,0xf5c3cded8c01e01f730d902e7115544b725d55a8,78,77
train,0xf5c4f7f62e2fd249d001e8e51d4e5b308832f924,816,815
train,0xf5d161f170cb657a91216bebe3cdfc7738856b4d,1028,1027
train,0xf5dffdeaea54bb56156b47de1c7b4346c7dba69c,561,560
train,0xf5ea680717df428a2ccadc49c1125a4665d7b8ee,350,349
train,0xf5f563d3a99152c18ce8b133232fe34317f60fef,447,446
train,0xf5f5e8c926395653811f0fc350cd5135a26db9b4,590,589
train,0xf603c4161c388b77249486f9cb6f1741abda6a9b,17,16
train,0xf60d7c34b06df18c91ff3dc56efcc247ad93f80e,264,263
train,0xf60efc8e10692b111f7e73af821ccfdbcd78eb45,575,574
train,0xf6276830c265a779a2225b9d2fcbab790cbeb92b,1204,1203
train,0xF629cBd94d3791C9250152BD8dfBDF380E2a3B9c,1072,1071
train,0xf62afd17037be692a00b181e959e3c9931076138,1168,1167
train,0xf62baa1997f04f165edd100d78241e07617f6ce6,1032,1031
train,0xf631fced4f29e4449b31020e6c9d2cd225400391,657,656
train,0xf63787826fd3729b6177061293Aad68D7f20A79C,3403,3402
train,0xf6445627bc9d06516d317a0dbbc4660bab7a17c0,1569,1568
train,0xf64712bf0c6ab3fc62bf9f20e077a6682c30da17,361,360
train,0xf64dc764c733a62b4461a7b66386862f92705aab,955,954
train,0xf64f6bce026b5bc87ace210f1a3bb0c9cbd7488e,1009,1008
train,0xf6599b0e8519aa315dab072ce4a0849560d490fd,368,367
train,0xf660ca1e228e7be1fa8b4f5583145e31147fb577,546,545
train,0xf6636aee86a6225bc81a76470009ea1adfad96d8,350,349
train,0xf66c41cd98a03bbce39a720ee4400684cba1b6ce,626,625
train,0xf6724838820fd9c44a06bb5c4da84719ebda6793,1663,1662
train,0xf67382a1f8d2978abd238dfa84fa451efb98c8d6,794,793
train,0xf673d7a1b8be3838343ac36c5c366c63bda9bd7b,756,755
train,0xf67451dc8421f0e0afeb52faa8101034ed081ed9,426,425
train,0xf67acb7b9226e482afcf7f08aac9466c50c19d9c,2158,2157
train,0xf67da90c14c9176b8e572cb93cf8c847d28602a8,317,316
train,0xf68426d1410028947b2a0f59f74d2a5038dc0ce0,793,792
train,0xf6881c8d07d7A4775eEF414DCC58242258587498,842,841
train,0xf695959fc9c0df023736e0edb435324679ff5fa8,350,349
train,0xf69abdda14a67675bc6831997dee1462c31b9aab,679,678
train,0xf69bfadc8717847fd507d2935c369c1d00d8a81c,508,507
train,0xf69cD472e4EfB38aa320470422C133Ff546B16CC,201,200
train,0xf69ffea26bec4feb19296a72b6e1727350314609,1539,1538
train,0xf6a667eec255ebee62beed4b725774de45f9e8de,2613,2612
train,0xf6ae53deb55a385d47cd2a3a50d54f4a39ab532c,350,349
train,0xf6b02a89ccad6a50c32939f669d9355415c76b14,1650,1649
train,0xf6b76452f7f4c48663a37f933b2a5b5a3aa7c6c7,572,571
train,0xf6c61Cb3B0aDD944AC53c9c2dECAF2954F0515cb,135,134
train,0xf6cadb5ceaba978dfed889c72a4d61d3a4bc53dd,8618,8617
train,0xf6d300c651e892e48718689b426757fbf01fab2b,496,495
train,0xf6d5ccd7b1c91cfce4e24520e80b77d99820d175,904,903
train,0xf6e7ec5d6983fafd6eb14c2a20c2dd354e09ce9b,336,335
train,0xf6e83fed8c4b636aaa057fc087200044bf010038,617,616
train,0xF6F047ab7d0b31C6A20de65A84f0dfA939bEcd32,1547,1546
train,0xf6f2e7e8b934e14f811e133fafeed1b991e9f288,101,100
train,0xf6fd82dedbbe0ffadb5e1ecc2a283ab52b9ed2b0,1337,1336
train,0xf70a0f277591468050dcc34b6fa1754dc4c59ecd,350,349
train,0xf70a642bd387f94380ffb90451c2c81d4eb82cbc,1697,1696
train,0xf70d589d76eebdd7c12cc5eec99f8f6fa4233b9e,85,84
train,0xF711233A0Bec76689FEA4870cc6f4224334DB9c3,723,722
train,0xf71c7b20b3ee02a185b7b3661ac3630751de2e7d,978,977
train,0xf726f32bb37349f4a44d4022504a3182113c6f14,469,468
train,0xf729b89d8053c31d83c807ed659686a5ed07e06a,587,586
train,0xf7344abcfcd2667d2a4af8baca2236ef8d749b61,553,552
train,0xf73616d78a3d6d11215a158fcf4053b2a62e2e89,126,125
train,0xF73c97245B3bE2559d01343bFFAa3e3a69F6dD3b,800,799
train,0xf745373b294b920c1f123805f57e7d11977a3218,1717,1716
train,0xF74A6e92588eE0a524b44b251E0b47d1A15824f7,495,494
train,0xf75fbfa2f681860b9a6d19fc3ff3d34cb322e2d6,1810,1809
train,0xf7761a110b4397ae743ed4185ef070ae02c4148a,350,349
train,0xf77cead5b85f379aa7b9031a842ccd903d7966a7,1778,1777
train,0xf78470c139b07b21e59f9b7ee6149f58777806af,1373,1372
train,0xf7920b0768ecb20a123fac32311d07d193381d6f,1148,1147
train,0xf7951326e6e1a71d1d83796bf0067fc53f08cabf,1710,1709
train,0xF7A1a5eeD7DaB1a7bCdA127B43DfAa1FF1800888,61,60
train,0xf7adb0da60ae54e20f92e38b94f3790a3bb80673,767,766
train,0xf7b098298f7c69fc14610bf71d5e02c60792894c,561,560
train,0xf7b3fe1296b092d5ff241858a53723d92cd76642,730,729
train,0xf7b5262aa727dfb6efccc8ad001962ddf9c43ad1,345,344
train,0xf7cabdb9f55cf10e1b1403036005dcbd25e8a6fe,247,246
train,0xf7d6d7d38bf9f3724eef59fe52ca3fe1917e5c74,356,355
train,0xf7d724304d99a29305d36bc073a89d44fd401e39,1220,1219
train,0xf7dca20054469a1d548b20859a100b9ec6ff1f61,1121,1120
train,0xf7ddc72b2b2cc275c1b40e289fa158b24a282d90,1328,1327
train,0xF7e40ff45F282ADE07D342322f15225E4A6c7b01,231,230
train,0xf7eD56c1AC4d038e367a987258b86FC883b960a1,3202,3201
train,0xf7f6177494b68cd9a777316cfc878f83a80ecfb4,232,231
train,0xf803646439b5af31382e9acf9bfe378f3d7d2e15,854,853
train,0xf803a5a76ae0e82b9031b1b1fc3f7576e90b58c7,350,349
train,0xf805f3432f4569d6049c60036845959c8e398b15,1201,1200
train,0xf8094e15c897518b5ac5287d7070ca5850efc6ff,3506,3505
train,0xf814d88af9f624257880ae1c6b519d87116810e8,350,349
train,0xf81d84325f89ca3b439c3e0b162c3ed1e5a2a130,350,349
train,0xf832484f0c9f6b7cd5c945488899035467508a5d,720,719
train,0xf834faa2b38e807e7cf05e35b799a151c8ccd35f,617,616
train,0xf838f85d4f4fe492ed02764935b63af89820a55e,637,636
train,0xf83f1997adbadc73e9c13fb21f8c29957bdf33c5,542,541
train,0xf8436fba81ca24e01219cb0719d27e068d786cd8,350,349
train,0xf856a08f1f6f53b21bbe6abce5c15317ce9b8811,1010,1009
train,0xf85ec88e37908cbf31be4d53d0834e2c5be4ed17,958,957
train,0xf85f4bb59c5fe860485d9260aef64ed5d2a12fef,220,219
train,0xf85feea2fdd81d51177f6b8f35f0e6734ce45f5f,728,727
train,0xf86d6f388661a220171468f14ecbed78611ccccc,227,226
train,0xf876c67ce21a03a848dbae562d583296ee5a8449,20,19
train,0xf87dd8cb684eeecc41fe2f490a085fedd51a4857,194,193
train,0xf87e31492faf9a91b02ee0deaad50d51d56d5d4d,338,337
train,0xf87f0d9153fea549c728ad61cb801595a68b73de,1382,1381
train,0xf884911a846c06a32887e266c52d98016182dfef,439,438
train,0xf884e0096f826f82d9999dc11becb836dbb7c1f7,1256,1255
train,0xf886c9d089103f9af130c857bd58cc56f4b989b7,923,922
train,0xf88e6fe8ff315ff5275ee9349120de6164250bb4,237,236
train,0xf89ba2862dfae69bc2546568d56b087d7454c9c9,350,349
train,0xf89dc0db00f681bfda4f6a3fe95d7395de89a92f,669,668
train,0xf89ed809c336e79ab6c5da5bff6f17074a70e51d,350,349
train,0xf89fde20cc4e91f3e55ea6700019f2f7c5e5a642,1741,1740
train,0xF8A0bDe589196D06a65cf355e4f261F97c5C51bF,971,970
train,0xf8a15b1540d5f9d002d9ccb7fd1f23e795c2859d,982,981
train,0xf8a61f35e951eab5da4ac234caaf80baf5d51954,544,543
train,0xf8aa15c842a9db33af6c7d4abf890ca71caa27c1,544,543
train,0xf8ac94af15f8325a6e5e8e3dfc3ba8a528dae237,1659,1658
train,0xf8b1153fb2fa0b505f7b0616da4ce59e872569c6,459,458
train,0xf8b89bf6121792455c8604fca6e43b8fa5e15e69,789,788
train,0xf8bB28EC085F5d7159C2DF0fCb55570cf1520359,845,844
train,0xf8d15960aa6aaf5972dc54cf002951553906c7bd,3251,3250
train,0xf8d81eb6c765397ecfadc3b396715267bb41f241,1180,1179
train,0xF8DFaC6CAe56736FD2a05e45108490C6Cb40147D,1025,1024
train,0xf8e386EDa857484f5a12e4B5DAa9984E06E73705,979,978
train,0xf8eb1928b7b247e5ab607785afe869d7daf78a6f,164,163
train,0xf8fa1a588cd8cd51c3c4d6dc16d2717f6332e821,558,557
train,0xf8fc04b941d757c865855c1982f18583649dac47,373,372
train,0xf902b3a6daee738ef7d165d8d38a7edb1336fbfe,336,335
train,0xf90f1648926005a8bb3ed8ec883164de7f768743,882,881
train,0xf9143db00d417bc5d6d31c026ea2c8bfab6a0ec6,607,606
train,0xf919b7ecc22a21424515c8db9e7ac24b7029ea18,546,545
train,0xf91c20030b0cfe390832314f52b6d36cacc0bc74,350,349
train,0xf923ba61b43161a83afe2cab7d77ea1e41f27918,742,741
train,0xf92cb29e36f45da1f5cc166a3b099b7769ada4ca,296,295
train,0xf9300e2c75334c2e1f0d48b61d8232ec9439b725,642,641
train,0xf93599ba824af259d66742e563cb56310923fadd,80,79
train,0xf937b0e645f789aac4c75749fb291c9bc37a92b2,818,817
train,0xf93843fc86afcaa8479a13ad77fd6e6eec79a903,845,844
train,0xf94b57e795d17361bcebc8fb574a4cecbce6a940,537,536
train,0xf94ec2fbad0f7ac9edd4d5d7e909fddc78c8f2e8,2344,2343
train,0xf950eea99ee858402643be3e4f840bcfb3c7c641,397,396
train,0xF9560698dC041486Da6ED64973dea246224C2571,346,345
train,0xf960e0aa88cb01b00369ad1612e05bb20993b004,350,349
train,0xf961eb0acf690bd8f92c5f9c486f3b30848d87aa,922,921
train,0xf9639ad173b9880da8209a1002a71367ec8bd896,751,750
train,0xf970b8e36e23f7fc3fd752eea86f8be8d83375a6,697,696
train,0xF9730a567d6168378b21Ea0f797D3745D217d15f,335,334
train,0xf973170bae0da0e08a48587123492e42582d835d,95,94
train,0xf9735dc96a98f68ac8fe6fccf1e7b9876ddb6b47,291,290
train,0xf97f07c370918a762e2bfb689301d544fbc3b7d7,594,593
train,0xf9826cac3eb6e2628a0b074fd8c85e7d6c9e84f5,2099,2098
train,0xf982e875110b77b5ec179384c822ed6912f0df61,350,349
train,0xf9845744a35eb90666b648dbb38bc2b9a6ecccdf,448,447
train,0xf9907392b00ac8d8838ab63f36034bb54bbe7c86,350,349
train,0xf9956b16b3e2efd750568a446880981890cee770,550,549
train,0xf99e42f727b256d01c87a9143412546a9296eee0,745,744
train,0xf9aced232ec0e068a2d04e213540e097cf218887,350,349
train,0xf9ad45ab49ba5583728da619305ad126e4675416,851,850
train,0xf9b62aaf66654c04608aa86db2b78a614d2c4dc1,1782,1781
train,0xf9bd6c4513d422728a23cbe53fbcd2f98149701b,607,606
train,0xf9c135de112772917b4d47c75651114c001489c0,581,580
train,0xf9ca5fb6fe65d386611d5fe79e0fe47d34f10dca,342,341
train,0xf9cb429a0a56d1bdf6b4dc4b4d729c1208726674,733,732
train,0xf9cf843153289ff2f6a3ad21dc52687a5906ac99,2178,2177
train,0xF9d3402066E3a483f4ca7abFa78DEC61635E561f,703,702
train,0xf9db182d6ca029b050954ff03fb342a54c34f5b7,710,709
train,0xF9DD354Be4A35ba3f44f8b51564e9D5110B16357,936,935
train,0xF9eE6ac0e603b4D8F8A3d23C29b9Bb5bE84469F6,646,645
train,0xf9f0fc7167c311dd2f1e21e9204f87eba9012fb2,818,817
train,0xfa0fe74319632eacbf009e846680e896ee4e2d02,788,787
train,0xfa1274ed52885408fdc3eedf40e749425bcd4087,1960,1959
train,0xFA1Bcd27Da169C69bfbeda681c2A8277b8E08171,335,334
train,0xfa1e6761c1615ed51fad2eab6b91d70bb35a50e8,353,352
train,0xfa21d56a4058e571da42c627e4f59826e78cf0b8,462,461
train,0xfa22ca18b762b19d5f52c46ed95e22b17302d119,1162,1161
train,0xfa2632a88bd0c11535a38f98a98db8251ccbaa9e,924,923
train,0xfa2c9e8c722f7a179cb3d85421d595118396838e,302,301
train,0xfa35854bb1f37e3276852264e134d756ba4cf3e4,350,349
train,0xfa38485a4913e18c66f79f1bec6e4a3ba2a8b58a,477,476
train,0xfa477145d1bc77d6a86ceebf3f485b14d1d4590e,292,291
train,0xFA67C39935dE407b98172AB9A07291603E98A51A,893,892
train,0xFA69B360a33acebA81a6Ff762150F25B311cE039,153,152
train,0xfa814a9837c46c6c2065be983b546f56b19d2232,1248,1247
train,0xFa81b792cAFE81301A24Dad70F7d9E580F409a5d,735,734
train,0xfa82a58605aff1f44d32b41904e7a43710f69d44,877,876
train,0xfa89871f51b8000917d33dc4d4c3a871f796813d,932,931
train,0xfa9b1a80421dc6cb4dbe2ec7cbefbcc6aabf9809,954,953
train,0xfa9b1aa07f785e92ae0de2fca2128ed130bb0740,1137,1136
train,0xfa9c55d1193a6a5391c7356fd006cd015dd4868e,612,611
train,0xfa9f699e5273864aace6ba20e1448e41c387aa00,1223,1222
train,0xfaa24a4af60863e6064dc3f2996f27b085b764fe,756,755
train,0xfAa43312350161043BF739063a9e439ff1DA11c1,508,507
train,0xfaa68bca10f557ad760f07c81ae15bc3d9aa4231,1077,1076
train,0xfabd45e16f98f6c32f4f392a9e6cfc16242c1fea,399,398
train,0xfabd4c4e5b752b9e7acd1c42ffa30e785ddf4afe,613,612
train,0xfabe292d8019bfa02e5fead2c78ef71a1bf35ce8,160,159
train,0xfac69c6c58276ee31d19061afc361bb3b774440f,676,675
train,0xfacc5b21597487575667dde047fc6e5d58bdae55,1307,1306
train,0xfad1f1549f979c525b03141ceaa65775cf56b724,1143,1142
train,0xfad40d201cf137e3167649e4fc4ef87b336977be,199,198
train,0xfad572db566e5234ac9fc3d570c4edc0050eaa92,1573,1572
train,0xfad7b174eb6b8838416b5b6ac5675676fb6106d4,390,389
train,0xfadf9daca65aa6e65dc4b057c2e9c440cc3b0003,350,349
train,0xfaec92138718c3f5bedd43800b392edb2e436cc5,1516,1515
train,0xfaf12b16666b4f5de3b6e77cf3e12207d4477601,550,549
train,0xfaf3b63b284db7a9c2ae0e432b1d336d0d778bc3,2099,2098
train,0xfaf47dc575b50b495ae22f9e009acd1b6f3493c8,353,352
train,0xfafbb19945fc2d79828e4c5813a619d5683074ba,753,752
train,0xfb07cd636d26b660c8599e5778b6a2bfbb5f0ee9,551,550
train,0xfb0db814289804a6a02c1cd325a5a8ee1213f4ba,425,424
train,0xfb0f71851d20e712e43883093ebc4c7195756848,350,349
train,0xfb1e5f5e984c28ad7e228cdaa1f8a0919bb6a09b,1213,1212
train,0xfb1e9515b13e943bc6f185160a5554cb27166146,973,972
train,0xfb26f75ee8c64eff75ea42ef98684b9e5c7b0d05,193,192
train,0xfb2a61c6da801aca637e0a8fb459ce22f5c241f9,820,819
train,0xfb2f26f266fb2805a387230f2aa0a331b4d96fba,2043,2042
train,0xFB2fd5080D9919DdaD3005bbB06CEBF68287a86D,1610,1609
train,0xfb34a41cda4660a03f00907d1f5384f12e6b385e,576,575
train,0xfB41f7b63c8e84f4BA1eCD4D393fd9daa5d14D61,368,367
train,0xFb429Edfda25a1f5a7DC99177F6e543bFf0313ED,335,334
train,0xfb439ff5e5085832e140a69d17218c7047c7421d,417,416
train,0xFB45976900acB13084Cdc230169bB061b2C501bf,1972,1971
train,0xfb4752ad1b7153e1dbd2e6662651a11c7fc14083,371,370
train,0xfb486bc995129042f99407282e926529d8e54451,1182,1181
train,0xFb4d20ED9f88798be8348915AA93B0Ef481CE69D,250,249
train,0xfb5c1935f419227a283b9f9f551530fd8053126a,544,543
train,0xfb6006945f8b135a76cf8d0831a6532b959102e1,544,543
train,0xfb72eD360856ebD7d17601e7B6291e126E4606ed,328,327
train,0xfb7da9863e030495db8b4d067d665fc8433fff85,757,756
train,0xfb8a2529376081cde50aca941ba4bd44b4f5213c,350,349
train,0xfb9174e615853fa62ad31375860f637f8f17fd77,544,543
train,0xfb955c0d17f93fd7ffe2bbefb98bae5d35f3b441,1009,1008
train,0xfba37B2EeB48B12f4D4C5Ac005cD6DC5C1D299c5,1547,1546
train,0xfbadbf0a1296d2da94e59d76107c61581d393196,706,705
train,0xfbb66c9c216df990898c4127958e740b4ac6aa83,492,491
train,0xfbb7b2295ab9f987a9f7bd5ba6c9de8ee762deb8,980,979
train,0xFBb8B91fFe0EE6B8f626F03E1378f5569432d406,3156,3155
train,0xfbba9060549f565e0ee102057b47db4d2284c2ad,472,471
train,0xfbbc46458c53154c0d1b45c801c28a99f95fa709,2566,2565
train,0xfbc23099a8bd0ce4227920dc559fcfe9c7fa3ce3,746,745
train,0xfbc27906369ea69e1e1c7550c6132408da3d3e15,1048,1047
train,0xfbca29854b821ff37e504578312459286082010d,742,741
train,0xfbccf254b9df010fa30345cebac35ff0c5571331,742,741
train,0xfbd0d1c77b501796a35d86cf91d65d9778eee695,519,518
train,0xfbd592011527e69d86961f6d70f9169195f17ca5,1158,1157
train,0xfbd6fa99faf8e4e9a769e3d0ff8cf973090d1e60,627,626
train,0xfbde2d49c82f7ddf5dcdfbf221e159d7ce471928,1050,1049
train,0xfbe1c2a693746ccfa2755bd408986da5281c689f,786,785
train,0xfbe2fa4d1eff72d1c0e7e06ec731f44a85fc76ec,558,557
train,0xfbf797e8cfa43ae5ec7b5ad2d7c2f18c2cb2cd0c,915,914
train,0xfbffb8a3e14166516ac577fde354eaafa8aada3c,874,873
train,0xfbffefd7a24476d5d2b68404816b48c9c41c905e,350,349
train,0xfc07251450048bf4e9fa60b856c1e0abd1574d1c,1337,1336
train,0xFC08615a53Cf496Fefdff1e8d33A47cCd2FaC53f,844,843
train,0xFc0D912896Ea2CADfc49735f8C564809eBec593E,950,949
train,0xfc0da7b2db63e819552f43abf3835f41df49d3f2,548,547
train,0xfc0de29edd8f0c616f398f69f6e5cc17fc71e0fb,96,95
train,0xfc1ce518cab9fe8a49e34a3cd5f066f32e32678a,523,522
train,0xfc2b25309d02819e86351068ac3e77d8730867ca,350,349
train,0xfc3139bf3e45f07350fcb89097c3771497fa9110,713,712
train,0xfc3c1c0550188c649f70e78787c8cd9ff9d3b8d4,466,465
train,0xfc44094c53832e8a3cea0e97600950c11f14fe5f,1370,1369
train,0xfc4753f0531fd01b5faa49bb0ab14c621daa6e56,1888,1887
train,0xfc51dddea8e49be11ad1fc1bc0dd31f7f0d285be,264,263
train,0xfc5230755d157f6fdcfed86a311cfb0c9e3362de,485,484
train,0xfc5429ef09ed041622a23fee92e65efab389c1ce,758,757
train,0xfc5547bbee939c374093517fac4541fafb0714c9,182,181
train,0xfc5772c279bb3a0bed4219c0de484deff3ed2241,1200,1199
train,0xfc5c6c8015962e7035f3bdc5fe7ec94bedc77833,957,956
train,0xfc5f7a134642cb14a16cc8e2976e0094c694acd7,328,327
train,0xfc6fca164c465bd3046af429bd96085976820f57,326,325
train,0xfc7205c2a169cc9f8fb3cc5ef0c82c7cd39deefc,102,101
train,0xfc772f75b8147586c7d6d47d7743c80122fa0f53,526,525
train,0xFc7cffb8A6D645cbeb11d939DBd851228D087461,640,639
train,0xfc8433a4cc060d030e16521c83311a7b177dae15,796,795
train,0xfc88a9f06f5fe0de2dac95c5fada7a8b3b3d610d,1102,1101
train,0xfc88f10df02811e81ff278911d5f8f88d96143ec,574,573
train,0xfc89eb0f7b1d8031a32f15fccd02f4965d84b183,584,583
train,0xFc8F16651eA413c0Aef1F0C2c3d86C95968bb88A,378,377
train,0xfc96284ffcef76e2de8687b09c864760a873bb99,350,349
train,0xfc998387c61528c575239744a85be91008556378,422,421
train,0xfCAcdf6A9A3dF9256D4ee0FD4FF16f89D40B7B59,355,354
train,0xfcb4393e7faef06fab01c00d67c1895545aff3b8,2205,2204
train,0xfcBdC2443c21ed1279410A3Ae8963789f09A7BF2,603,602
train,0xfcc36b6fde12f6726040ced05f04c256f9456327,624,623
train,0xfcc4b876838bcafe503b4f7ce930cd2c36d77dda,350,349
train,0xfcc74ab9a02d55b9b1d0c378547a6bcfad7597c9,402,401
train,0xfcdd6d4f2cfb7cea900c4a57282cffcf3e41e068,346,345
train,0xfce10cbf5171dc12c215bbcca5dd75cbaea72506,300,299
train,0xfce1ebd75bef6db4e6951fb9ef7485902dbc5ae5,125,124
train,0xfce5f3b672d13f0f66a4cb7fb46741e5a854413d,338,337
train,0xfcedce553f6032462740f4e116a81ffe7f92d2b9,2015,2014
train,0xfcf131d768127b1fab6b109576c777edd29323da,1497,1496
train,0xfcf1d048fad53ff6afb801659cf8b7fa2468d170,308,307
train,0xfcf858bf5620d43a64a0e337e04605a0ded9217e,544,543
train,0xfcfca7610c23b943db992d8c2610413695c23a6d,1313,1312
train,0xfCFe276FADeA66BA68eAA21aB338CB6A45030840,379,378
train,0xfD107B473AB90e8Fbd89872144a3DC92C40Fa8C9,3355,3354
train,0xfd13d75f8d0c4fe4e9b20b769f006a21fc3004f1,1112,1111
train,0xfd1c0d4270178b9a6d70b4548d02deef4770abdc,376,375
train,0xfd26d4fedea09da1bb2c4e410c747dda72fdb506,2811,2810
train,0xfd2d4e7c0876575bc879f0edb9b59f32d789856d,258,257
train,0xfd2E5089BE9a1944E45F0497721A9Ae1EFCe4C5C,915,914
train,0xfd2f8303daa14ef8bac222f4c28e15f9e98af774,361,360
train,0xfd31b62550977b11deaedd1b8d359e71a3d4ff1f,1767,1766
train,0xfd3473ade3db26db08a42153bcfb64ffeb44a0c8,346,345
train,0xfd43cf82c2d4e136f76a5e3a3151db132a370e0e,350,349
train,0xfd49214d24b241097f2193d3166ebcc60096c1a6,197,196
train,0xfd57e13fef2e3ae7028dc80417babadc31593e3b,526,525
train,0xfd640dbe512bfcee682898869c2ffb2d13e55dca,1322,1321
train,0xfd6bf2fb19e947f16355c4ec98d0fd26790cf0ce,2021,2020
train,0xfd6d57b5ebdcc70b3196592b33cbe0b7149e5a27,455,454
train,0xfd6ecfe1cc8cc5a0e49961b34c20ba6577c60df8,284,283
train,0xfd743691ac893000f29c893ba21ed46f465c4de4,1027,1026
train,0xFd74f0ce337fC692B8c124c094c1386A14ec7901,165,164
train,0xfd7cb51943844c80bd68d0070c03cf8a20da6fdb,546,545
train,0xfd7e33bc01a7493b189ddfdcc047500463be573a,551,550
train,0xfd82ffc0d08dcfd902cbf6e48550033b01f919cc,420,419
train,0xfd87da04c3701d44e89809d4ee21e35154735924,508,507
train,0xfd8861f451b19179de8b5f6dfcbe3e9013d67027,474,473
train,0xfd8971d5e8e1740ce2d0a84095fca4de729d0c16,1299,1298
train,0xfd8d4a9f8aa2939bbfc401213af93dce7cfd94e4,361,360
train,0xfd98d04b4935ad0e477f3fb41e0f61adc7647530,640,639
train,0xfd999ea6e3347d5591443bfd797ff90ed9ef253b,1036,1035
train,0xfd9c6e434690123ce0f7512e84aaaa40575da958,1880,1879
train,0xfda026d419e74f394401193e0ee359c0c788d597,729,728
train,0xfDAceC5A4158Bb578c0a079a7DC3516f319460b9,346,345
train,0xFDB308c42cE4AD1247E590107370E954D5eb95CC,856,855
train,0xfdb3c07c25f5a6879cc8b00685ed1a080c59615e,1311,1310
train,0xfdbbb6bc95b9817fac3a1a2e17728fe7235a0c18,902,901
train,0xfdbc1762cbcdfb0fd8b23d45047da7ea7c5a598b,346,345
train,0xfdbc1adc26f0f8f8606a5d63b7d3a3cd21c22b23,568,567
train,0xfdbcaf6cc7a4b7be8f862668b4c2bd6b979b5ce0,6043,6042
train,0xfdbe24950076bb7068123ed9ad513ed2a496698d,362,361
train,0xfdc73869bacdd683b204dab42413c4ff77d745e9,613,612
train,0xfdcbe5f1db8607eb29917f4babc357f51e4bcb7d,368,367
train,0xfdcc07Ab60660de533b5Ad26e1457b565a9D59Bd,559,558
train,0xfdd71fdbac00bb17203ed0af2f3b83d87eaaa4b0,258,257
train,0xfddb580fefb2541621e67d6c6c78df5da3e0722c,350,349
train,0xfde67844f85bac36ca6e4a919f51c7b93f10752c,1149,1148
train,0xfdf12d6a60c78a5c791090d7838da4e3e7c31b8c,544,543
train,0xfdf40d54724ba72c353248ee4f1d5e87aa7ab804,350,349
train,0xfdf4411669fc6e8951a6ae987307d7582fda7a05,601,600
train,0xfdf475788c31c57e85f2c48add16164fb5ac84e3,629,628
train,0xfdfD5dB568f2eCF9b06a16116B9201b0500735B4,838,837
train,0xfdfd8a46146bcc7b12bcee778c4562937849181f,3369,3368
train,0xfdfe797c3efda87b8eca3a7ea0fa1da2d161dc2b,513,512
train,0xfe0aba5926f3bd9cf0713cdee0c5041b610c8751,350,349
train,0xfe0fc1bec4c661600407257cac2803a6ef59564d,350,349
train,0xfe211f86be5de898c9ebffe2c2b1d49ee8460b7f,815,814
train,0xfe22fcf2b6a4165d28811f26ca8abe1d10c9a5a8,1182,1181
train,0xFE2F0a2d25639366b19E4105068720837277E70F,359,358
train,0xfe3101486b4f06fe9a5d210ff0294f6d4ec706cf,415,414
train,0xfe32125731d36b91569df1ac14343890b5d068ee,1014,1013
train,0xfE38739c4b70cD6D1d3674E70d17fB1999CB4F9F,650,649
train,0xfe3a872d7232a67a461e95e9c4507f6f899ae0a6,526,525
train,0xfe441b4709b21087453207b7e81b625654d75ee8,350,349
train,0xfe45e0e4c560edec3b4c69ab7f62dbc901592e29,1246,1245
train,0xfe489b05dCceEfBbACC7efa27Afe0f22032Aef03,75,74
train,0xfe4b3f29ad96f0422b873d47a9848e9920f9ded7,1076,1075
train,0xfe4e46790360233713f88d8adf12a92062a3864b,350,349
train,0xfe53d681d34cf379782d25af69990f6a707d30d8,3255,3254
train,0xfe5a1b96062b02e732b3d142ec255ce00b71f611,544,543
train,0xfe5ccf35b40e2533fba7a0e17c2763b9543ab608,318,317
train,0xfe7c20B169BBd7fd7588fcf2ce42fB77b46F1731,423,422
train,0xfe89df21f8100837021143ba63f331c907121d15,410,409
train,0xfe8a1f99bb63a2a2d504be851b12eb932f112a2a,171,170
train,0xfe99717095fc8cefb8baf25e2075c0cb723f1ca0,259,258
train,0xfe99dfa5ba203a5757310589e1265f585b7abb27,301,300
train,0xfea61dbc3b9882efcd139a5e28b32234b9c76aea,1182,1181
train,0xfeae95fd8555d22abed64640c21820b50022aed5,600,599
train,0xfeb154db9dbc962d3bf9887f489bc6a792eebeed,150,149
train,0xfeb49ac4e7e82c409ddff93f351f3dbefbbebffd,915,914
train,0xfec769e54c266de2bc3fa5df7d9f0fe2a1e39461,1299,1298
train,0xfec7b4c8c4bd73522c574d31f6801f3f8955ffdc,227,226
train,0xfec88d5b98f31ad985f142f39c147fd10ef676d6,1143,1142
train,0xfed347e43835da08f8a00654fb4b38bb1c46e071,350,349
train,0xfed8dfb896ff7081851c56a2652240568d2c513f,340,339
train,0xfedfe337b4fff461d4b0d74da0307ee90b614cff,448,447
train,0xfee220047212029cbf43e512f863a284b54deab0,44,43
train,0xfeed1a53bd53ffe453d265fc6e70dd85f8e993b6,1300,1299
train,0xfef736cfa3b884669a4e0efd6a081250cce228e7,803,802
train,0xfefac1b1f939053fa93e7885ff79f75a05fb4686,345,344
train,0xFf0ab053B98E57E9cDFa2E6Be2C3aec69AE91533,1090,1089
train,0xff0b6ea75d09d3aa7effa123f43299366cd3e236,548,547
train,0xff0fd887cc324b48e8ba2983ae441cacdf49f91b,350,349
train,0xff1560afef58be59b11c72734ad1d89db63e4e71,748,747
train,0xff18cf54649df7d099c839755b073b1f47b56ec1,185,184
train,0xff18dbc487b4c2e3222d115952babfda8ba52f5f,296,295
train,0xff19138b039d938db46bdda0067dc4ba132ec71c,2000,1999
train,0xff1bafaa5be1b39bcbc1f2c7c3c368421d677b77,827,826
train,0xff1d7f58e90c307a79f66201182ea4e16854d822,360,359
train,0xff23f9c35922479c2d8bfe3637c48c2917875878,399,398
train,0xff26ef54bd2f2edafc1e5f7e7f735bb2306bbf75,544,543
train,0xff3212bdda5e2a00d4015599654169e4643b96a8,239,238
train,0xff3216f86a723f2c23b03b5cd1f622eb1a204159,382,381
train,0xff4385c58cc0aa2adb56e05b50fc9f7e7b213511,517,516
train,0xff46586fe46b814eb86e60320e1b0a29b78d4757,606,605
train,0xff4b417892f3ca1678a288cc6296a7094bf98f0b,1179,1178
train,0xff52e6e554405a4bc44a2d0b8222211b9a1a900e,613,612
train,0xff58b2da0414b4fc4cf18f4ec7230ba7b82677e2,1703,1702
train,0xff5a11c0442028ee2a60d31e6ebb3cbac121ffe5,67,66
train,0xff61b13bfecca5b46c6eb31beaa3e3dd157358a1,544,543
train,0xff71727e2212b8b4d2d417fb3a57fde3bd9fe3dc,2566,2565
train,0xff7532b721ac7f01b07824a78459d601f7a85489,350,349
train,0xff7560b413945e602931dc71077a080d90feba68,197,196
train,0xff761ce7d92f882c244142f5779475701ea3c393,726,725
train,0xFF833d42C6A9953342dCb2e24f5579DeA8305995,251,250
train,0xff95FBB77852C846724CE4Fa140Ca25f31A90bb0,370,369
train,0xff9e14f8953310ba9a106f7e789d07f4433622a3,350,349
train,0xffa7ebe6a6026bfcd541c65fedbe355d3b203541,625,624
train,0xffa93aacf49297d51e211817452839052fdfb961,879,878
train,0xffb0d04ec8e7207339b83d6ac17e075db3b85d8a,413,412
train,0xffb43cb1b79ed46c10d6b6c577da5b6ae50ede7c,528,527
train,0xffb73ea8ecc96307d99b194051314204a2e38d51,155,154
train,0xffb74c57def8667afadb4e05b64a928047e1c55c,477,476
train,0xffb75756314d9d05cd4c2da94fbdb356b09d455e,350,349
train,0xffb845b33d65b0d9b5751506d9df16d4e0aa4f8c,199,198
train,0xFFB99F90BCd96fE743796FD8eeFaAa6617753e79,191,190
train,0xffbedc1e9266fa0e257821c1399eac6c56a15229,350,349
train,0xffc08dd84a66775e6236e0a80ee2f340e0042f8c,6139,6138
train,0xffc36ae6d98d934553f7dac3add92ff501e464ae,556,555
train,0xFFc8aB40d1255EE3FA23FBF2fF1628c4967105f2,766,765
train,0xffd75cc3d9cf61b65533406724ae8cbab0b7483d,590,589
train,0xffe02ee4c69edf1b340fcad64fbd6b37a7b9e265,1893,1892
train,0xffe4a5a685efc53f45bf50f3dab45ded1b028134,768,767
train,0xffe69f1c1d9fe3a6a345a86f7dcfa5bf71adc13d,466,465
train,0xffe8196bc259e8dedc544d935786aa4709ec3e64,682,681
train,0xfff18893bc6c430741b3c5ad483391a5e21220bb,829,828
train,0xfffce2dc587badbd10b4fe17f0f5f293458f6793,863,862
train,0xfffeee1655f36233fd58fdda74720b4eb85fddec,669,668
test,0x002c74b0cd9354ba5464db519cae76d7cfaa070a,496,495
test,0x00346fddca107aec034a367b7324f0d6419bf4b9,229,228
test,0x0051d363a60bd98d8a10927d10708e5ef853b306,350,349
test,0x0082f8addb9c0d6cc27783d41198300b4cd2e19b,1172,1171
test,0x00b9034425e357bf61b4abeb22299ec4a62c725b,602,601
test,0x012233b3c8177f0778d910ed88170b82de3bfe57,1346,1345
test,0x015A06a433353f8db634dF4eDdF0C109882A15AB,207,206
test,0x017a5d8d82afaa22bc29d75013d6ff3656e90851,1122,1121
test,0x0180ec945191fda23c52b1d05eec64a2e3f68781,485,484
test,0x0193cba9762dfe203a34bd895d0ddf4d876e0f98,993,992
test,0x01aeac2635c607137318e217c0c29360c91cbddc,1096,1095
test,0x01fbb42b56f38782d8db4ba8abba44eeaa472f81,1798,1797
test,0x0219b584e1f78675d91187c241439d1acdf7aa86,350,349
test,0x0226f84b243ec25e56844e436eec73711c613fd5,320,319
test,0x0236DA65D76Ae844aBB81814CeBB6fe9B001d587,549,548
test,0x0243E6ea080d5879AF6bE849eF8D7D0B7db8ccDe,335,334
test,0x02575ca9424acd6aed8d8dc1b01fa7175000cef0,896,895
test,0x02c06fb43f418e142666e4a80526d23cd2eae367,1168,1167
test,0x02f66a7d5657ee67be39349988aa1f944206ead3,287,286
test,0x02fbb2A626AD6fFcdB355D867c94ADdb97851367,215,214
test,0x02fc56883ba142fb1a2e26af9d1d3a590c6d93ac,1919,1918
test,0x030387ec47bcbc667d1eaeb4e21e9520ab59b8cc,102,101
test,0x033d46d15ad9b5653cbe61be97371023acb11f94,362,361
test,0x0348b55abd6e1a99c6ebc972a6a4582ec0bceb5c,1126,1125
test,0x038e20839aebfe12b7956adcbc2511f6f7085164,137,136
test,0x039cbc5d80f78aa4708aef80d3cd99dd37953512,321,320
test,0x039EDb0D0613c58F45A777Ab5DBf7CAfCc7dE9cd,1145,1144
test,0x03af37073258b08ffff303e9e07e8a0b7bfc4fd9,8144,8143
test,0x03ba1ee3c82ac59cf4b86300d87f0dd091acc3af,85,84
test,0x03c60795a9b4646752e25eed4bdadf5d8c62e13c,1464,1463
test,0x03cd64b726e16ae5bbf1bf2f5569928da947af21,214,213
test,0x0404744ddd793960bc4ee03692066bb4e0560b81,985,984
test,0x040d11c850fb167cddb1e4d308fe9062fddaebd1,957,956
test,0x041fe8DF8b4aaa868941EB877952f17baBe57dA5,1121,1120
test,0x04336775f6d56495f82d568d75b30bc0fd1ef184,399,398
test,0x0498b182c3e6e05bd6c81f7da8290034a9fabe79,1259,1258
test,0x04a28b7b45db608cc9dcc2dd247ede17164849f8,342,341
test,0x04a4b43352a78294bc7b6d520450825ac639ea21,698,697
test,0x04cc783b450b8d11f3c7d00dd03fdf7fb51fe9f2,720,719
test,0x04f2e7221fdb1b52a68169b25793e51478ff0329,846,845
test,0x04f6c927da7bb1e5c7b793f80406020db3771a9a,264,263
test,0x050163597d9905ba66400f7b3ca8f2ef23df702d,576,575
test,0x05035a501a55cfcf80a46de25e6afe303072dae1,211,210
test,0x05560174106d9f633eff7b91459f9d7ea852a1cd,229,228
test,0x055a9c349cDC2A598439d6A45D0A83CAd3864FDc,3316,3315
test,0x0587eB954974000cc6588dE6702B3BeaeB0215f4,763,762
test,0x05a684d8a1737fd4a0be3e82e6d5c2aef63265c2,544,543
test,0x05aaaa829afa407d83315cded1d45eb16025910c,794,793
test,0x05be4f528df1382f12668eaaef3e49eb2b97cc8e,308,307
test,0x05D3fc6C7265A4e9223273E905866d4CdAff057f,182,181
test,0x05d86af519cf2017d82103c2c2dcc7db5becd641,1047,1046
test,0x06194c50a5a85bb1fee0e73877eefdef64466514,509,508
test,0x063115687340eddf0468cfabea4f3770930c119d,350,349
test,0x063425e215701d2761a9065e647fa98f209b4ddd,2044,2043
test,0x063DAa97a0616D2eA65214F8a4130AD3A3e4894e,296,295
test,0x064c9d27aab976536b0df42b3191abf11a5fc791,1101,1100
test,0x0650f6bc4cf3a75bc943bd6efbd1d7e34a74ffd7,556,555
test,0x06a18ecf4fb238a47c146c926d3017bd3737364e,656,655
test,0x06bA799c9f87DE34c03A492ca353baf07d34B30C,731,730
test,0x06d870fe2e35b9dea26406351d8e79842fa68adc,399,398
test,0x06dafc2a5fe47fcc9f37b5f91c0c2bd1cf2a9a4c,1468,1467
test,0x06f726f750dd2a140a3f3bbe1fa58b624b361a33,714,713
test,0x078f78a2b88916c0bb1198b8f47a7714860d1362,1637,1636
test,0x07eFd6E390222A45aF4A25D0CE31C7710Bf605Bd,412,411
test,0x07f06a75ddf49de735d51dbf5c0a9062c034e7c6,86,85
test,0x0814fd0ee6a86cae9f0f16fda5d4b63f19282fe6,350,349
test,0x08573698b2b0aAF07F16395bE3D3530598c0d972,88,87
test,0x088fe3791b3228aea1ac8930479d79a021147868,352,351
test,0x08a4d2372777267373ff0fbf80fa278b2846c087,653,652
test,0x08aa638f04c9658fc9a5712e794e27a4c6b561e8,1006,1005
test,0x08c622055b66b8c8bc6925f49ea443fa7bdf4bb7,180,179
test,0x08d069ae12b1fe5f651ab56adae0f6c99cb7a15f,982,981
test,0x08e8fa889fc02163a6f5c3766b985d9bc05a60dc,1717,1716
test,0x0906896a7ecfc7a3309e88ece89d6bb761380746,1211,1210
test,0x09077D92F7a71Ae3C4EAc8dC9f35cE9aa5A06F7B,77,76
test,0x09198e39d92a76a01e41c768a4b112d50ba32eb8,992,991
test,0x092988fc1090ff8f924b8f9cc71350e90ca446cd,1599,1598
test,0x097bdd12c9544d6205f36e9b01640567afed2259,410,409
test,0x097d0e06fbd257ea423022169bd4e7f961030154,1910,1909
test,0x09873cdd92782ee43e7881da138a156e7e8835f5,996,995
test,0x09b04508917c97e3aecb438032989498c01eb276,350,349
test,0x09c195341584e37be17d51cf9073581009f88a40,350,349
test,0x09f0df05fa9a047ba5ed6a3a0fd730f527ed024c,941,940
test,0x0a0722e16954db34c2d8c5bfe4f2fd00c28ad4e4,362,361
test,0x0b07463b30b302a98407d3e3df85ebc073b0dbd1,1276,1275
test,0x0b08b0b558a2ff86860c4bd55f69aefbf4f50e50,1136,1135
test,0x0b10372ffe11a4fe9fc8efbf460b6fa25eb224d9,43,42
test,0x0b56c1f69d83cb9d586e514a8a8cf4cd7044f1b9,350,349
test,0x0ba0d4399c80fa14a25f91b1584ba59823b12c2a,414,413
test,0x0baf50ca5c90daeb1b4b8483fe914559668f6a53,350,349
test,0x0be42e18f095e1a5473c3a205b9d232297b1ed71,350,349
test,0x0c27479ad804597ac398d19a0003cedb108a194f,350,349
test,0x0c37198ba896a0988f1ae289cd9d2b28428b038c,703,702
test,0x0c507d48c0cd1232b82aa950d487d01cfc6442db,1454,1453
test,0x0c66205ab56f61164a0b8077f06927703eec584f,486,485
test,0x0C9B08A5D68a1818F0547db713734E40e3814DEB,3130,3129
test,0x0c9dbc3442f73c92c43bb7805358673839edd631,499,498
test,0x0cffb692aa8b94704bc36d03bbb967c11d6c18d6,1768,1767
test,0x0d4db376a02060c2d27ccfebaac47b50326d51e0,386,385
test,0x0d6f4cef46f23877a930c2d782cc275c978bc1ee,441,440
test,0x0d9d4e46c5dd2b9a4ea08709f0a3e5e7b9d70817,350,349
test,0x0daed428b7ceff56541532e45b55033563699079,112,111
test,0x0daf4cd0d8f3132ca5eb256abbe03d45dbbaf7c4,826,825
test,0x0db9990998784ecee0543e8c8c16efa464c464b3,350,349
test,0x0dc11b7ed751594906bce3a7091952b30528ee7e,89,88
test,0x0DfB5D0960a40DAE7cAcE8820e55AFcDD4A9d5Ab,482,481
test,0x0e0f0a5e118d2e96ac65b819db3e089e089269c4,544,543
test,0x0e41c976f456ccb29c04e62ba70094d174f2b503,158,157
test,0x0e6a7ccdf837955babe2c3c1f794f51b9b7b1995,519,518
test,0x0e77cb9d68B8Bf3cC41561f8edA6c71E4A4b9ef7,61,60
test,0x0E9E921937c606705C8f8487e68913E97C0C34D2,585,584
test,0x0EAbe3b153aB942F6f7902274596ec16Cd4B167d,335,334
test,0x0ead7fa41038d2a8040a74fcfbddc079f254dc9d,167,166
test,0x0ed74a3ecc90270d18a3b3a8eb0042a7cdd03b19,330,329
test,0x0f26cfc5fb0fa89c05d86c0333545727aa896a75,546,545
test,0x0f520115112f79c7aeaaac47e0b2513814c85b77,734,733
test,0x0f598112679b78e17a4a9febc83703710d33489c,288,287
test,0x0f64Db5a527850B8Fc8025F9c49Adb734fdf43eD,1120,1119
test,0x0f8c94e34de4ccd378ed53d5622039d39f74fded,346,345
test,0x0f8dffce81d890c67fdd71cf21e68c92ac10c687,1912,1911
test,0x0f9b1d1d39118480cf8b9575419ea4e5189c88dd,551,550
test,0x0f9B3Fa06BC5E344491aa97596019FC55E1077A0,1548,1547
test,0x0fac98902b1ba4faf3424d19137ffb464ced802a,1145,1144
test,0x0fb84b7e8c345faeda0c1dd934f73988bffc0643,359,358
test,0x0fca5f8796050157bd0d7c8d8dc8810e1a035e92,350,349
test,0x0fe31fb2fe9ae7e84ee9e570c3463f25ee50d31b,1230,1229
test,0x0fe3abab578cc9bd8139c425b89318d745759fb6,205,204
test,0x1017df90c4c430bbeabe3dc3695bd479c17bcb18,707,706
test,0x103cee8863ae6382497acee96ed0d257760bda96,1016,1015
test,0x107bc486966ecddadb136463764a8eb73337c4df,808,807
test,0x108caf59641fc5d27502a87e641872b62d606ae2,556,555
test,0x10da7dad9407073cfe40388755de06c8b88782a6,629,628
test,0x10dabd1629502e1a3bd3ef9a4ddbff2c9ba0d15a,949,948
test,0x10e0cb2aafa3b4d92fe6f56b9f619b17ae28ae88,102,101
test,0x10e886bacd4a12c21bb39646751374eae495b776,1212,1211
test,0x1114cb441b5b4c424b7ff350910ed0f079768e19,350,349
test,0x112f2e6c0051d3b2d9ac64116af8e769c4ea2541,347,346
test,0x1142f8e419014bfad10015e22ce65498dbe93b5e,350,349
test,0x118770fae5b614552b85fdb5297eb3ed5b5eccdd,592,591
test,0x11f239ec744ccd1854d87fef2a4e4ab9e6993c96,526,525
test,0x120a290590e51d7a020ffe039b1f03ff8447a19c,2710,2709
test,0x1213023703da2f851961d163477a1d96c1e7d9b2,700,699
test,0x1214101202e869d132eD76c3B1B40e7669e0EDBA,3373,3372
test,0x132a0a3d8ee0a8c4c431dd86e481eb1622d398d0,544,543
test,0x132a108831f3da35338b5e7e76d6fbddfbff39e6,546,545
test,0x13646d839725a5e88555a694ac94696824a18332,1103,1102
test,0x1389d3485a6d440F23855e538E3656230cF25D0f,959,958
test,0x139132e99c03d9bce03256796163303603dc1a59,1549,1548
test,0x13955f1867a0bfbac3146b58ab33b982d72f06e7,953,952
test,0x13a39fd40fdf047beba6d4f9d05961b70d6b30a2,1325,1324
test,0x13bA3B63268eC5d4fac9aD1b2DFffFD0B3697FD8,1156,1155
test,0x13E03AC5e36c4CfAbdcC70DDe55456635b109EB1,534,533
test,0x143aa95a2b4948d5918a5d2edb3aee873a7aeb27,350,349
test,0x14639c7de58e8f2c714337cf242fa9d26d568665,1122,1121
test,0x14931fec933af60775969eb0dd9abf625db954f1,613,612
test,0x1493894bf2468f08fd232c5699b1c24dd33cec18,308,307
test,0x149c45909e8467d286a7cbde9a294d7b9726aa94,223,222
test,0x150c6206cb5ae77065f452c36a83daaa1caff087,971,970
test,0x1536f307ff0a68e1356507ddccdfa2922a7ff48d,26,25
test,0x153fe8bccca2f35b06abb4f31a186f2b4ecb4f70,407,406
test,0x1568b42d7108dc447e8f78885913b15b8c5f62ed,681,680
test,0x159E4500567B160FD3eCA934387a62ECA20caA24,2796,2795
test,0x15D0e6CEdd8eCc39DAa60C63A3A5830eECa7D720,56,55
test,0x15f549de18fbf806Ae6A758be15FFc72A2808a59,342,341
test,0x160dc7a6ee9bc338fe5fa35b6adff546b70850ba,358,357
test,0x1620c6f39ed6d93b9f6dfccc84fc4309489ff5ea,352,351
test,0x1654d540616bfb3f13973ed6019e43005be43219,534,533
test,0x1664e5b86af9bba5c125c21dfd0cae7e6a46a733,685,684
test,0x166b30dfab3090f06778c864db7ec09e22d8b01a,1302,1301
test,0x166fe127a3609910b72c10a2d009e8d7a01ea313,350,349
test,0x167abb3654bf1c5866dA900AeAf86fcfCb95048f,915,914
test,0x168296bb09e24a88805cb9c33356536b980d3fc5,366,365
test,0x16837f355218cf0256df30a878c01d210c428637,53,52
test,0x1694ee5ef3d9f172e440004dda88bb60441ce6c5,381,380
test,0x16ac88dd8b5be520d6a14f4c0963d8249161ab98,2017,2016
test,0x16e98489427c86094e67b72d70743783afdd82c3,70,69
test,0x16fa8df7f16f9e41b7c5522cc12a22053a2a776f,124,123
test,0x170e1f0a2f8004cf3654aeb2cab8ec21f7d7c25f,526,525
test,0x171ad7aa2d6e083ebbbef0e7ada2ef76da4dadb6,1108,1107
test,0x173905a75a0244fcb20db32dbacfadd3996cc702,514,513
test,0x173bddd4f27a7737a86b2918d816018701329013,433,432
test,0x175f2523e82f92a78e3ff60e2b10d900277ce7cf,901,900
test,0x1770be2455d7563ec0466a4b182a3fae5e62c7cf,345,344
test,0x1779715743db83628e3cd5f2aeea3177ab415621,1168,1167
test,0x178abbc1574a55ada66114edd68ab95b690158fc,535,534
test,0x179a303c1fdff0ffbda6a68b384787621b78ee84,960,959
test,0x179d2b800fa10cca26f8901707120dbae20641cc,687,686
test,0x17c93f4bfe407b4f58b73c7839f3a588d499e67d,608,607
test,0x17da2b4227bdfbf6c4dc39afea1e4f6e0af575b7,140,139
test,0x17e5629660c3ee2ac68498e24e8607a712ba64ff,254,253
test,0x17f0badcdf99b0a94429478d2e9ddb1ff13174f7,1094,1093
test,0x17f3699461888bcaf15199cfd5ee84d7d74848d4,599,598
test,0x1818409ff612a6d574ca979904396bb4b8ea6d51,1184,1183
test,0x18361baeb2afd717e36e3c9b44ad12d084911ae0,1721,1720
test,0x18aA6E402a0AA22b7f61a5Ace68fDDC629Fe44ec,707,706
test,0x18af7a3f870f4f9ef48b272080d1cbbbc7d26fab,3802,3801
test,0x18cabd1e7db6c52406719cb72859ea2c2eea75d6,361,360
test,0x18e4FD8B11dDcB27D39993A322f83FbB5f0a893F,544,543
test,0x18fb0740771c636cb5974af7539a466de9e3fed0,350,349
test,0x19235dcdfaf0e186ff945fb822803d62fc9237c8,350,349
test,0x192b5bcc8f41ea407288f551fd8e7d10c8ccdc97,350,349
test,0x19397c7fde68a3b33503d491cac89011a5d9a61f,685,684
test,0x1953239ae051931eb27ea827eaf93434ec8a2dbc,254,253
test,0x1990d104EbE0d000e12D70f2Bf340Dfd9b8298fB,1088,1087
test,0x19a4b6cd4586832edfb0125aa8168f5340ca3fed,350,349
test,0x19d07141c1ac170630ddf66835ec28a79bc53ee0,118,117
test,0x1a0987a5c068ec6ce645bb897d8de4c82281deae,228,227
test,0x1a61250a2bea646478184730d25648811bd429fe,314,313
test,0x1a645debd700890f1bc93626078d89e260bd09ce,350,349
test,0x1a6c513119245123512705d9c4664109c6f90e9c,223,222
test,0x1a9b18cB4891046a1211Eb61C6F3f2694b26f427,566,565
test,0x1AB33bb51DE19700E413172cd900A20B0986A37a,1930,1929
test,0x1b09cd594ddeaa336564dd24fe6ef43688f27c62,553,552
test,0x1b0d723ab149f359e98d06051c2dab804a15d5c2,350,349
test,0x1b1c789fccdfc6a7b1fef651a1464043f0a38ada,318,317
test,0x1b22c32cd936cb97c28c5690a0695a82abf688e6,1824,1823
test,0x1b6699aBaBE3DaCb6E3fC3D82bCcd8dD67E362Ba,544,543
test,0x1b8a4a18cc02ddcead28d809734ed95c3a764577,221,220
test,0x1bb5f2b899292dc483ea5968f97453f124c71a78,350,349
test,0x1bb9e4b787e100d4827cf94866e30ea6e1d75709,6358,6357
test,0x1beef31946fbbb40b877a72e4ae04a8d1a5cee06,544,543
test,0x1C06e21Bd42C331f6A7b9914e60C60B5B8F02DC5,1718,1717
test,0x1c1aa049d56b7ef02dca61afc4a815e9aa95240b,588,587
test,0x1c627fe3e0d4b07548eb3c3d7b5af2aaae4a3061,102,101
test,0x1c67ceba2f78e8af111279dc6d59fa5ef1707781,359,358
test,0x1C6b16f415e7F35f0eC5D84bb53612421D90c832,545,544
test,0x1c9055f7ecc5c679b85393b970b17eefc3a8cf98,1651,1650
test,0x1c91e4136b8c33cfd24344e0dbc6a4a9dde999b9,1774,1773
test,0x1Ca0a2632519021798CB0e0a073371C8dDFcDDe5,824,823
test,0x1d0f2332f8c5800fbf344dc4e86ddf97c52b7b67,188,187
test,0x1d26883a84a81b3046e027bbcbe7506a90e6b5a5,621,620
test,0x1d8ed4b0a3147ed17ea09582b46e0c9635396720,592,591
test,0x1d92711fc5874cd93474a54482e435742f17930d,350,349
test,0x1dc2ee8964dedd6d08ae26ae685eb19e54cd646c,814,813
test,0x1E13DC9201A06faA929Cffe3D7667d3b2E982882,297,296
test,0x1e1fe9186c223ee1679634e3cfb7c03276b19493,537,536
test,0x1e33c0f122e136152b3c8725bb57af20ea94370b,1603,1602
test,0x1e69c3cb4f08aba18bad6da03f5c5441014d4169,597,596
test,0x1ece979fef22c248bc7eca0d5a0224b09942d660,102,101
test,0x1f0cf7afa0161b0d8e9ec076fb62bb00742d314a,1007,1006
test,0x1f1aba22635a7a1c73b1f48f33480d7ce686426d,595,594
test,0x1f26c33b8aed19a68fed28b712696b4102c9a6e2,1043,1042
test,0x1f4ee7184e1944aff86fb5ee95e247d1ea05c721,513,512
test,0x1f52b87c3503e537853e160adbf7e330ea0be7c4,1008,1007
test,0x1f54638b7737193ffd86c19ec51907a7c41755d8,699,698
test,0x1f5a7de3ff0c94c66fe83cfcb7d3131ad94658f1,544,543
test,0x1f73d9af1b5583cbb5e41707a66bc5cd386f4545,920,919
test,0x1f7725942d18118d34621c6eb106a3f418f66710,135,134
test,0x1fdedef5c2da1ed9db44d80003a9592dfa18163c,1858,1857
test,0x20138727bad91ee61db094a5edba6343b6f67669,622,621
test,0x201899a8d326626001daf0f31500ae43a8627307,100,99
test,0x204c3e5296ab443707e5404a509aa5194e63b12a,623,622
test,0x20725760B5561517eE381d80BED0F1A747aC4bc1,545,544
test,0x208886ebb785809356d058d7abfbeeee79219737,142,141
test,0x208892d016785f0ff637d45b779d501a8c027548,350,349
test,0x20c11E5E049CC1F13B3F27780Cc7830059d92984,347,346
test,0x20c96F7664EadB6c43A16c189A86dfeda4733b1E,1547,1546
test,0x20d2f8fdd0951f2f5249c86b3cdc2be7656f2c01,492,491
test,0x20d7d4b07a2dcefe1bd99ac11eae2f5a8218e454,942,941
test,0x20fadc9071ca27ef7648cf7b47a318a760f7f414,543,542
test,0x20FC9eFC67e49347e05188e5f2bfecBd8c01Dd20,635,634
test,0x210800c51e803a0df349c6761a71776c314d13a5,293,292
test,0x212dbc29bD9B67a6F6231a8DcA2640BD9636639A,523,522
test,0x2183481bf5fda35ca45e85d380603def3bc069e1,255,254
test,0x2184a4b834d343ef0fb0a8a5039ce8b697004ac4,386,385
test,0x21a16c2b16c3f0dc75d7ddf0bdd0f76ab26d148b,1854,1853
test,0x21aec0a028d7adec228595b24439c7eb969edd5f,1938,1937
test,0x21c852fb8e7ff1f9e6f8ba43652fd4d7907c38bc,1010,1009
test,0x21dba2e352acb09f258382836c9984ff463ac3e0,544,543
test,0x21dc1c2da6a347b44857a2fe7455a085d9b08dc6,679,678
test,0x220348263aab5a038845483f6096895aa59f3977,96,95
test,0x224ad3b7a51ac26dbf870e45c59de33db9d17523,463,462
test,0x22aead78e3855c4b42c60c15ac37ea96ba3a067f,350,349
test,0x22b925def28A50EA5f1C13A2f056dDF2486D2Bc5,1941,1940
test,0x22db6364e421579cf8103ad542c47a300c335f5b,183,182
test,0x22ee0a690bab43c314e198cd63a96b7abaedf54c,350,349
test,0x22f2aaa18f59d37623eced8bbbe42155d3b907c3,351,350
test,0x230f66692f5cb2cf0eb3cf50520b04b75a520f0a,7689,7688
test,0x2322f82d952116d044edd05b0bdcd098335502c3,263,262
test,0x23abf3e448386251926d31c534aaac63711a39db,997,996
test,0x23d79b8bf1b34865ebd9ea3c558724ad430599da,397,396
test,0x23e85f949356a16946bf4ec9e1d05fde6b21e503,1646,1645
test,0x23F91a54AF690e9D2B20c043827BA66648826c28,342,341
test,0x24083bb30072643c3bb90b44b7285860a755e687,296,295
test,0x240f205c46e1607dc6f786fb313bde3dff068eb5,268,267
test,0x2431c4c36f9899442ff24bb71650acc466a0797d,654,653
test,0x24692791bc444c5cd0b81e3cbcaba4b04acd1f3b,592,591
test,0x246fc23e1c0dff674283582b2c71c492f47ab62c,934,933
test,0x24868f9241087f3572ce1d574f26a44ccc70bcfb,296,295
test,0x248e0d89d2cb13b5ce115cae4ffea9c69a6675b4,1555,1554
test,0x2496477fb081a0ee9d62e7c32d897872f28ae86c,566,565
test,0x24cebC1548e698fEFFB5553B8Ac8043b51069Faa,944,943
test,0x24f32ab937b6dff4e8cfc2d2018802755f965550,338,337
test,0x252a2fc5f9547ba0e43100bf1e95c971cef5ec7e,350,349
test,0x25432dD810730331498C22FBf6b98432E7ef3E66,1358,1357
test,0x255aa6df07540cb5d3d297f0d0d4d84cb52bc8e6,1301,1300
test,0x25858bcc61c544466b04b1b5b7efcccabac71e74,3239,3238
test,0x25a41d70784cb6de4750c8fdbf43dd34e3d79255,572,571
test,0x25e3e38b52f604585a117abb2b408e64e1bdc074,1261,1260
test,0x25f8cbe932495f3f172547243edef200792ebb66,358,357
test,0x25fd7ea79bf8c89eae46e135e4d6258aaef2cd3a,544,543
test,0x2604fa406be957e542beb89e6754fcde6815e83f,725,724
test,0x263cfaf177d5a595b8019af531e56d1e3f8dcf0c,350,349
test,0x26436e73fdd02adde8ae7ab61fa660d6f7926e6f,596,595
test,0x26987c0b7712bf1df35b3781a3e96e793091d95b,182,181
test,0x26B1FBE292502da2C8fCdcCF9426304d0900b703,330,329
test,0x26d0a48c114026934d4d80283c1570280ee2e791,342,341
test,0x26D22C7d714824Abb0589329e58662A725c08904,350,349
test,0x2716d9189adc5ee2fb35f193b79b5578c3d7bcda,414,413
test,0x275a9048bf6d775a7f8b200cb2e258c33dbf6bdf,1136,1135
test,0x2764ee8557b6dab22d0d505b21b73507f60c5619,350,349
test,0x27bf1f282ee96cdb4bb921c961fe081f397e03e4,2470,2469
test,0x27c8566bfb73280606e58f60cb3374788a43d850,524,523
test,0x27dce1ec4d3f72c3e457cc50354f1f975ddef488,1377,1376
test,0x27e7383e49be6fd965805a0302b32e40c3d9981e,204,203
test,0x2807e558a7eba8d25c3a05a0e7e9a6a437a6e6a4,85,84
test,0x2880163d22b8742a8736b21ae9f8b7f239a22243,483,482
test,0x28c4860a7081c652260b8a351d31ff04ec882691,350,349
test,0x28d48a116674c62043fb2d2a79427f18df59efc6,285,284
test,0x28d7ce9d3eb5ce111a85b6ed7ffd629c75d4f960,653,652
test,0x290bdb17bc906d8d2c09f43302f86538bf4bb1a5,566,565
test,0x290D7f8B8d7DA1E92903405A74667C934ca8F086,307,306
test,0x290e2b23954905543d5627c1141e0f54724d081b,547,546
test,0x2927f3a7bc9b9e59318b2ae0f97964a67853418c,314,313
test,0x292fd2bfdeb3d5b8eca1b941f91d7629e623ecd5,1004,1003
test,0x293a7b4e8ad029ee50e52081b10df266fb1cb99d,513,512
test,0x295b52907435bfa10e6edaa7d11d976e6e97ca1e,544,543
test,0x2998328a3a0c95b6beb64c694b6b60aba386cf98,1510,1509
test,0x29d75277ac7f0335b2165d0895e8725cbf658d73,446,445
test,0x2a0c0dbecc7e4d658f48e01e3fa353f44050c208,1238,1237
test,0x2a0f713aa953442eaca9ea47083f656170e67ba4,137,136
test,0x2a3496143843d60af19c2c750271b08218b3cad8,534,533
test,0x2a434a3c1fd28a334b982cd19a973ea412e7f294,350,349
test,0x2a5c5212f399aa04a0ce28dbe48c1a17fca78df4,594,593
test,0x2a636bad930d7c7d5c3b9ca6b1b24792858b1d3e,382,381
test,0x2a650356bd894370cc1d6aba71b36c0ad6b3dc18,1546,1545
test,0x2a6e010c4fce2211d1f4d47461b9831a51d9e451,434,433
test,0x2a8b3fc5b6b64a8717ec78f7db113f93b1b73e98,342,341
test,0x2a960075bfc721411c95ab3605751fca2d9bb384,102,101
test,0x2aa0a30006fdf8cf273ddf7a80c56eb3646f28b7,1421,1420
test,0x2abb51b241c7363651cb51c76ae989bd0458da6b,350,349
test,0x2ad1ce69ea75a79f6070394a1b712db14965e3b4,228,227
test,0x2aec18c5500f21359ce1bea5dc1777344df4c0dc,1315,1314
test,0x2aefe4251e5041112fb76f73503b097cee86816e,342,341
test,0x2af47a65da8cd66729b4209c22017d6a5c2d2400,1823,1822
test,0x2b2fef5a752beb8c2072e1969f4cc45b6f2eed41,1474,1473
test,0x2b300b6f1465b7200f798558d028cb947d6c9e15,476,475
test,0x2b33c185970c3c33ac52a5240e3a81417147d7a7,532,531
test,0x2B48fBd3CAcb0B75dDD42cE0345dC831E291c73E,540,539
test,0x2bb10945e9f0c9483022dc473ab4951bc2a77d0f,358,357
test,0x2c09bc1ebe0acd145fe10add38ca02ad7b55eb44,350,349
test,0x2c0c06dae6bc7d7d7d8b0d67a1f1a47d6165e373,617,616
test,0x2c1180e2818069e5a9f911e636fb8f3db5106a9f,294,293
test,0x2c7ad26f46e53eff2f06e10b83ea413f14706585,350,349
test,0x2c8eab1b7c57a6f9f81f761b26b71f99b25ff59c,819,818
test,0x2c95fbaec525009ac44eb3e7c39ea250cfcd4753,399,398
test,0x2ca0f61091e270d3903a20f4d63075abe01562c1,515,514
test,0x2ca8e1fbcde534c8c71d8f39864395c2ed76fb0e,463,462
test,0x2cbd64273066bc181c792eaacdc8e5e522ef94d7,675,674
test,0x2cc572eA86ABcf75C113fE72752CAF0216c74837,896,895
test,0x2cd92fb2e70f30f0a647112ef386485b991e442b,280,279
test,0x2cdc03ccec8a8e7d349a472b8b49011bcd3307a1,350,349
test,0x2ce4fab9f313f1df0978869c5d302768f1bb471d,264,263
test,0x2d07d53c82978fdce1dae5d5dee38923f520dd63,337,336
test,0x2d3b62a8b756103e417d161c20e97e76ed5ef0c2,1495,1494
test,0x2da22Bea3C346038626Bb1775C8f1e7d98d20607,1256,1255
test,0x2dd35cbbbc058c37acf7821d2abde9595eb4c2c2,2128,2127
test,0x2df33959b28edbb07f75ecf3dff15067aaf1ed21,350,349
test,0x2e14e0c5589f5d6c4f34d230950f82177e001f53,667,666
test,0x2e208cf41b721c3cb4ac78cc05938619bdccc0d0,596,595
test,0x2e21dfee620608aef6f023533c4db4c5eacb4756,338,337
test,0x2e2e617e4625c6a30a3290dde5b689212ff061e8,262,261
test,0x2e346df80bc3992fc906e34809e31b98968e657a,237,236
test,0x2e417490afb5244b328c0d35564238f5bd82bb12,1190,1189
test,0x2eCF8D1F46DD3C2098de9352683444A0B69Eb229,83,82
test,0x2f01bb428df76711c7ed17f51b06bd0a9dc709e6,625,624
test,0x2f09a5ea600a54a61bb9937478219f58f58c2174,1487,1486
test,0x2f2cfc852f0137bbdc124bf06174cec902a8c75b,421,420
test,0x2f2f25ee6a102272a484fa85388f0206ec7b0668,851,850
test,0x2f5381ba547332d2a972189b5a4bb895a32ae4b6,613,612
test,0x2f57384ea701c9d84d6ba0b6d00eecb4ae9fb0f5,927,926
test,0x2f7e0badf918a17003e27df16da2034b90ed0995,453,452
test,0x2f82fd57ba317078d6dc28e008cb27110e622a4b,533,532
test,0x2f85E502a988AF76f7ee6D83b7db8d6c0A823bf9,116,115
test,0x2fa32a39fc1c399e0cc7b2935868f5165de7ce97,737,736
test,0x2fdc9fabfddded88bb00f9c9c220b247d18b641c,254,253
test,0x2ff92CF5839c874B975B234D1098bB799265Eb52,581,580
test,0x30066b1e60c2b5d05d7c8feb026354b8471b4393,143,142
test,0x300707fd457f707db56cba0995755da78775c84f,965,964
test,0x300f516cda4475660ed27bf87bb49b95da8ba0e0,3304,3303
test,0x30281939b520a15cdadb509c94e491404af87385,308,307
test,0x305239f0bb2D9d7eab58f5123ac5D04226AA9C26,1026,1025
test,0x308c85d90ec327e0ed3fa7bc5771a21034c0cab0,350,349
test,0x30919c5c5c7727eea89b110d7258cbb36d541377,421,420
test,0x30c1b3435b529cb429225f28acc1ea69964844b9,131,130
test,0x30E055F7C16B753dbF77B57f38782C11A9f1C653,29,28
test,0x30e18f4fcc310b55f86e73ce913e348c21bb75ef,221,220
test,0x30ed9d2a07f4a79557c8e75ad4d95071a18af0bc,3132,3131
test,0x311d745582a97be5d7abbce48855ecec72737c5d,3009,3008
test,0x3136eF851592aCf49CA4C825131E364170FA32b3,1082,1081
test,0x313E0C72302F3dF7D2cf88C74FD9B16521DB6516,350,349
test,0x315a2431bf2849efd7b56b26bdf2c33b3a323bf5,350,349
test,0x31dae56a501538eaa6ef37a6b6d6289cb97943d8,511,510
test,0x31EB9d9A2fa971B66f87E594bD6f8A5481b03DE4,474,473
test,0x31fdf78bd3b46925e185c814ed73c53295b42081,521,520
test,0x3244A3E0e66aEb29d3F83174b3FB9ae0719616e4,613,612
test,0x3249fd8a52e69552b3a691ac4beff3d2cd51fbd6,1898,1897
test,0x326656615a2751f34cdff5e6b8ac5f64c3a76b36,917,916
test,0x326eDb1CdE4DC98d2b2640C67CAcfa0874432Eb7,154,153
test,0x32820575704cdc863c723a0ff1bf5405c1e8952a,617,616
test,0x3293Cc907fdE439B39aEdaF1B982785adaFf186b,549,548
test,0x32b7749903674068fa97d88efa9358a0427dd41e,471,470
test,0x32c04c9f01ddb018859f6b26e09efcfc36246873,666,665
test,0x32ec2e6967687825123c5c0f30c18e2c47708df1,2552,2551
test,0x32fb1eefebaa9480c904893e6048ce0c1c929ac8,526,525
test,0x3302fea6fefb6eea9644a367da497c2b3dbc9f5c,292,291
test,0x333b63f5c455f381bc2a13b1b8aa7da31fd1fc02,1129,1128
test,0x33539E2f081aE55540cFa38838FF998D7e15415f,948,947
test,0x33a4b06a3ecc62062ecf3646eff39f952c8fffc9,350,349
test,0x33b44a1D150F3feAA40503aD20a75634Adc39B18,129,128
test,0x33cb67c11904c24d6898c7f8f1f5e5a90553a79c,195,194
test,0x33cc43e3264127f839ac7073e1e413fd1468ea35,1569,1568
test,0x33d3b085b60af885e2d67d44859e0e81964e27e8,1143,1142
test,0x33D514e149ca8405ad9644D5fd2384B645Abd668,1338,1337
test,0x340D2bdE5Eb28c1eed91B2f790723E3B160613B7,1276,1275
test,0x34912f042fb126fb9ea2a72ed1116a8d33d12487,1146,1145
test,0x34bf197ab0be872210ed6e0367f6762281c00e68,941,940
test,0x34ea8cdc7837d3a84f5869909104bdb1a7c8cb35,125,124
test,0x350791c10c94cbf154c6d1edfd14e09bb46edff5,338,337
test,0x353230862ae8ab6ca5dde592654acd6cdec1c1b2,400,399
test,0x353bb24916a3c65fbb44a178e7c0d0776798fc34,353,352
test,0x354fd4d1e0d476692756da6b76b4351b9ea31ea9,1583,1582
test,0x361f5a02be315ed1241d8c2997d1fc35aaa27596,699,698
test,0x3635197ea6db5CcC706aF7360e8665547da045fA,23,22
test,0x36d302f0847a1245df13218d923151d8d2365107,1610,1609
test,0x3730117F77ac04Eec364BF72a656010FA4703D76,3061,3060
test,0x37444febd7e3dba3e96f05dc851143ffec8b20b6,617,616
test,0x375b3ff1df2288630a5372c484ce3f2095e832f3,1180,1179
test,0x37aa63c4cbd06a57f1ea35bceee4e46f0a7ce924,1395,1394
test,0x37e026a1f260cf67fb21205ece2609773f9aeffc,608,607
test,0x37f25bd26848cf02614c29338dd71a4d03b62218,1200,1199
test,0x37F39fC0371C1243ddc05C587964B35Ab1206da5,681,680
test,0x381c23667cdb85514b8bc8ebe7406fec9d0c8f3c,1741,1740
test,0x383bf1fd04d0901bbd674a580e0a621fcbb4799b,1344,1343
test,0x3845f2534e6db61d3c093a84fa6b3672c895c91b,720,719
test,0x384e762dAd922B22a0d06f4D1229582473D2DEe6,448,447
test,0x385e817b0083724672cb998a7afcf6da05bc0c7f,139,138
test,0x3879717b92284fd4103585af2ec5d34494cfee57,455,454
test,0x389e1a5cbd389ee9830781fee3fd6a6847340463,685,684
test,0x38b03fe09d0a47bcbe7f80bd0441f9f83821437b,1586,1585
test,0x38f0655446eda0542ce309a94bb15329135d69ac,1060,1059
test,0x398acb6594866bc7ac3a23e925b2fc3727c19828,1164,1163
test,0x399f9a95305114efacb91d1d6c02cbe234dd36af,361,360
test,0x39b05C0C94AD5c6231086FA5Dfd30F14aA02a4FB,391,390
test,0x39de38ba63d172b962db2fc2ee5e4376287c50bf,1521,1520
test,0x39df5af51c47256e5c63b3dae1a21f3da4a58e89,2421,2420
test,0x3A157f8041E618Cac2B68D2D203e36Dd8D96Bd90,630,629
test,0x3a2c9017b1895274aa5e5f0cbfa8097de0938498,528,527
test,0x3a40128e156909bcb44e0750923e61bc5f30be27,86,85
test,0x3aa1465c6649d8c09c380158007410da02ecad3d,350,349
test,0x3aa343d578050e333676b560f6465fa181c02edf,785,784
test,0x3ad158c1d0ba24eb86e4bc49a7944f08941ca7bc,350,349
test,0x3b025eabf29b05566bdcbd3bcb46801cb6c6f372,2586,2585
test,0x3b13575edad8c10665bd65918801929bc7699259,350,349
test,0x3b514e091f220c582a089fb8b8721b23646f2c79,1230,1229
test,0x3b703cfda1cd300a34e895927c1fee83de8d9102,544,543
test,0x3B7FF5809E40BF2388dcB4F269Fc139707379888,842,841
test,0x3b8682acc08584d2cbdda4431b891d0323c24b56,1171,1170
test,0x3bafb3af16203c817ee9208c6b8a748398dae689,50,49
test,0x3bb4a28631fa5f1eafacb583d005659747dfeca9,350,349
test,0x3bc73fda7c90fc7359399664d25ca943793f1e6f,353,352
test,0x3bef14530cadfd76916f06f8d15592c3230fd6c0,33,32
test,0x3bf050019c7ffe990c8a4667b40f246aee352e7a,353,352
test,0x3c337fa1bf8725f59f73db6db719c792c5e8ae74,564,563
test,0x3c446a7bdef44b0b5012d0e693856b23a4caae28,350,349
test,0x3c4e9b17ebbde69f0cd013a13ab4a350329ac6bb,362,361
test,0x3c5f3161deae3e444f334cf5a5f85cca914a8397,1200,1199
test,0x3c62259b89d0bc1999be7f921fc89dcb9c20987b,846,845
test,0x3c63d4b0330a1ab969ff0f8b2ba227540a15b0ca,1666,1665
test,0x3c6ce03a4ae39d56da53fbb045cedd2d750e4531,907,906
test,0x3c7005a33790edaa82faf1efb76d82f9cedf0b94,819,818
test,0x3c7320775ddcb1b8cfef283a65a75715a6ce4d03,997,996
test,0x3c7554cd027c469db3ac6343796bb5cc12eb05bc,396,395
test,0x3c97676ec12e37ca91cc31f03ea6c17d7bbd52ad,630,629
test,0x3cb7a642b1966c94c425c0a903f4c0e033e9b7e9,446,445
test,0x3cd9b53eab1f941ac39b7a5689d9f516d82f28a9,864,863
test,0x3cda321291949b3e0f2e8cc2d5ba9cfbfdbaf049,971,970
test,0x3ceef257124a5af216144574a3725f75fc487fe3,258,257
test,0x3d017363fba596f739a23686adaa91d65aac2d4b,1790,1789
test,0x3d113397839fd5107a16444990dba235994dd3b6,619,618
test,0x3d2380b2036e3ed8229fc8e3b9a62e7a10c073fd,656,655
test,0x3d25ac2e37709b8f68f79c68d36ecb61480955c8,592,591
test,0x3d34cc988d583dd2757acaa18a1e90cfab8b7b1d,1196,1195
test,0x3d61e14dac9764024243fefba73b5febbcdf647e,1497,1496
test,0x3dc21884ac3a470f12427aea63549a3d7d52661c,350,349
test,0x3dcefc6079d5168a74713d5212a1a24896b22076,573,572
test,0x3defc24afd8e4ee96c86dadd728aef0a5774ad75,726,725
test,0x3e02b51439cb90698d54aee36bb29ff8bb76b74d,352,351
test,0x3e1a13a6b8bafd58a5bc33a20dac48aa1868daea,204,203
test,0x3e6e5b2b9d2938042a30ed8672ff907f3e8a3fef,350,349
test,0x3ec4f3ac06b3334671acd218b3b4d8ec66c41223,1738,1737
test,0x3edca4a0b54fe952875ca9bea6cd654fa2432dbc,860,859
test,0x3eec78485181da25a0b7c47db9a51849481df859,580,579
test,0x3ef1d9870c18e24547aeb02461497fb052eff111,1716,1715
test,0x3Ef65B52E2238E9F4D56Bd725104Dea6Df19B9E5,420,419
test,0x3F500A7e3783FBd228DDB894DE2Db110eED83A5b,1954,1953
test,0x3f9ad22a9c2a52bda2a0811d1080fc9cd23c6c46,308,307
test,0x3f9c0a5773817ffaa5a1061e1e33c1d9c8888dff,1168,1167
test,0x3fb06d756276d4c97b226ce8daef23cc8058653e,350,349
test,0x3fe2a71f838a4ef4320e46bae7a7abcde99732d7,314,313
test,0x3ff8c78e266395D08f41Ef1631391f0050D48081,355,354
test,0x3ff9ba3001e61d5833208bef78ea5c268d418398,463,462
test,0x4021e315e76dabb392056bdde69676eabfb35116,1341,1340
test,0x4045Fc5D5885A12D17A0401b42E99Cd69D3D93e5,1431,1430
test,0x4046a3b951a7c3e2e4a366ff778b5a60a585107a,571,570
test,0x407c43c52958e37337c6b241a1d79a714a743da8,1240,1239
test,0x4094a00de30572d4ebfc744717dbe7e65d8b0ac9,350,349
test,0x409baa2d806489b0acf1b9f9709897671f179262,350,349
test,0x40ff2d08804f1a74164741a9722c10ae15c2c148,526,525
test,0x4144a95F0fcD0527fe8027296d83Fe6a45f28503,361,360
test,0x415116bad878730f5db008ff381a73222128ad39,653,652
test,0x415d9873769ed692a79d0fcf1c53fc3ef2e6888c,545,544
test,0x41642b325a44df26357aad70f013d828f5adc52a,802,801
test,0x416993d2384d9b82687f34f7fea29f6fb2c6c56d,2972,2971
test,0x41a09d330f3d9bc4d269bfa872bc06db1c5a04fc,1771,1770
test,0x41b54744d077a60104a9f3dfdd681ad2694eb5e4,875,874
test,0x41b909cd4cda90f04d0aaf4097727544fd8ae47a,182,181
test,0x41df4b9dcd8cdd098eb1c1a95e15e0ac8e882ed5,350,349
test,0x42095468d0af5976caa589ad6db91a1b8913be4e,833,832
test,0x426b848a02dd755c6648c2623401659d65063199,511,510
test,0x4290563C2D7c255B5EEC87f2D3bD10389f991d68,886,885
test,0x42a924b4d5194b55133508813a831caa27fc97bf,350,349
test,0x42b7c3dae45084fe3983725a70ec01ff4c05efed,7400,7399
test,0x42c1b347c470d746d096e3b1420a31b29f35291a,1149,1148
test,0x42c2ef80c2d5b59f7adc3ed56f53e7ba09c58141,799,798
test,0x4304bd6506aa9d2708eed2aea1cfcb0adaf652e5,479,478
test,0x43161bd5597b12afb83b4ecfec8f4f0f9e452f30,653,652
test,0x433e077d4da9ffc4b353c1bf1ed69daac8f78aa5,665,664
test,0x4341852389bd149920cae3540dd88031ade8d0e6,1742,1741
test,0x436aad97c5c4298521a1295f5e55c7bd9ab090c3,493,492
test,0x436Eb62c3bF9e730aE11F62574d22FbCB8e587FE,630,629
test,0x438301bbb5941f2d6c6db74ee90474cad8692087,1264,1263
test,0x43b4ad21b8585de3f758d9829dd5d6b61ffff3c7,701,700
test,0x43bac1efba1d8750d9ad8b3e4705f84d0ba5477e,353,352
test,0x43d7e2435d97477cd77219e1dbe1bce54e4b23e8,350,349
test,0x43De395326E1FD472bF8AB81bbC895CC620705eD,32,31
test,0x43F833373A44f4452a9D23a182008cF219445ec9,822,821
test,0x4403e15053786abaef11d73f2a08a54c9f58fc34,433,432
test,0x4405a12a00c3e75460b63e69569477395806b2a8,544,543
test,0x440713f4d21d54a2a5fd6f8d358df40c32a04fbd,1043,1042
test,0x441398b701809c617004a93eba2c9c701d439375,1156,1155
test,0x44197a4c44d6a059297caf6be4f7e172bd56caaf,590,589
test,0x441c5c62c2257c9e8c91e53dd5731aac586c0532,436,435
test,0x44509b653788fba0ecd37c0b0ebc9475a5792328,551,550
test,0x447165410bB70f81D9dfd6e8E275D88634344312,335,334
test,0x448b142f7607cfb163919a0c6252c393327d54b3,24,23
test,0x44afba0928e2175cfa326bffd6632e43b4b1a8d7,903,902
test,0x44e320110176c11c93e116f6770f13d96deded43,438,437
test,0x4523f19c7618cdbfc564f445ec92f8b8d1723c62,633,632
test,0x452e7884a4f5ac9f639489f7190e479b30de20d2,818,817
test,0x456155629affa6c1a7ea0584c37f023c3a2d727a,1824,1823
test,0x456c4350EEFd17315713b265D8BE8b6063A5Fab8,1183,1182
test,0x4583655912cd2bc084789599c9b6b320ece8a9b1,544,543
test,0x458467547753fd34933917bd4f1f3907b9ff7774,501,500
test,0x45a353132143f475b355620ad9d7413d0222ea04,598,597
test,0x45daebec837dadba9705ae3348e66490481668c0,1768,1767
test,0x45f1c8450a37e061ab108a080ec52f8f110e75d6,513,512
test,0x460db39fb2ba2d5e77241e76b28562baa0d1ae1d,676,675
test,0x4634f582197e9cb1d80fb98cdbb5e5ccaecd1bd8,350,349
test,0x463f235748bc7862DEaA04d85b4B16AC8faFEF39,154,153
test,0x464e6abc2f9a61cd17e6c52ad06802fbb4af7eab,779,778
test,0x46706460504aa8d1ac2a9a6140a96e995de56f35,1231,1230
test,0x469cac3cae51d3fb5ad2699f9e2494feb44d5662,1235,1234
test,0x46d19b2d282494c0b6f95db564f17cee7f799312,350,349
test,0x4702d2c2a715e1c3a738b923236d12fe834b61d1,355,354
test,0x4727829190b9867f6d01aacfbcbb8271e20c20f2,305,304
test,0x472B07087BBfE6689CA519e4fDcDEb499C5F8b76,398,397
test,0x472b76c61aa0eb8134a8eb1220c2598f33ce6b67,582,581
test,0x473672639976c2bdb5349bb474d11950ed82ca6a,350,349
test,0x47fb9b34d4eca0ca1d25cafcb4924d8fc94e8170,911,910
test,0x4824a7b64e3966b0133f4f4ffb1b9d6beb75fff7,722,721
test,0x4836658ebc0585d2b12869f2d689c286ee50b4a0,355,354
test,0x486681bb877703e4385c8fe9688bff776cbc11c4,1725,1724
test,0x487abf8548ec001d5bcfc49574cfaa19ad616146,682,681
test,0x489df6493c58642e6a4651ddcd4145eafbaa1018,613,612
test,0x48b44a7a1ebb16fec72893fd86bb66bdefd3f3ef,493,492
test,0x48d8f22d45e40F34cB7C10799F31246F134E9B7f,6294,6293
test,0x492a418cd28cee905a9ce1c519dbf94cb6c6ecfa,386,385
test,0x49449da173201887389958186067ae80bb09d234,682,681
test,0x494bbaf0124285e6ecb4dfd9eac76e18a9bf470f,350,349
test,0x499121e9367B3c7d52F41315cD8606691B088d26,1171,1170
test,0x49aB0d7ccd08b1AEE6f470D17Bc39Eb874029357,1547,1546
test,0x4a0b4540317d156d89a8465041569ad68102d6cd,657,656
test,0x4a42d2c580f83dce404acad18dab26db11a1750e,296,295
test,0x4a4aC8D0B6a2f296C155c15C2bCaf04641818b78,282,281
test,0x4a515742e74bb907a0426edade5408abb3d41cf2,350,349
test,0x4a527d8fc13c5203ab24ba0944f4cb14658d1db6,1167,1166
test,0x4a792df7795b32c77a9b35101418d9aa133d0629,609,608
test,0x4a87875774799e2d3f15733bdab511092057d222,563,562
test,0x4acf2CaDa3B3fd92de2191cB5Ac78e2a753E5c7a,544,543
test,0x4aef06aa244438f28fd60c710a1cdf825374bcbd,245,244
test,0x4B177c969E1E4F5EA6a01E7707e77d0b9d289C4c,6806,6805
test,0x4b3b64754c564d5f6fd07814435d051395663d5a,350,349
test,0x4ba72f0f8dad13709ee28a992869e79d0fe47030,3177,3176
test,0x4c13184721de2d1b47a8875775ba3ce0b2e00ee0,883,882
test,0x4c79c1c19cfac6c05e5850226ad41fc2ddf85491,646,645
test,0x4c7c98c4d64c29ef8103b005eeccf5145cfdf8c1,161,160
test,0x4c92efd7dabfd1d1af2d96989fcd4e6edff691b4,350,349
test,0x4ce6b8c58df45b2d3976737ffb98d942f82300b4,599,598
test,0x4d10b0e0c6a333b62928c766fb3d4db0e84da8f3,483,482
test,0x4d33f3c3de7918c31517dec283d698bf4f17cd60,1100,1099
test,0x4d829f8c92a6691c56300d020c9e0db984cfe2ba,1201,1200
test,0x4d9b86A39D73101a8dB6E1b4Aa8c1ecfDc3F956E,592,591
test,0x4dc76cfc65b14b3fd83c8bc8b895482f3cbc150a,86,85
test,0x4dd28be042f85e287e9aace4147152bf1cd835e9,988,987
test,0x4dda7044db5fa409cc36629077ef6e56ee9a96ee,879,878
test,0x4e2504551edc1fefd574e0c946c1d9c8db250afd,1369,1368
test,0x4e3d88499917fe0597cc5c789868cdce69de4847,1431,1430
test,0x4E546b4A29E2De365aE16BC7B69812Ce3fd943A7,1185,1184
test,0x4e7a34c6c29a4741858a7ec5622cd8be21b0351b,1606,1605
test,0x4e9d3792ff24babf36b83c0c36113da6714917c6,7367,7366
test,0x4ebbead673d51a82b4387e5f9dbdfb8efc1c9c7b,866,865
test,0x4ed18fb6eb840415fd4cd19b7444503e7e64c511,1741,1740
test,0x4ee18f80c4c6e1e7ecb32f2fb6393486924679ac,613,612
test,0x4eecbf6534d10957e53f4bfe1ae10df2021c1684,397,396
test,0x4efcbf4c53158808fd067f58e1c67d496ef6c9ff,927,926
test,0x4f2db9cd7543eea193dc54d5bea3352c66680c76,617,616
test,0x4f2e42e35f8bf1ab1ec0509b6d481dacc933eadf,336,335
test,0x4F2e5EDef2d1726c2Be1efbE8308793e1C6A1fBB,95,94
test,0x4f3e1a467d2ce2e01941a789ab226c13202d880e,491,490
test,0x4f4e3c9f499003697a14efc3208431b2811e7a6f,453,452
test,0x4f57a9289a4b113dc3638913e594dce50fd73ff9,342,341
test,0x4f6be59d4203db1e231b66d426531eae4b283dfb,1576,1575
test,0x4f7d8e5b30a416f93680e3496e8b2869162f974b,350,349
test,0x4f8144764A115B868CB14d71576ccf961f943452,1420,1419
test,0x4fc550cd2312ed67cb3938378c90c2a76fae0142,902,901
test,0x4fdc2078d8bc92e1ee594759d7362f94b60b1a3d,274,273
test,0x4fe6523c82b832b2cf5c31d4ed2f3a652325468d,1054,1053
test,0x5003b168b457b663c3c18ffcf5b6a24bee8f59c7,350,349
test,0x501a752f6cb44bd7c8e9ea0d97347d6c65a48ea5,1211,1210
test,0x5060ff3a28ef3ef8a24c52e01ad3cbfb0e6a7794,350,349
test,0x507cb4f9989a42Fb045458535fc972aC0AB786fC,238,237
test,0x507e58f28e14cc351558c555ec1b0de374080383,765,764
test,0x508404d6f5342b4a11a08e8be3f9bb2ddbdc189f,1376,1375
test,0x50ad84b1f81fba29f7a32743cf8056c209e41c30,378,377
test,0x50ca2de80e803bf4b00f188545bca959540c5582,916,915
test,0x50cb2cc66f839a9c452b6b703ed83f51aa0e316c,350,349
test,0x50ecb3c07b40b882a67409865f35400751643c08,11,10
test,0x5102791ca02fc3595398400bfe0e33d7b6c82267,1769,1768
test,0x510467f65a600926af2ed565419ad98cf1f706ed,726,725
test,0x51260038022105d1acd2d8c286b00b4267bfbc25,349,348
test,0x514ab9fb627de22542f9aa7e561980e46bf17272,42,41
test,0x5150dCbb97c035005Eba4931610331AbDedb3623,102,101
test,0x51c340f52ecbda35f56578fb0571fb4eed064fc1,805,804
test,0x51cda985dd0621cfd54b3056d9a5777a793ad507,392,391
test,0x51cf62dE2339682CD5905cbb32faD4403d0cab21,1355,1354
test,0x51e42087549dd9282362fcbbf328f8e34b27cf66,325,324
test,0x51ffc1b089392a5bb65bf24eaf04d07d0e6f88b5,847,846
test,0x52035f001502d5f4b0555d699d448da4a20f67cb,434,433
test,0x52070b253406fc4F2bf71dBaF910F66c45828DBA,426,425
test,0x522111258771cAe79913c795A639B4a2fa4042Ec,843,842
test,0x52a31d995ae29a5d34bc573b3458971050637f39,867,866
test,0x52ae2b53c847327f95a5084a7c38c0adb12fd302,3713,3712
test,0x52b45f66ef0cf236b6741d1edbeec3e7dbdcd240,254,253
test,0x52c2d09acf0ef12c487ae0c20a92d4f9a4abbfd1,118,117
test,0x52cf79593217e2ad49cf4e8c9ffe191e5fbc1694,1306,1305
test,0x52d2e0f9b01101a59b38a3d05c80b7618aeed984,89,88
test,0x52eE48926c82f5BbFB7051eCA499cfE2ef117ce6,1040,1039
test,0x52f25081967ea38132d1e44e681a37956f5a75ab,131,130
test,0x52ffb515eceb5927dfec948dca10e5233db8f27f,1554,1553
test,0x53148bb4551707edf51a1e8d7a93698d18931225,876,875
test,0x535425c692ab4a98b3b407ad974997a228d7ce59,350,349
test,0x5365b7a3e4f68a84323792f2d0b44b0bbd5b6f0b,1539,1538
test,0x53ebb10ca7f91e6c90d7ce9249cea70e75948b16,798,797
test,0x545cecd22f75afb0612e70b503fd913a5d008269,350,349
test,0x547116a8c592c4d76f9d843af04f5a66cfa32ccb,195,194
test,0x547759d4f3BdB4deAC0e8D3787d614468E9d5162,348,347
test,0x54a2d42a40F51259DedD1978F6c118a0f0Eff078,914,913
test,0x54c14fcb13772f6c56d09264e8fc3b050a458cdb,855,854
test,0x5505ae2a00856dc0414b1259f49697a0a4bb1d8b,607,606
test,0x550adc599cddd67df53a29f845adc84bb3705ea7,544,543
test,0x554c20b7c486beee439277b4540a434566dc4c02,1114,1113
test,0x554FFc77F4251a9fB3c0E3590a6a205f8d4e067D,602,601
test,0x5552a0e41c88cbd1de942c7124f24bdc6f2a6108,399,398
test,0x557b586211235459bcbb7632de2e5d88eec5005b,515,514
test,0x557cE6b2bf3b42619871A206f4F61087118CC7C8,97,96
test,0x55845f1aefff5e9f12a5db535fa61176cb97dee2,749,748
test,0x55930261bfebdbe7acfd58e0ebb05a18a733f27f,20,19
test,0x55b236ebc2568cc3b2b8363d837b677295a11211,573,572
test,0x55d01eea707e2a45ee7b6763b633f310a89e754d,611,610
test,0x55d5a9ab9a97509ba0db01b8d5040567b14d2304,957,956
test,0x55de1300690deac6ef1851d6dd9f6d25415cd9bd,352,351
test,0x564da083eeef740bfab40edbf1a4fa2935b0d7f5,189,188
test,0x56c1e514d7d7ae8019670207365606f2a0ee7e81,493,492
test,0x56e7f2cd7d5382506aab084a67d70e603cdb23f7,350,349
test,0x572781e7b021d2b3f3f082b3e487234ce9fc2961,782,781
test,0x5739Ac6d3bEa041aC9a71bB50EadDC3C1d882AFB,421,420
test,0x574fab3ce9a7c0cf2d4d774370839bc86ca59787,617,616
test,0x579D22cd30B642fF29f04FB8fD804a6A878138Ae,942,941
test,0x57a00eda6b251d98b52ccdef777bfaf671c7d339,719,718
test,0x57ad67acf9bf015e4820fbd66ea1a21bed8852ec,598,597
test,0x57c4b7bfb65622a8692336d4af50dea8ea89fa5b,350,349
test,0x57e03e646642c81f29c947ee35ff0bf430d4ac14,364,363
test,0x581F3a9C282045ec5DEC6aa0CDFD82e8CB973Af4,609,608
test,0x586277270743590fa7b905f6b9f0d16359f6e4fa,350,349
test,0x5882D49d3511E09096CBbaB7E19fBFb82f65f28D,1407,1406
test,0x5884a4ae83f51f801f12bb2672d8435ec030fcf1,1143,1142
test,0x58876fb4e63053997876e1612f7345b991b7d63d,392,391
test,0x58b334f15d7c7e08287b4ae57d11f35e0c2ad497,1732,1731
test,0x58b7056deb51ed292614f0da1e94e7e9c589828d,2550,2549
test,0x58b8aff2255e11b5a337a13ce54362c0fe75a189,350,349
test,0x58e450be10f5659c685ec5e62703c25f3b9f5105,551,550
test,0x58ef6330a7a6710ee8232e0e8abe209ee90b8f1c,350,349
test,0x5921e194091144688b13196c6a019f62c673fc19,670,669
test,0x59524c5088FA3A7A1C441940061219C65B486474,1143,1142
test,0x5965c4ee0e04ab0aa480527b7c91be8deca47f9c,433,432
test,0x597729b3b2a33aacc11429bb144957e90b6b2577,329,328
test,0x5995e9421a4eaa27a4ad53c66ad75353a4e82ce2,350,349
test,0x59af705aE5c1a41CF7b50Fd374dE359Eb2c7Cf5c,1296,1295
test,0x59b8d11d50ab6615f9cd430743baf646fb8966c6,519,518
test,0x59c0bc4542be799d5487b14cd4401bbceb0b16a6,350,349
test,0x5a0b9d3952088738837b1f62b0cfb21059de1cb7,1431,1430
test,0x5a4964bb5fdd3ce646bb6aa020704f7d4db79302,233,232
test,0x5a4cdcb676d40d939d013bb50909e835b8e3cabe,683,682
test,0x5a4d73e2ec11b3f2752489c8c7932fa79db65175,316,315
test,0x5a587268746a6c843f2c4a5254f06a4f7908e8b2,350,349
test,0x5a6c11f4ede6b0786fb0dd6d1dc70adfcdd096ff,1610,1609
test,0x5A8658dE344972fC8b6b6a01Cd87a64bc7420A38,789,788
test,0x5a8bf35d54bf2e55b423d4c915bbb944d3848461,91,90
test,0x5ab468e962637e4eecd6660f61b5b4a609e66e13,416,415
test,0x5ac480d5dc00e433a300b29a65882c835c07e40a,350,349
test,0x5ad9e100bc58e57a20cf1cae204f046006d27a27,1202,1201
test,0x5af9ec6df6edea0761fa841ce56c2e4deb000b31,3215,3214
test,0x5b1fd3040f888fd23b272d8cacfa4a8b57d46e56,350,349
test,0x5b2028602AF2693d50B4157f4acf84d632ec8208,163,162
test,0x5b26c5d0772e5bbac8b3182ae9a13f9bb2d03765,1319,1318
test,0x5b2db92a43aa86fff2d9a3696a7ee264d03fc907,3716,3715
test,0x5b2e4a700dfbc560061e957edec8f6eeeb74a320,622,621
test,0x5b3534a4fb3d870afea64f7c84b14825a679eb2e,598,597
test,0x5B5afaA565ABa14833dE0ceE321e63A807fd407B,1526,1525
test,0x5b8d776e4aecfebd8d03cad7d94f23424de1733a,939,938
test,0x5bb4ba2f2f22b2a347424ac0d96d814b9dafa968,398,397
test,0x5bc7e5f0ab8b2e10d2d0a3f21739fce62459aef3,664,663
test,0x5bcb231f86da1f5c0daa38912469a0c569061967,368,367
test,0x5bd7954ae14f26c006fbb9c0bc93ea31e1964d8b,526,525
test,0x5bebe019316864418f92ce9d2ba65da70bb47374,350,349
test,0x5c13a9ad2601eeec34672c655d2ca994a360c4a0,617,616
test,0x5c24600306ea5ee0d6ba53df3c3db896294c127e,789,788
test,0x5c26e6B2d1506e4e08039d4e1934cf425C611F63,383,382
test,0x5c37a208408c5adbb5ed0d29cfd4ad341ca708df,653,652
test,0x5c432d5563004932d4207fb67dfda29135f195e6,524,523
test,0x5c457ea26f82df1fca1a8844804a7a89f56dd5e5,590,589
test,0x5c743a35E903F6c584514ec617ACEe0611Cf44f3,1739,1738
test,0x5cac5ac21b93095490f736205df600fb4449aee1,347,346
test,0x5cbDB911fa92261b7606eEA74f35Ef96ac6d2C70,865,864
test,0x5cec1e8bc59baa4d1e6a6e6bb80ccad0450427ec,544,543
test,0x5cedfb528651d758819ce12061cb8f8ecae91fab,333,332
test,0x5d05de87d694f0c2971d4e0192fb924bb0712802,685,684
test,0x5d316739d66a33f9085216032edf2f7c4e4f2d56,350,349
test,0x5d356ebdaed2798547889ffa12fc587347e5ad89,1267,1266
test,0x5d4824c1cd3fd7fe1aff7307ca343992b463baf4,350,349
test,0x5d51fcced3114a8bb5e90cdd0f9d682bcbcc5393,1057,1056
test,0x5d8123e52f70be1979be97444d7ca251d7a61311,594,593
test,0x5dcec81f0b08229f866acd3cf814f7e0be3584e0,433,432
test,0x5df4bea3540899a33c76c4d25108f4fe2ca89044,1454,1453
test,0x5E12b5428D376b77DB69789871a3FB1FAB894da0,335,334
test,0x5e2B35C3a8f80676B5B789876634d49A1332F001,861,860
test,0x5e2d7e733689a018410be187c7004a4e9937b01b,247,246
test,0x5e3a12f45bf21cfacf23c1786c789bef47d265bc,371,370
test,0x5e535df4c48e8995200ca99358a735129a6195f3,1112,1111
test,0x5e6ed16d845a46b9f863a256e7a3194f2a9e8b5c,826,825
test,0x5e70d48f207c52b981e476cb70bc39ad6570c2e1,738,737
test,0x5e7a9b977df27b80dfcb1bf015909d3a812d0556,358,357
test,0x5e7b1145a7433221b51b35b848889872bbd8a015,350,349
test,0x5e7d863CcE445cfA89D297929159344e75F77017,617,616
test,0x5e8642916d350811614b88b8cfa6f935c36c6ff5,261,260
test,0x5e900fa9fe49120c091e571a09c79fd17f630524,348,347
test,0x5eb09f1639dc76c13d495536130197e527426dc4,1382,1381
test,0x5ed5b9a13af4581524ebb7a0701bc4366d002289,433,432
test,0x5ee9bf058b4deebf04756ca262c70232494783f0,544,543
test,0x5ef42f054f2173ff032f4e3b9d4f924336242bbd,350,349
test,0x5efb77e90fefe667108e2a060dacaaf392fc8c02,624,623
test,0x5f09f0ee8115a6c55725641c1aff2775675b2466,56,55
test,0x5f504ce1b22643e7f193a703b38befc09a0bdf94,1184,1183
test,0x5f53f7a8075614b699baad0bc2c899f4bad8fbbf,1218,1217
test,0x5f5d7147adb6ed31a2ca03ce3defb070a3be0ebb,68,67
test,0x5f8a40cd6198c2fae0397cd5464057091e92a2e5,424,423
test,0x5f94b2e7bfd0b609fd6de93b6dec936f071a7bb0,801,800
test,0x5FC677acf6f93A6ff9bAE139bA85aea0A246D24d,1047,1046
test,0x5fc8cc015187aec8b8883136c03ec8ea4975fa8d,549,548
test,0x5fc94e81bc9747bc1e050e5eab2479fac33d2bbf,350,349
test,0x5fcefcc9f8cd628b863d7b432a7277e5cedc4204,546,545
test,0x5fe56bfa37217bd8a2879c15c85ed7a894edf5a6,553,552
test,0x5fef027b4bd02df117f6c28bc58abcbfed4ce898,278,277
test,0x60be37dacb94748a12208a7ff298f6112365e31f,758,757
test,0x60c59559df888a5067c2204d207db00e20403e91,933,932
test,0x60e112d4e585bba817dc513bf9a03cd9b5a46fc9,643,642
test,0x611710ba93faf6d2964a94656771f76e6d05d5f0,494,493
test,0x615eA80BC073DCA935FB634Ef40Cf8B0166bD94A,955,954
test,0x616bfa404664a6280c66a8d3dcc5a010929b9b40,450,449
test,0x6183896761a11a42aabbe59f04c844688b97b2cd,416,415
test,0x618df1b0ee2107f39c6ebe3d5bbe184f1e7e0c9f,2950,2949
test,0x61964338d237a1d2b1a3a4abee669ad41736c53b,958,957
test,0x61d1641b26394849af829eb8313f35de2716a713,477,476
test,0x61DB4C9Db2Bb58DA4777B73463257a6DDE90eB0D,1043,1042
test,0x61E24B1E180707dCf883bEb23B09a0845Be09DB4,110,109
test,0x61f64b8fb0345f595797cdaa218159b3cdcc5806,399,398
test,0x621362C5Aa7704Ae0843443FC343F3BAcFfEcb55,611,610
test,0x62590a381465eeb2c909787fc927d150ce340d5b,2951,2950
test,0x626a14ec8bb0d92692ef704f19968c20727dede1,554,553
test,0x627a0c9b74b80d812f3189cac463ab01780e85f0,597,596
test,0x628004e5515d0aaf347c9a20356d93a34e8a6a7d,350,349
test,0x62adf30f45febaea183455c17b8d8a6e203c1c24,350,349
test,0x62fbd81c7fe3377c40dd3e76645da20e21dc6edb,368,367
test,0x63011ea1d431f54297d90543689d69177b1846ef,621,620
test,0x63226e9c64eda8c718fb09a82f99cb06323fefcb,399,398
test,0x632393de9dd19b5fd0cc0c4ff17aa674b2f0a1c0,1195,1194
test,0x6342eabec28aec4902432d852dcd08d4f6df96ab,903,902
test,0x635c68d892381213a2756d8faf1f19e9c4f7ba45,978,977
test,0x63ff35a3daee3d4cb05aaae71828376d9e618163,350,349
test,0x642ce99aad0ccc6fed7930117b217a18ce4b4229,1251,1250
test,0x648dfd99da4a32468c47f2aecd813c82c0884b85,828,827
test,0x64a7b97c979b1b31ffa455afdddff898a0961b0d,1258,1257
test,0x64bf23bd6e02f55c158107b956a8f31f633ae423,350,349
test,0x6500a4f6706f8692b6dd0b71dd86070b02a8e08b,350,349
test,0x652c7e43e82e6b45fc6265c02174cf1a91339b5b,625,624
test,0x6538e70ac382d2026e9e5f2e2c8b22d580ea9f1d,861,860
test,0x65491E583965EDefD44C9C272adE17A3FD8e5877,183,182
test,0x6555a073c56420fa4ba7c416452f064f9556f788,452,451
test,0x65719c47fd2a6c1eb9cf24be619291a0e9341ad5,348,347
test,0x658d9424da329087a60868957f9b1d1edd1d6f34,1126,1125
test,0x65dcf265a5dfb8767a6c7b8603ad6019a6377483,642,641
test,0x66018ec88c1231360b181789487d32c5db10903c,350,349
test,0x6652A55CeF751B9Fb66b0d61fa2210AebB7fb244,647,646
test,0x6692D5dD701b9373933730d4e4f3b498DB7F7C32,1919,1918
test,0x66c36272a1609c582b4211becadf9dba5b913893,397,396
test,0x67179ACc9850722E7047911e661fEe177bCBa6b8,417,416
test,0x672a1ad4f667fb18a333af13667aa0af1f5b5bdd,1564,1563
test,0x6731d8379e4f9843bd4d6a05a698312b1ecbd3c7,547,546
test,0x67413902eb4c8fe55006c1b3a914fc1a78c853bb,660,659
test,0x67793426747f8c79332520c1291c4fc6443c8407,360,359
test,0x6781a0f84c7e9e846dcb84a9a5bd49333067b104,615,614
test,0x678b713730b6d5d9314d39c82662c08540916c75,1380,1379
test,0x679badc551626e01b23ceecefbc9b877ea18fc46,352,351
test,0x67b24f0d88997653149cdd18da1fc617b284c352,613,612
test,0x67fa2c06c9c6d4332f330e14a66bdf1873ef3d2b,488,487
test,0x680C1548B7aEEb6ACE7D971147575741Cd007696,1990,1989
test,0x68223dF196B3c46b7eb30a154DC79AA0A9d7907A,1157,1156
test,0x6822aaf4ab22e6cca8352a927b9ae0a8fdb58d9d,1609,1608
test,0x687b551ce45157fd5ae6df4c464b8359df2c1a41,350,349
test,0x68a0d2bfb48377535afbf8a5454223841ac1d1a4,546,545
test,0x68ce19b8025d2398777dc048d191805513d26aba,350,349
test,0x68e03d2da62d026403c68601d650c877901876bf,633,632
test,0x68e2635cff33d08f46e30d182a31f31962ab7b05,221,220
test,0x6918bf274c2417b866a87c7659dfa91acebd51f4,13,12
test,0x693a9cfbace1b67558e78ce2d081965193002223,1143,1142
test,0x6940c3a2f57b2867d18f2a160b5736cbc172f0de,789,788
test,0x6994699c731dd7e389c209201ec51e8aff283bf9,1293,1292
test,0x69bea039c30aa7c47002a41216756f7b6f7d02ac,724,723
test,0x69d6501E3572a1aDc32c912B561Aa8f7D4EF791a,373,372
test,0x6a27348483d59150ae76ef4c0f3622a78b0ca698,512,511
test,0x6a27778baa415f9086ba0703c7a9c6cde0d46f2b,598,597
test,0x6aa2044c7a0f9e2758edae97247b03a0d7e73d6c,433,432
test,0x6ab969638ccf8f2af797f426aaa666d45adab65f,617,616
test,0x6acec960321c725102f72445a113d689548fdfbe,537,536
test,0x6aeb95f06cda84ca345c2de0f3b7f96923a44f4c,1133,1132
test,0x6af199f3d949f37977468933b9ef1ffac3b2615a,1841,1840
test,0x6af8e29f5799ddbbb8cb6b54af21f15da06c900f,350,349
test,0x6b16eebe4f233236adf960cfffbf5e677e9967d7,350,349
test,0x6b3b198577e9a1e96ef681ee60e551845dd4ea79,556,555
test,0x6b8323684fcb595d0ef03d1b686845722433791a,350,349
test,0x6b91bc206eed0a8474f071339d1fd7ed7156f856,887,886
test,0x6b9e8076a536459303db301ba4430913a7f14c5a,350,349
test,0x6ba29728e955ff970c94d7ab0a4ff17c628f325a,1779,1778
test,0x6bc2adef424c32cf1e15789f010ea16a753587ac,544,543
test,0x6c0a11e254b666b107abe5ecf5003b53bf362eb0,1335,1334
test,0x6c0ddf864186d6f645c1160478a27e3e1263f2f5,89,88
test,0x6c5f7ce5758a66578a70e1a3a2f0b1eb9e897a94,350,349
test,0x6cb2b8dc6a508c9a21db9683d1a729715969a6ee,613,612
test,0x6cd89d29da558f857d99c79ade6f94cbcbe319b8,221,220
test,0x6ce2ddb4ca0fec61506b7aac2d8b00e21c79d2f9,350,349
test,0x6ce8b8eed077f9b49c1fa684008ebb7562bb41ad,333,332
test,0x6cfc8568d8f0ba9855f76f4ab68234f97e074a67,309,308
test,0x6d125e2aad25b03df2c3c5f8bca933d5f4751a20,353,352
test,0x6D85320c086aeE2eCD2693855fb2164c494fd251,356,355
test,0x6Dc8080072E834A1d8E22CEDe668A3b373E505eC,534,533
test,0x6dC896e52DeF34fF23Ab0B07250e12B9Fd9fe9E7,2656,2655
test,0x6e2050cbfb3ed8a4d39b64cc9f47e711a03a5a89,1190,1189
test,0x6e40783daa148390d58aee6c433a2cd9fb38574a,679,678
test,0x6e4d1ed3f7b5d7a4998b1116c1ef713e34f38e9a,342,341
test,0x6e9186d909297C4C3ae154dBacD3286b63CBFfF4,1202,1201
test,0x6e98ec66592478a25c3cf2ccb5ec335fd8e8aa5c,1222,1221
test,0x6edbdeb48ccc0dfab0bbaebc349732e320d6d213,544,543
test,0x6ee69c5e877b51cd532193d70e96d6162e69987c,2242,2241
test,0x6eef1677aa5bb4bb71fa676020d13068eb0357bd,361,360
test,0x6f128161ddac608cecdbbe9754cf9fd5affb7141,350,349
test,0x6f176ca12cc7e7a3b59e9a51eadf1b29fd98dae1,621,620
test,0x6f2211b4ac81da3d3e3ffd523867155cc5fcfaca,350,349
test,0x6f4024e5549bFDA253d0997AdB228BFEAAC9B204,355,354
test,0x6f430927861d828bd625754a03d17a65eef5eb7e,1276,1275
test,0x6f695c52978237cf8c02142bcd9bc672c6e99037,399,398
test,0x6fa8cd6a1a35542ba289437fe69e8f21ca1fa614,902,901
test,0x700620683311f2d150974b4f262bacfcf7ff5d8d,451,450
test,0x7031f0bad732aa9984fa2638a24bccbe6a8e2912,908,907
test,0x7035BCf55f1a38E5C33aE6AA4e5571dFe04BB77e,1382,1381
test,0x703967db0f05c140d77a8d1c02d52435c6eebe20,676,675
test,0x703f058e239315b39fdeed430cf46260afd59933,399,398
test,0x705ee96c1c160842c92c1aecfcffccc9c412e3d9,556,555
test,0x70838403ecc194b73e50b70a177b2ef413a2f421,553,552
test,0x70bd86453b8512c7609a0c5add0477abdce4a3f3,1319,1318
test,0x70d4e41984b8d1b04d912e9aa5814e4f07f6eb58,366,365
test,0x7110bb5e18842646438320ca56c0a064ccd99235,597,596
test,0x71115dac80958de94264a83cf0675061e6db6c5e,436,435
test,0x711626bee19036c3bd539d67605b148e467904bb,350,349
test,0x7123027d76a5135e66b3a365efaba2b55de18a62,442,441
test,0x716525973aa2f59a6bb80b001f089da754b2c3be,424,423
test,0x71923ef72c78e381d2f1461bad408f80ae692c69,260,259
test,0x71a0ae1216f0693f213c071b69e96587d1239f49,2326,2325
test,0x71e080a2e36753f880c060ee38139a799c6366a5,259,258
test,0x71e4dc4bd97e424376578f0ac1ff5a9b00902f13,2065,2064
test,0x71fbecb11e291f824fd5dc9e760f56a5239e4702,707,706
test,0x7211f65a7876433635601b9480e57f812a3665d8,121,120
test,0x721b5a1bcaf5da7d8f86fba75f54eebd461d3380,551,550
test,0x721da477f68c71788a262d58853fe6977d86535e,1137,1136
test,0x723035b0a191bb440dad962bd0b6fd544c0126f7,789,788
test,0x7270c5554b75734b3cd2a781205b84a350bc2334,1579,1578
test,0x72907f5d1417404d9e4963d53107ddd4237aa10d,388,387
test,0x72aa36c379d681f0813ef0e3834035a2d43f6e8d,290,289
test,0x732af39305d46ec65897b1867d5ac5d331b0f433,441,440
test,0x7348d402fcc22d37894fe874ff0b423fdcbfac58,545,544
test,0x73855ee8c390c5c6741e14c18f6017a5b877f428,302,301
test,0x73aa5361a44D30e4401460e438C1E13e9DB8FEDF,372,371
test,0x73e5451bcf4f7c47946abe89c772f3e6576909c3,926,925
test,0x73e91f72f128732907aa340eb40e87445b8ab2c2,703,702
test,0x73ea417112f4a1e72eb536a57ca819db203cbeda,64,63
test,0x7405db460b6ab08f16087c66ec34051c2e579477,1230,1229
test,0x7409bac00c479b0003651cc157a72d1a227eccfb,496,495
test,0x742f9899f851895474f11a897201247dd7b12570,1088,1087
test,0x7434aa793a5e913eabe458bd163b0eaa9e84a688,350,349
test,0x745352e83c5d3e82d452c47895c6d47092aaa3f2,1724,1723
test,0x7492781cc8423b8ceb8f207da574e083e2cfccbe,350,349
test,0x7494bdd21ea41ba8271098bedb9b75454b0b3260,1972,1971
test,0x749bfd76a91fc84d6ec66b595ef4c4fc7ddb4e85,606,605
test,0x74fc42895c70be48e290504c50682cf2c9af5b8e,1013,1012
test,0x751712749d18c2de1c6a6c7b586d3bfa98609532,350,349
test,0x752ccb2f5dbf0f82d428128941cec7b8bb8cca4a,597,596
test,0x7568b9ece8966ae20e7f5edf90bcd6b77c2a47ca,129,128
test,0x7588C48b40a767198F6aBC18bC393B719E784230,530,529
test,0x75aa01dc00f6aeefe14bd58a5b6cbb091c6dc57b,1379,1378
test,0x75c5ee419331b6150879530d06f9ba054755f1da,760,759
test,0x75e494f8a92ad1daa4fd6e78cbac33f84c2f25b9,744,743
test,0x760757e54A19412120e6d76F637bA27A28B244C8,254,253
test,0x7615882d2c0dba1913623c5a4c50fc345723d013,376,375
test,0x763465c2114e33886e1574e5994df1bb8cd5f160,81,80
test,0x76645F7C6F98caD248474e9a38D4A38c4173F2a4,1220,1219
test,0x766706a29923217bad5be36dcc2ba284d157b634,533,532
test,0x766e51c940B9656E34b91041ca8aFa00B7E9ED71,3130,3129
test,0x768620e34e70aee5d5b12483a0884afc1ac4c456,350,349
test,0x76cbff8f07687bc952b1f7b7066b8ee46ff3e971,1291,1290
test,0x76e7da54f22728f7f5afa35f974419ae9f41ba94,965,964
test,0x76eec498e1502993324f7da98f0c78380e071098,1138,1137
test,0x76F794975f8848e3b8B7cF0b39A8f975A9f28da1,242,241
test,0x7747AeB32D89E527e5eBBf646871ca79805989Ad,556,555
test,0x7784a38f2ce2bccb32b05fe1fea5b83569ac16f9,339,338
test,0x779B7b713C86e3E6774f5040D9cCC2D43ad375F8,1176,1175
test,0x77a08d636dec4675a48bb087eddb8ed727c61548,350,349
test,0x77a5488a73d5603010fdc411dcd6bab2c9943972,804,803
test,0x77a62e46b2c62e9d9b8d76a8bb02304f3280ee55,2516,2515
test,0x77a6c29cb6ee82b9aede54939af27ace13c7d3f1,1767,1766
test,0x77e89Cb283f39Ed72F4383c6EEC786bd7E7c12D5,483,482
test,0x78465d9dffd2d20945c94acdb04e3ab6a063e973,2143,2142
test,0x787ed6cd776e5f1a7c59865a4b53c1ab4b4d7f77,551,550
test,0x78898682fc04ffa59ebd367feda4b5cfe429ed0e,399,398
test,0x788b7f9f1200fa3dff1fdf02ebb8b50cce949895,342,341
test,0x78faea8994efe7fc448e743b7b342e1a96ba3807,1412,1411
test,0x7909f0b4a0c25f126f85e010aa573c64e5e2ebf9,6032,6031
test,0x793ebbe21607e4f04788f89c7a9b97320773ec59,1470,1469
test,0x79650799e7899a802cb96c0bc33a6a8d4ce4936c,217,216
test,0x7998411012ADEb5422759c54BBB048427514fb64,497,496
test,0x79ca19b5737a00314473debaaaf1421c501baa80,908,907
test,0x79F00F3A44CaC3bA2A7F73D29A72B80d838EA594,1917,1916
test,0x7a022702fb19e22aa1bf98411c8efb0e38074275,912,911
test,0x7A134Ef9A957f2A8Af3Bd4A4Cad2dbc6A0dE7f8A,1283,1282
test,0x7a1bc60b7ffad01aceb258e72b4ecec6573ea4f9,2802,2801
test,0x7a7bd6aead42b852fa7949c1e167bad5eff78415,2801,2800
test,0x7a7f7dd9c4acd198617c72f54623bdb0c1dff343,711,710
test,0x7a85146c4e220ab6476c2acfc88fbb53e443d238,350,349
test,0x7A8Ef7E8c8f16B9D6F39069ce03d752Af23b46d6,328,327
test,0x7acfe5f889393d142cd32b4470fe3723f4d446f5,319,318
test,0x7b52427cec68182C74d0b5f9Dec57ddD8f727DE9,694,693
test,0x7b65b5b95391d6b3d77031a889279376e27572d5,1918,1917
test,0x7b8d5FED4ab1537931A1d727796669bB0a75242f,3373,3372
test,0x7b937131b8d1761fc0722b632517ff46e5349496,972,971
test,0x7b9c946dE2f5daE10b82D950AC20DFc1692a1E6a,601,600
test,0x7bc514c46d47cfe989a967a36a6760e4eef50a97,362,361
test,0x7bd24234b5e9f5e968280db50a7095fe8df469dd,574,573
test,0x7be52836812ef4db7f40dafabcf4efa3a8b15271,350,349
test,0x7c1f740130c43034db3ccdb14d33ceacb2b8cd9d,350,349
test,0x7c3090e68f9653f91eec674f738957ee6c9e128a,1107,1106
test,0x7c697762236311acb0058e22bbade100612997be,732,731
test,0x7c9d1395d34bab13d734a78a2ed2476c3dfb038d,1306,1305
test,0x7c9fe4ee9702c109ad26fd02ca2d1de1ad49157e,1808,1807
test,0x7ca2fbb495052a305810563d9722324c75568662,825,824
test,0x7cda706c4e27e64bbb705a59bd59a3aba529b9eb,966,965
test,0x7ceb828497922646c2b0bd23ba199d753219f64c,986,985
test,0x7cf5216e59141dd6679a4f8573f22430ef51e75b,659,658
test,0x7d2190e0ae31665a941074e6aeccfaf2623a7c2b,350,349
test,0x7d340bd7cbdb170c70654a6216530a4a9eccaa68,350,349
test,0x7da90089a73edd14c75b0c827cb54f4248d47ecc,3429,3428
test,0x7dfc425c0425d69ca577d76c6d53a26a6c2cc0ac,617,616
test,0x7e06a9512086bc44c51c07c2bf0af338420c2a13,2280,2279
test,0x7e0899a5ccd8ec95a2ce17b4d2cda110ffa0176d,2732,2731
test,0x7E42c72DFbE07Cde83a6BaD535A1A97496Df1531,617,616
test,0x7e6e6302223d04fd2751a1df3c9e289310ebcdc6,676,675
test,0x7e7da3c18889a2d8e9ea9f318b8d5cba89d02575,621,620
test,0x7e8229ffd78f51f1e274d9486afce0ee1a1d793c,575,574
test,0x7e96a18d7aeec64c9c99ed388ff3907d156030de,9,8
test,0x7ea45408b975bb11f75276e5ecef1c056c424656,350,349
test,0x7ea91d8f53675717542b696a6afdab22cdb03daf,350,349
test,0x7ef8873220958ea400d505a9c92d6ae24f34d55e,931,930
test,0x7f0bd25abbd06d8a2342ba27c44cf4c48e27835a,350,349
test,0x7f2b1d5133053f9cc5b750d2245db607233a770d,1205,1204
test,0x7f2e9820c99c8abcd9d5467dd38f1a928d2a7197,1377,1376
test,0x7f5059cc888744e2812c6f693a727e9d787189ec,1055,1054
test,0x7f507ac21977662f0ba798b2456c7c2b2031787e,681,680
test,0x7fab901ef74f95327d36640c02fafeb6d4cb4be7,551,550
test,0x7fad3012209454100947f7c0735575acf1dc1827,327,326
test,0x7fcb3bde990a2da95af2c107300d8d628d9195f6,350,349
test,0x801dd252e6b185c56b6e868f46a94d2896a80476,547,546
test,0x80238d9451f86dcf12bff21af9e8deadcf915bff,870,869
test,0x803a145C977C2F2AC26CdbD165A2D873485fdbd0,361,360
test,0x805a78baf838e3f5255b6ede0744e117b54ec62d,756,755
test,0x8074fed6b5dfbd8b8d18a52dbe3bc2bc8be856ed,111,110
test,0x808067e2f6e266319f71b2e21bdf99b59ead05c6,361,360
test,0x809826cceab68c387726af962713b64cb5cb3cca,875,874
test,0x80c6ffb6f7a23fb6af173ce13a8278c1426b8cbc,992,991
test,0x81094bf188e07a826fda71040118a38c36a1263a,350,349
test,0x810d737b31ea76722b48a13dfed7ae23908cbe78,697,696
test,0x811EAD349E2871051Ff3340f2eB4ab7e1a4fd2ED,146,145
test,0x812849100450a393c86ab8aa3fbb62119ee383c9,2916,2915
test,0x818Fc6C2Ec5986bc6E2CBf00939d90556aB12ce5,1957,1956
test,0x8190983deeb5896bc88d506076fdf9661e8a6fdf,633,632
test,0x819fbfd76595700f2d44a337de5549dd6970d568,350,349
test,0x81c9f69ee0386ccf75d1507e2d47ce20fd95211f,350,349
test,0x8207BcaaCD247A03fBD68e1A941092FA678cF492,698,697
test,0x8245d6bac0642a811027621d8ce5939789d38601,752,751
test,0x8249407fd35fa5569375dccab5c886a23fba3d5c,613,612
test,0x827b67176c20edf0f0d3eb76b0c53aa925018f2b,693,692
test,0x828BFe8D626695A75184aA9B35CbdD1EC3EaFAaE,296,295
test,0x8290454923482f7733575bb0682c94befb629d32,906,905
test,0x82917e1775149548eb7883c99b34f7cb0abfb756,649,648
test,0x82b279b585c7bb848c36f23919d68b4d0262c184,300,299
test,0x82ba2b46483266068f340d538dab41394d01c782,1274,1273
test,0x82C0bB373d8a19b7d770c01CadF5D948DCDc1A75,1990,1989
test,0x82c7a0c5e9c8c435df21e00eecea76106054fbf8,709,708
test,0x8355048d74888569ad9f9675ae9b6920f54b9985,1534,1533
test,0x836663ddf0b2880314cd3d503508dd97b7fbeeea,266,265
test,0x83a9f7c09e2b12b18b91611db6beee0e0329edb1,1002,1001
test,0x83b164b8db82d35bd2ae70785095baf0f3417111,1891,1890
test,0x83b5c924b74e0dc12386fa110c28faa1efedb07b,772,771
test,0x83c54a35e72ae07c46fc8f8f172a13ba19ac3bed,960,959
test,0x83e5203cd3e372c9c926ccec510e612b8bbc739c,1316,1315
test,0x83f602311629f84929804b7e00adc67e17eda7fb,797,796
test,0x840b1b1d985b83a10c86c30c97aa39f57c0e101d,234,233
test,0x84220590dc3cbaba5abb7be79797526f05cda9c3,314,313
test,0x842b40d6A16bD261FD8C333CFbE19AE2f9b91737,130,129
test,0x84491da39eec24ddfffa081792e5074dad373bed,946,945
test,0x8457ae15ebf4819d3de2f53937ca2e1b235c0102,420,419
test,0x846387983cae97bc816edde9f309f25d09203e04,756,755
test,0x848924de9ba6f334eb24135ff98e624faac19162,350,349
test,0x8489a5ae19d3da2a88426c99d02c123ba3a0147b,237,236
test,0x848a4afd7b2d0979bd9b97f5bf6874c07ea95037,547,546
test,0x84923f6e7243Cb9760C83129c27b64f292113895,3339,3338
test,0x849d0bCa469BbB4BbCcC557Ef3252c164D960bAD,1151,1150
test,0x84c17fc312cb0e9b00330675e643b340e3303fe6,6885,6884
test,0x850fa1bea96a3e8de25b747a27f0d507df06728a,350,349
test,0x8513281e59cd46738a776a2d9c5320d90feb3242,588,587
test,0x8587d284f2cdb717a156729b545d001f8bbb1594,652,651
test,0x85b794252e7f1b2b24392a5267ff2086c0c3d7d1,487,486
test,0x85b9f2297a8fc0e22d25e38a193fd33eeb51b5da,361,360
test,0x85bb5ed8bff03ae5dfd5c173ee0874e2070b151a,59,58
test,0x85e0ffc8f68b638e73a4c113f69e8dc9deb0d77d,505,504
test,0x86616f32078cac9b70c6f1c45c28fa668d68fc2d,730,729
test,0x86757a336431539e82fb280991d82279e474d579,689,688
test,0x86c8bf8532aa2601151c9dbbf4e4c4804e042571,434,433
test,0x86d3effe52a70e4898f5844d5c28bae02f02b8ac,613,612
test,0x86d89a3de5c17377ef7d5a49b4b22297210962e7,350,349
test,0x8702b8d7a1eefec7e54636e26a9323dc96a8dc25,1380,1379
test,0x87372315edfcdf141b5d657d29ec17280abdaae4,361,360
test,0x8766ac6304e0198c876dd55bf400f3e035431574,433,432
test,0x877fBe7945DE011a91333ba76eD38FFd41314801,794,793
test,0x87915c66718fe21c8be117a7063284a35526eec1,361,360
test,0x87a3Af3Df538025715005fB405732990f3D3D89b,429,428
test,0x87a643e8f3258bf222ec3cc88ce00ab767bfb213,602,601
test,0x87b0de512502f3e86fd22654b72a640c8e0f59cc,116,115
test,0x87bC61a21e8a4435051873f9f5AD653174CA00D5,235,234
test,0x87be146d2e2d2ae71a83895a3ad15c66546af5e2,457,456
test,0x87CFA4Cd0E7672Ab7fd146d16F8aA2115C88afA3,443,442
test,0x87ea2c9a60a8ba2db5b9abed0fd0788a4663fad0,188,187
test,0x8803fb0582b4b4f7028690f9a5b81f14adb473d3,119,118
test,0x880a65f76b9e11eec7917e4447a9f65096a3e80f,745,744
test,0x885551645fd61511f879810256386dfaafeba973,336,335
test,0x8857f56f97c7dc66c0a8e40818d630f27a40cf3a,557,556
test,0x889c09dcb04d62543dc1970db442ca766a6f0058,350,349
test,0x88aa2aa27cabfbf2245448d368fd336641477f0e,321,320
test,0x88ac94d5d175130347fc95e109d77ac09dbf5ab7,764,763
test,0x88c5265286f924469dde25f08aab715f5e88b84c,221,220
test,0x88c8b704d788aaaa315c695e9ae86b91eea12486,347,346
test,0x88CA8F76aab5F99987bECe8b9147f2d4be98403a,703,702
test,0x88cbf34997e5219e103c2d348c5d4eb4d27371de,1183,1182
test,0x88D94bB541257000FE7F01989a58cb70Ba06d7AC,1517,1516
test,0x88eb460416af6ed4e0b4818e7c595d67ba94614b,621,620
test,0x892b6df40a9d8f584296d9323efd0ed71674d904,506,505
test,0x89476d508e9d6583cdb53c30ae46254e27a50363,308,307
test,0x898bf39cd67658bd63577fb00a2a3571daecbc53,948,947
test,0x899850f5b7f34d213a01802c727e7a59a88487a1,358,357
test,0x89a6170375afed7b82f40c11154a012d76f2aaa3,892,891
test,0x89fd8971fef41923ee6f1416c1fbaf5fe6698eea,340,339
test,0x8a13334edc6af201558325f815ce8801465ba279,571,570
test,0x8a5907bc817745cc55d14721ea733fe0566c6618,362,361
test,0x8a630b2d1e25f1ad066feaa090f5bdb63a1451cc,51,50
test,0x8a70cf25cf32e728be9e30c20b2781f60cb0ed6d,249,248
test,0x8A754e689F2fcBa0c900028fA235043B595C994d,460,459
test,0x8a95e5488153724d5bfd37a17b0608c8d7d31202,361,360
test,0x8aaefb9d925b3a39595c26290a9d115f9c46dfab,1582,1581
test,0x8ab45f8d56b9ecdf69603cec6ab8b863d5b56413,1929,1928
test,0x8ac5d808c1e7e6138240825f041f0411add5221a,350,349
test,0x8adc26af51744ca3ead5f2b1a5fe0a6ac1c09393,1585,1584
test,0x8ae546782bd5c25715afaffb028ce9ee2cbe7bec,693,692
test,0x8af7243f9a173ad8ca6c8a3a053f0182c5352d15,138,137
test,0x8b4fca984eed63411929107950857950cab9c558,64,63
test,0x8b9C35C79AF5319C70dd9A3E3850F368822ED64E,570,569
test,0x8BF365f6537DDbbCfc31B636A41b2e39D8C92Bb5,335,334
test,0x8c1f4f358794b59fe12f06486fe884d436935120,624,623
test,0x8c2dc2971a5c899c8925a3cdb33ba0b662c87c06,349,348
test,0x8c556a7bb74b4979a6b4dc654492c3f6fa102a95,1741,1740
test,0x8c65e992297d5f092a756def24f4781a280198ff,3768,3767
test,0x8C6f3d75873c66cf0300c9d6DFe8D607D1824204,234,233
test,0x8cb1b775002033246029d1b5beae89466f3b4585,50,49
test,0x8ccbe832cf62077662abee27a9f142417f1f85b4,178,177
test,0x8cd8baa410e9172b949f2c4433d3b5905f8606ff,957,956
test,0x8d477e71671bb8d94e8f2f273757e34365fc0dc9,350,349
test,0x8d51efc43c810b7982e599f67e59ee27c46bcc25,285,284
test,0x8d5a41e85f4ce2433beef476305d307b9205d98d,2370,2369
test,0x8d61A701Fa50a46994DE41e853F7f3DeDf31AD2a,3339,3338
test,0x8d6532406e3dac939cb16f85a90a2c7232a84980,621,620
test,0x8d80de8a78198396329dfa769ad54d24bf90e7aa,4055,4054
test,0x8d8194537110a4659d4bf0b8df030b0ced50b39e,737,736
test,0x8d859f603042e1c9f60a9a07e5b219861e87556c,663,662
test,0x8de053c34b45dd135959880210f00cbe3fb1b9b0,575,574
test,0x8e0600987cb75d2da6871b5d970f004ed1f2cb8d,158,157
test,0x8e1603fe77501c98265053d349911cd11f055cd7,76,75
test,0x8e2ce47a011669d264caa4c073d0a8fced9dc677,784,783
test,0x8e3aff3c9b205d1fcfb652d3b13c6dcdc5939769,319,318
test,0x8e5a41d13c04028add9ccacd0a56af2df778543b,190,189
test,0x8e89c7da6312aa236fc4c3f1f27fd6314f33a9ba,1570,1569
test,0x8e911d478da4f4ddc3a6dd76b3fcdd69ebbcf338,538,537
test,0x8ead30dd1b8f516bcd54b534a79c86f156f47da6,737,736
test,0x8ee8441eb7e570b96d0a09914a073f7701d8b404,580,579
test,0x8f04c3f091b94e1997cd06f3c20199f3685c94cc,775,774
test,0x8f3470a7388c05ee4e7af3d01d8c722b0ff52374,533,532
test,0x8f3c45d637a9c2103d06f917aeeaff25eb7224c7,1653,1652
test,0x8f43b453f187658e9519b04ac221ebc9478218c4,2470,2469
test,0x8f6be35a2cacd597a58feb60d26eef827b1f4940,789,788
test,0x8f9685a3283c85c61d34fedc5dec8ad4d52e4b05,172,171
test,0x8fa1EaD5d8d774b27d288711abE4d4258224ae26,1033,1032
test,0x8fcbec20e54d478cf50dcf9fc5931a425bb12534,320,319
test,0x903643251af408a3c5269c836b9a2a4a1f04d1cf,392,391
test,0x904079be18b34fefea1307bc5e3c29ada6f201dc,813,812
test,0x904c557d64007a8df6884b7e0b43f675cee012c7,347,346
test,0x912e73f5886edc24657d245ab7608cebcf40d1dc,364,363
test,0x91654eAf7828E7e05d2847Aa27405D9925C3dc0d,311,310
test,0x9192e2cb98de04234889d39e70b8f7fa3e591f8a,1935,1934
test,0x91a973bee89225c6c186419b5bab1944fc5736c7,836,835
test,0x91bc206f0a1ffbc399b4a20a41324ed1dad2b718,350,349
test,0x91c3ef460ac2136647961aef6246a609bdbd7b7c,399,398
test,0x91d526bc30ecaa974295f2828ce90981fe7e5a15,358,357
test,0x91d5e2dfd91db593a953dbd70c540705bb9d9db0,1287,1286
test,0x91e2ee451af57592d2a3fc33c11d1bde006ee889,2514,2513
test,0x9214c43b602f68bb0c8968f43d702865bf1b225d,498,497
test,0x921c149d89CCAA21E9dC0a2529895E078138CC8E,1471,1470
test,0x922729d66e5ab074aff382edc25fb39a02bbf578,2127,2126
test,0x922f52448ee589f7764b91f4f1c273b16a773394,508,507
test,0x9231Ab0a173398C4575A8899ce50D7D2537A9cc6,444,443
test,0x9241b4c67b6cdf9b99f5f50de21283d0441eff75,559,558
test,0x9270284feb6bc4ca34cfc9b83c2d97f50ff35b71,778,777
test,0x929c667287efcce4c1d0d8ad1ebf44a277d8c067,425,424
test,0x92b7b3a88ea73f2339141034cbf971bcbcc54ee4,285,284
test,0x92bc683bea666daaeb37a77c2067b2c49f8496b0,587,586
test,0x92d41a7af372adf799adecd036796dc6bb7af896,216,215
test,0x92df18fb8cf2f4035eb277f9f91fab4a4857b3fe,350,349
test,0x92fe20bfcef78342ac676bd0a61b03f8dcdce0ab,342,341
test,0x936cf3e904b83b1d939c41475dc5f7c470419a3e,292,291
test,0x936f78b9852d12f5cb93177c1f84fb8513d06263,522,521
test,0x939e9f69058049a1350e4daf921d92e95a9bd39b,134,133
test,0x93acf08004bf27a4fe99545d7f729dd5eee70778,876,875
test,0x93c255e46db48ff3c5937d0b7c3ff0495216c394,286,285
test,0x93c625b959b55f67cddd7baed6ec50d1aceb3b13,2170,2169
test,0x93d812bf90a575d628e246b0966505a9e466f534,1043,1042
test,0x93ed3fbe21207ec2e8f2d3c3de6e058cb73bc04d,1114,1113
test,0x941d225236464a25eb18076df7da6a91d0f95e9e,155,154
test,0x9442384d4ed3dd45d468b7f09d29627eed7c2b6d,577,576
test,0x94554c78bd90dc7047f1a400dd3c5730991d9484,2616,2615
test,0x9457725777a69922af16f3f3d58a92dae1995856,737,736
test,0x946D9eF6f575b1bf1CA52A7A86Bc4FBf37F025Fd,1547,1546
test,0x9480d1440697Bcd287C36cA31aC1cBA414B12Bd5,1547,1546
test,0x9492e713775d54e9cc1c89a9703c470af41ebab8,546,545
test,0x949f335fe05b4df0c01d128763baf0cf5e9e785d,913,912
test,0x94add786881a945e68f3dfd1478f586ba36769b5,1045,1044
test,0x94ced4c6683bb1312c71667368ae8a1ef2d726c7,350,349
test,0x94dca4f83bae48822e9cb011f02f1ac7b8f5e1ed,466,465
test,0x950e255c4362c7d7824c63911331ba0c3b090a52,1045,1044
test,0x95171f2a14a4d75c416d8c0c422338e3fdbab951,390,389
test,0x951f614f81da09c90e6187a14b759f98ed9e7490,4860,4859
test,0x953Cd9ad374Af0Eb69A65d30E550D0E88063a59a,246,245
test,0x954a36b1c1e5e42f884c4f7aa9522e6fd21b11c3,175,174
test,0x9596568122b777f3887c26980cc15bb347e70470,540,539
test,0x961bb40fd91453da2c9a40987cb85db494b8ec3d,1085,1084
test,0x9645258fb7fed8d7a7db6b6b7cfc8447f7c9c823,117,116
test,0x964bc602ee118f13090c69a670032e506d66f457,649,648
test,0x966d9db7293eb7bd82971cb07838e5679dadc50f,308,307
test,0x96843f4763b86fefd1f56aa7133e24acf2a88efd,3369,3368
test,0x96a0599930a67f72c713e6566687960882c5f7f9,2230,2229
test,0x96d0c2877b5d4fa1a476a8184326ff3efa0f95f5,2125,2124
test,0x96e93ce91abd8a9fd0bd0a0fbd296a387dd8c2e4,414,413
test,0x971f9fdf5b5c94a6617b4fd112149f0918ed565f,343,342
test,0x972f0c484be9e1bec8855d0d24f5a8727744f3c5,756,755
test,0x978b2918dbdcb63ff7c801e768fccc571e5c8ffb,617,616
test,0x97ba3d8ce6397ce7aea59a39e01ccd859c753387,644,643
test,0x97ec9bfb0f6672c358620615a1e4de0348aea05c,387,386
test,0x9804aa42afebfef98c515b34095b8b8ee1ad7b2e,983,982
test,0x984e5e8cf4bbfe8f6c5a1398fbbfa499a5d0e6c8,629,628
test,0x986b4a33b1f20635ad7066c133d8e84ba437d96d,350,349
test,0x988ceaa94de176f56f392a3630472d2726a301d7,350,349
test,0x98bde3a768401260e7025faf9947ef1b81295519,1101,1100
test,0x98f7d9405e9b973e51cd4d85a5b2327a9ca55359,1544,1543
test,0x992b4e3c40557ffddd482f47f646fee43ccdf038,572,571
test,0x99892ac6da1b3851167cb959fe945926bca89f09,888,887
test,0x99c7361f4f86a5a179ea35fed9ebf02e95fec0ed,338,337
test,0x99eda543b6a82d2a94d1bc2e044434321352174f,118,117
test,0x99ef762e368289e2a878ab42f619d561e04a6f42,1240,1239
test,0x9a1c7577a69ea9e296ef99bfb0eb6bedbe352a36,756,755
test,0x9a4ee79ab5ef423162873d3df22047b392492e58,551,550
test,0x9a6173C1A4739662dC81A7b47F457731a3a67578,617,616
test,0x9a6Fb86bd26CbcBF5ba1b9dFd55f479875F310Cb,62,61
test,0x9a91ee68e603dbc017c81ac9b5b75cadff0e11a0,463,462
test,0x9Abae60b960fF1fd8cBb2E0f1B7274A4C7EA1181,1547,1546
test,0x9ac14242ecb389f5bc1fa729f764036a00e9f15f,613,612
test,0x9aD6C7719664c16148BA322E195A21a63236AF1F,1006,1005
test,0x9adaba9ffda15e3a043c907d390f645147eb532a,350,349
test,0x9ae7ef94784f71f934a2fcb649f6579ffc4f9bd7,7585,7584
test,0x9aeda3956100fa20c258f52bd076ec1cb6f78079,342,341
test,0x9af23fbaae0ead9fb544098f3ccd347c18aa5ef5,350,349
test,0x9b0ccf7c8994e19f39b2b4cf708e0a7df65fa8a3,3465,3464
test,0x9B0E5F3278f3AD8C671795102D1FDEc336682F04,774,773
test,0x9b0f6a5a667cb92af0cd15dbe90e764e32f69e77,2196,2195
test,0x9b0f70df76165442ca6092939132bbaea77f2d7a,724,723
test,0x9b13ef21b4cd039c250d5694cedfee699478f978,237,236
test,0x9b1a4fe6fc8ccd291b65213062f53a1fff903bbd,2317,2316
test,0x9b1a5a8fdea9af4016d8ab1304a3eb9af8f08242,629,628
test,0x9b20dabcec77f6289113e61893f7beefaeb1990a,589,588
test,0x9b26ba3a1d66cca67aa413da042a144a39c554b9,8425,8424
test,0x9b4e2b4b13d125238aa0480dd42b4f6fc71b37cc,358,357
test,0x9B55a8329203863BFB52A877C36996eB948ADc32,73,72
test,0x9B6337547026342d4C8922537cc23268D1d75284,1222,1221
test,0x9b6e2ef9666051804c1e6796962c5f17fda15463,192,191
test,0x9b8eb09a59a180e7798fbe7e099c8c351ac56af0,708,707
test,0x9bb2eae0be24460a1f8292fb2c48c300f5622e64,3768,3767
test,0x9bc018c9e3e75afcb826320338927973839d0528,707,706
test,0x9bdeacb145860075af954de6adbb8ad5b52ceac2,140,139
test,0x9be0754df1f8ebf8d6a6fc86e0bf186aa3f7a4f4,846,845
test,0x9bf8b439cf628090cab56aefcb9d5ed4a8cc2b80,763,762
test,0x9c06d37cf351617ee38ef52ff1fa26a774feab8d,105,104
test,0x9c35fd2d966bdf2c28d906b0d862acb6600d28c8,434,433
test,0x9c3a2334d8d7a8b9013c0e572a5bbdfc2fc69063,350,349
test,0x9c86825280b1d6c7dB043D4CC86E1549990149f9,86,85
test,0x9c9a23520ce288de07a20ce542b9d9fd5b086c25,350,349
test,0x9cdF0b3B0B35d0EE593D68C55da1cC79585335bC,598,597
test,0x9d3c57cd606096b5553283aba72c6d86c58f5d5a,30,29
test,0x9d6cde970c30e45311cff3d1f3f9a8dd24ff70f1,697,696
test,0x9D8B33f8719470478DBD48711d004a0736d86956,2340,2339
test,0x9da44Fa3151d897683E470308ff92e5083D1dc4b,1547,1546
test,0x9dbbf858bfe0b76f21d6c780a98272f4543a3023,978,977
test,0x9dfe4643C04078a46803edCC30a3291b76d4c20c,523,522
test,0x9e2137388c6e7462a8a7a5b2cb2d1f7fa9265430,350,349
test,0x9e386da8cdfcf8b9e7490e3f2a4589c570cb2b2f,1168,1167
test,0x9e41d11ebcef755896c717b93685e97f1a276f8e,602,601
test,0x9e88613418cf03dca54d6a2cf6ad934a78c7a17a,1558,1557
test,0x9e916df0b5D32eDf0289812aAB53eb517a16001E,576,575
test,0x9eb01b70ae83b6a67937f338fc64a3195c0b20f5,1769,1768
test,0x9ebaf4b35a247411e6bf5c6c0d3f3ca707c65e8a,308,307
test,0x9ef82c127270fc3d59cf9578fad8ab4c1c0a8c7d,350,349
test,0x9f01ffd2b8291a68b5151606900a0eb922282bc8,375,374
test,0x9F06b7263A24c48F284c3E25c28DfD63CEA24AC6,1088,1087
test,0x9f22a13204c09e0f89144b63da0588a836c07931,914,913
test,0x9fcd683584173c5df0ee47852f5592f68ed72a0c,131,130
test,0x9fe977be251663ca7cb8db8a72e2244b61e325d0,350,349
test,0xa0174f796d3b901adaa16cfbb589330462be0329,330,329
test,0xa01cf557573d87fd0cd5f4e479c61e469ef9d3f3,494,493
test,0xa067ed96107e27a3cd5ad3a45594a511d1b94cc1,745,744
test,0xa0a2684e93ff3b100d766f7a8af515b20568d69e,1358,1357
test,0xa0de717714178300ae3834d32aa8703212ab1829,617,616
test,0xa11d166e592926e4e60a83f688a0757b2738d218,340,339
test,0xa11e4ed59dc94e69612f3111942626ed513cb172,70,69
test,0xa15c7ebe1f07caf6bff097d8a589fb8ac49ae5b3,1577,1576
test,0xa17c4b92e9725bbb73329d0421262c234357b9fb,278,277
test,0xa1877c74562821ff59ffc0bc999e6a2e164f4d87,359,358
test,0xa19c37ac03660372d47bc17d4460ef4c8aaf03b0,678,677
test,0xa1c9b3d6bd4bc341d904a25d517d31e109c2f2c7,1348,1347
test,0xa1d121abe654d2a7c44f5b0f4752599746162cc4,1066,1065
test,0xa214c9c6a617c4b50e040bb798f95174ba14fe42,675,674
test,0xa25e8050f80ee99a17e861cd0931d5d362caa34e,1205,1204
test,0xa2bef7ce60d464d611cf41c58b7b7946725f4b99,113,112
test,0xa2f45eb983e4192e600ba5cedb3dcf4c27aff558,399,398
test,0xa302FaeBa4666Bc9cDB1A4264E974e571e9BE683,2496,2495
test,0xa32ccd1eab6569ea19622429d94b1ca7ea14c0bf,350,349
test,0xa34e0ac765c36c915086f507703ae6e70f6288c0,421,420
test,0xa360953f890bb0164242e3e7dee276a79b3bd6c6,396,395
test,0xa37adde3ba20a396338364e2ddb5e0897d11a91d,999,998
test,0xa37b6a42f645b04f0e2661211fe9c63157654c45,350,349
test,0xa395480a4a90c7066c8ddb5db83e2718e750641c,139,138
test,0xa39ca2768a7b76aa3bcab68c4d4debf9a32c5434,264,263
test,0xa39d0fd265b8572d58bd22db9ffa8e483cad0dbd,1228,1227
test,0xa3c210db1361c0c549ff62bb21d10c5e06e05bfc,349,348
test,0xA3d3F829adfeBceaEb7f439ADF9157043929a6Ed,596,595
test,0xa3f901456770f26b282cc09b781cf781a2c487e5,673,672
test,0xa3fb17e596107f573e4860af9228b72aa776c101,350,349
test,0xa403c021d8e20a09946a086db43a815fbce4e39f,402,401
test,0xa409b8561802134e4b9d58ee0d1af495db3f8fb9,1309,1308
test,0xa419515d1a8393af96618a69ac4a06911f7dab6b,2384,2383
test,0xa43ef3ec09c844dccb09b4d193a7f407bd81f264,602,601
test,0xa44f624bec478a0852f5a1fd14bf59eca604a0c1,350,349
test,0xa4e0c041e9cd51f4e13305e78b13ec7324e6ed88,350,349
test,0xa515f59ca4be22e9f082d7c56056037514f8481d,1026,1025
test,0xa5284754c7568adafec8da31dab5b1cf4a97c4a1,551,550
test,0xa528d3e23d253df1ea3ec391190e1533cea6b318,383,382
test,0xa5d74472ace7ba478674d64b9946ad435f484a19,613,612
test,0xa5e9fd547d78f2b658ae6c45ad08d9ab432c797c,882,881
test,0xA5fc70Ea27cE416237c4212406D006b852451676,290,289
test,0xa5ffc21f151496b3d9bb6f94cbaf1a363ac6e44b,350,349
test,0xa600c44a75c5893809903a5cec563546d68cf3a1,350,349
test,0xa60ea337ac5c771e4c04630e3bd052e373b40067,383,382
test,0xa614f3b10bfdc9a2c4593712a0348a7d4f40b987,6836,6835
test,0xa62298341d83b93bd08a6e73bb80c7cf992d424d,2674,2673
test,0xa65ac2ffe6597fbc0a79cf38ba68514f8be8372a,353,352
test,0xa66530dd44f47f032c4cb21bad9c9ace3d8928fa,539,538
test,0xa667f7c9f8d9e7f54814f312ae42d08a31154889,752,751
test,0xa6a840e50bcaa50da017b91a0d86b8b2d41156ee,923,922
test,0xa6b8c1745caefcda1f9c54aa96ecbc00bc566713,611,610
test,0xa6d33a29261875e29644403cbcddc4a6a76f19b8,350,349
test,0xa701122c1b67220a8b6883d03c8ad67896b12466,1168,1167
test,0xa70bbfe72a97b2bbf08fead044ae020e5c5ae76f,7467,7466
test,0xa715ea6233f000d2a0ac06da7d3bead4539475aa,350,349
test,0xa736fb095bccf90356cecae4ceda5d7899ed8c4a,780,779
test,0xa7a3de21f9505eaa8a4d34ae2d5497f8d5df35c2,541,540
test,0xa7b67b22e0504d151e40d2782c8db4a48dc202f6,603,602
test,0xa7D625031FA8f6B975CF6281eEaB974B2E8E2029,1052,1051
test,0xa7edeba1e5cf1d3a17d67ed590292ce7bb9e6cd8,760,759
test,0xa80d19a184ed658691a63ea42bd174a6d095a682,350,349
test,0xa838cc309f2dc7560f2bf1f4bdde58c0974767b3,350,349
test,0xa854529f651b26dd7d2dc5c10954ffc48357bb5b,1521,1520
test,0xa894d71506a7b12a5c60bfde6be87bd3178c08f0,1793,1792
test,0xa89ca0d4ca6c993de3cf7db8f2e7dd8f0ef3ca92,350,349
test,0xa8cf661b6a53cab4125bbdd238078d50c9db92a4,450,449
test,0xa93af667ee2a571298fa3eb6d68d4c24f27ea42e,1975,1974
test,0xa96a812a8fc9c7287656b3216274909316d194a6,526,525
test,0xa971afdca01bd1ca1499346e730a3d1dc06a3a9d,932,931
test,0xa98462679f1da80248750d495510ed72e9cda06d,306,305
test,0xa98c0e2c01eff351ec67e2fda240340f63fff228,254,253
test,0xa98f0a2c4587cf8417d9e9f3ed0ebfc55098c35b,350,349
test,0xA9902d1Eace8ad794f5EB3E89c86610D3C361Df2,411,410
test,0xa9c970503955f3faec20d84b60ab2466b57be3f5,1741,1740
test,0xaa0ad6c0db34f150f72839c76ed8beaad8413c21,333,332
test,0xaa1e578d7ee1b79f3e62c9ad78f6eb14b4a99cfa,1301,1300
test,0xaa30f96f7576fdb195142b3d8efcf7cf712e1591,506,505
test,0xaa338c62af453c9a83ecb8436a06b887174664a8,350,349
test,0xaa652d53909b01c5a6b8e7cd814f9adea18c08f7,1582,1581
test,0xaa8722fb1c9eec9b6c32a90dbe9aa4c9eff19f55,559,558
test,0xaab0a030f3504dba3634b721fc03f42bbcc02c42,350,349
test,0xaad00f5dc5a76a9fa9060cd3cdfce9bfbe0e5e81,538,537
test,0xaad63e81726d983f825bf7ad87a416cdbdb24a97,544,543
test,0xaafac9fa34fac2bd7512c5b9acf755643dadcd74,35,34
test,0xaafd4fc990ffa78ced015d77f04cc65842a3e78a,454,453
test,0xab3d76c8f13ec8af3444f5da74401e9cb6f784a7,342,341
test,0xab407a06a1e77c033e1d5f21a2045789b204fd51,233,232
test,0xab50e301204aab5f0a14ad934f176e09b8216c15,353,352
test,0xab7b4ddd5936b72b5167a5cf3fc361016f434a06,350,349
test,0xab7e45c80a2e46127663dc59ecf96d5af3a1e794,459,458
test,0xab8a6878edd15eed93a0d575be79bd003d0522b5,354,353
test,0xabbbb6447b68ffd6141da77c18c7b5876ed6c5ab,658,657
test,0xabeeb06752a6da54773f00508baabb1c279f32d2,271,270
test,0xabf6b761c6d7e64fcc1794064f52449b0542af99,399,398
test,0xac0179761ac1e385b8fc58e20943dfd5d052a50b,175,174
test,0xac36d88dffc8d596c3b5a496a76cf5d274100a85,471,470
test,0xac3da587eac229c9896d919abc235ca4fd7f72c1,609,608
test,0xAC431d03f2c3558F0631aCE607593FC719daB88b,364,363
test,0xac44b0c61c20c5063e22d3a0ff67f13afdfed103,338,337
test,0xAc709FcB44a43c35F0DA4e3163b117A17F3770f5,884,883
test,0xaca43f6ff5185b0dafa0e2791756891f6dbe1ce5,350,349
test,0xacb65CC264aECB5aeB872763dcF46D34D172Da3d,276,275
test,0xaccd41c82caf1916764e65fb93ff4b091f18e68a,1190,1189
test,0xaCCe8E31616e608d001AFdd63aA764F589666879,401,400
test,0xaCFC9577583DeD00Ae53AE79A0346cca4655c0bb,115,114
test,0xad347f4f87259fc11bacfe4814275845b98aba0f,2605,2604
test,0xad43e9372590b2b1c2414f250c0b6d55382ba272,263,262
test,0xad47c816c992560091f7318ae7f1837f2125d18a,350,349
test,0xad4f06eff7461e286266197a80dd92036797dd55,1168,1167
test,0xadaa8c29ab35c5bf74af37aa799904c7b283f11d,259,258
test,0xade85d1796008281dbf4baaedb2790d3fea8d89d,416,415
test,0xADf545E4D52E8B531bab50990E6796F2E36cf63d,338,337
test,0xAe03583ab12FF54b424B88A3F3724Ee0870ef6c3,489,488
test,0xae080d87b45b029ac4999226afcf653d363949ac,347,346
test,0xae16921eea230edac4ea76bca43ecdf885ac9a8d,712,711
test,0xae2522fd28d29dd7a6802578ad84d39b04d4ea14,103,102
test,0xae2ed6e1a3412a8cb569ef4bdc833df204c3cb46,350,349
test,0xae51374286b3eb8a4aeb35eb89c95b3d3d648b21,350,349
test,0xae63c5c20d06018086fb1f55f1618b76ca196fc6,1770,1769
test,0xae67bda07aa55a943ced6b5c6a837c23219cdb33,418,417
test,0xaE6D4920B24a28e47e04351455baCED95F638D9E,1203,1202
test,0xae88fe3558b9d41552f1e85c2575e953eb82cee7,2039,2038
test,0xaea3e83d9ab031e145dfc5530be18eefef4aa7c4,741,740
test,0xaeaa1aeab206ddbd2ef782d0c1cca2dded44414a,527,526
test,0xaec236b1c5a848132d83cb48e8a9c777e7afc57a,350,349
test,0xaec71b3be50bc4cd99b44ea84fcf1ecc913bc33d,241,240
test,0xAF260dB1F1143b1953c10BC560017b3645600DA5,3403,3402
test,0xaf2ae60c0e7a3cb97392fea065cbbe465d7b6b5a,350,349
test,0xaF30132d04Bc28126E0D479d40C8dFFd1BC056E2,802,801
test,0xaf8a215e81faea7c180ce22b72483525121813bd,971,970
test,0xafabe4280633530a015150f6acf2993112db6817,510,509
test,0xafcc79d4cbe7e5b6e6997bbe7233e8e9179f664a,1609,1608
test,0xafd7aaab57d8792d59c14a9186f101d251709b0d,350,349
test,0xafe60511341a37488de25bef351952562e31fcc1,818,817
test,0xaffd8d333badb2a6dfab4854c5a30ac2dbb9db9f,433,432
test,0xb0280743b44bf7db4b6be482b2ba7b75e5da096c,606,605
test,0xB044a1F6352fAdbB9cEe1a499f2ccf17204f8AFe,312,311
test,0xb04ef665f3e7ca5b1cddb67cc7a1143381c17799,1739,1738
test,0xb063acc75387dd60eee2ddce01adec93e8624273,350,349
test,0xb08fc1db58ef5e15a6f97d8f63b2bb4a14b9df37,214,213
test,0xb0991d65980bd9af6109f9e6b38e862e91d873bf,423,422
test,0xb0a00896f34655edff6c8d915fb342194c4a6d48,1451,1450
test,0xb0ceaa9cc523332cbef9fc606221cc0bc2d0872d,149,148
test,0xb0d926c1bc3d78064f3e1075d5bd9a24f35ae6c5,645,644
test,0xb108c6b6ff68745a53d8ab58d53b98ad12c70875,350,349
test,0xb12c94a581ed60802fc6cd494532487afab70c86,736,735
test,0xb1733c9c3cb5d98c2c35db27e30de26081d4d30a,581,580
test,0xb17df9a3b09583a9bdcf757d6367171476d4d8a3,347,346
test,0xb1eb96f752c624dc784d80961a1accfaf348c923,581,580
test,0xb20affe3856d4240fece231ca3d4baa17882b754,562,561
test,0xb2139a2ddf0559f7fd14755f9a832ad14b322aec,527,526
test,0xb238922f1ee01a77f6bda72deaaea78c47726fed,756,755
test,0xb24c5478f747864704b958dfdd6b9b10304ce469,573,572
test,0xb260afedf422cd670776edbebe62682bca507456,355,354
test,0xb27fb8de974414142e7f3e2b60b6920462f2f78e,924,923
test,0xb2be0a05475e095c35fa41e77c54b35492160714,572,571
test,0xb2e1c1b265e24b3b37533ac98451e86560c6e014,630,629
test,0xb2f6ebe8e606e7b18c78b19a3c5969618fa599da,340,339
test,0xb2f7eb1f2c37645be61d73953035360e768d81e6,846,845
test,0xb301471f0e34517baaba28344a03a0e21a43141e,617,616
test,0xb38beba95e0e21a97466c452454debe2658527f7,102,101
test,0xb3b33f59174f2ef62167770e4c9cabaa3879eb5d,1787,1786
test,0xB3b476df77086B227d480C99B69b08A77631f2cf,234,233
test,0xb4435ca8e8e8503ca23d84233051f6dbc8548a6e,350,349
test,0xb469cb977371529dcbe637406ca4556f541a3f97,350,349
test,0xb492a0125d32a881597b948918e55e17820d5b4e,350,349
test,0xb494708c960af46e893f855014434ed9d24842ad,449,448
test,0xb4a9ce119ce5ea77224c45de71b2ab40d525b0d3,1306,1305
test,0xb4afb4a1df99c2333ddc57ec33e57d26e87e78e4,6178,6177
test,0xb507a4c2b07aad8e19f99d179d8f90b2b72b4f72,7689,7688
test,0xb515C702EA8D0F8E1D19499De2b40FEc90d9832D,596,595
test,0xb53301a17ccfe8a0b3d13899f50e38edfc99477a,606,605
test,0xB5335e24d0aB29C190AB8C2B459238Da1153cEBA,289,288
test,0xb533aae346245e2e05b23f420C140bCA2529b8a6,784,783
test,0xb54da0854f41396886eb728e0f8082382281f84a,796,795
test,0xb54db0ff63706146f0fea402cb4a3fc2152c1bbe,342,341
test,0xb55d68fb90585527ce5889fb29fe5da614389659,349,348
test,0xB56c4Cbf54c0287043AE1aAbCc68b42b4A084D15,519,518
test,0xb56c725467c7eec851b1a4a4222d930932b04e89,1825,1824
test,0xb56e95AEA830B0242be6A5D0239ED7f71408563b,239,238
test,0xb59c5ab4be02106434e729ab020f824d45bd6f30,282,281
test,0xb59f67a8bff5d8cd03f6ac17265c550ed8f33907,230,229
test,0xb59fdff77a6175dfa4fe7af4281a52f61611eaa2,155,154
test,0xb5a00e30602ee03074f4f8e996adaf9dc96224a4,544,543
test,0xb5a1df09ccaa8197d54839c2c9175ec32b560151,1180,1179
test,0xb5e1b1ee15c6fa0e48fce100125569d430f1bd12,143,142
test,0xb5ee67c9a8faf86d968b2d238561c01b823514f5,1022,1021
test,0xB61054846c7BC1Da6629a424fFFDD24a48878Af5,802,801
test,0xb6232969a6c1f995c802b8ed84265e4f7f92076d,857,856
test,0xb6346b0cf3925b8758b5d98cd19703d2c5239e99,646,645
test,0xb65E16b44A80C9c44aDdD56a5014CbA2814a82D1,842,841
test,0xb67734521eAbBE9C773729dB73E16CC2dfb20A58,350,349
test,0xb679afd97bcbc7448c1b327795c3ef226b39f0e9,729,728
test,0xb6ca1b4c1e511ce1345bde831ea4f4518401c7c5,891,890
test,0xb6d5414a1550b70d3a1280081b115fddc4a465d2,1327,1326
test,0xb70735a91c889c02f606179593c7cd669a5b1a97,468,467
test,0xb71143305bdb3a4fa5d4fbed764ccd6724327dcd,811,810
test,0xb734c74ff4087493373a27834074f80acbd32827,795,794
test,0xb73eac0b5c4bc47c18d727b357901a172ed03e76,540,539
test,0xb74c2851d55cd01a43bdd0878fe6c0ff984a8203,277,276
test,0xb7b64b77c1fedbc31ca68e690e06fa670d049505,350,349
test,0xb7cb1c96db6b22b0d3d9536e0108d062bd488f74,271,270
test,0xb7d25b738cc48a0b721b5a3f2fdce9ccbb121e1f,785,784
test,0xb7f78e6016cD45A448d3703ab1b4f5B5E5d41E69,703,702
test,0xb7feef5cf872df05f7cec25a2ce82a14cedcc27a,1027,1026
test,0xb8405a5048b33e78c954c5f6b649ceaaffdc14a3,75,74
test,0xB854728AFAA9f8dAe90794De4b9C19F0C5Eb969a,1064,1063
test,0xb878aa16d7c687e5334f77462b97af129cf67749,214,213
test,0xb8d0c280183f274101183d4c0a6057087b43baa8,373,372
test,0xb8d24ac55866236b2c7b8fb046ca110d488fba02,702,701
test,0xb8d3d64d55b3d0d7a74f8bbd2d792d843c3337be,303,302
test,0xb8d8a92cafaf6c055bce8e53405d90be96d1a677,1134,1133
test,0xb8db181134c248b6c9aea37a53c305737034124a,308,307
test,0xb8dc951ee4044ed7a8e2b1d45f6a1857895a4e81,466,465
test,0xb8e861e1e1c8155831bc5f1026a18c645bc59754,515,514
test,0xb8f31d22e6af4347afb23068fd3f1a3ae1d49af8,1364,1363
test,0xb9255262a3b7a9e9d8372ed87a0979c3324e7820,1033,1032
test,0xb94cc8dd78f09549a4dbd0434a83a9a1c3a23d65,1009,1008
test,0xb9E36a650D4d6bb8156Fa5bA4BF95eAD2DA47aF4,296,295
test,0xb9e8a9163b88fb463c6e1ebe090a0481b870cec7,1610,1609
test,0xb9ec7b9005ef087f16fd198bc1be94269dbe46d8,368,367
test,0xb9f0b7e1d518f0e213441a804fed84c2858c5d88,541,540
test,0xba4725e435a287e28783886fcbcb339436a6ae66,711,710
test,0xba55af6c8780189707080e16c55f4e22015f569a,1984,1983
test,0xba945d22c73f60338d1666477e6a8a58c28f4591,751,750
test,0xbaca9c2faf03898fc5197ee90efb6e13df7f1d55,4445,4444
test,0xbad8c49bb504ec95403116b0cf348dab85ad6851,477,476
test,0xbaeb0499524ebdcaf4367ef940fa9ebc845b4e4d,608,607
test,0xbb13e608888e5d30c09b13f89d27631056161b9f,1902,1901
test,0xbB1972a4eb98de90c150ba209e60238A74ac774b,691,690
test,0xbb28bc9a43f60eb00e15e3654acc9e6ced43856f,771,770
test,0xbbda1f5899f828735af87e890afc6449fb90de13,705,704
test,0xbbE534ade64BA84449AF1AE1Bae2275CaAA1D499,485,484
test,0xbbff862d906e348e9946bfb2132ecb157da3d4b4,848,847
test,0xbc5e0d6072b8ed0463832f2b36ab142fbda2b85b,350,349
test,0xbcbfc1be2343dc642026e5b2da07460a8484a79d,847,846
test,0xbccd58869a68b8cd4d253401b9057569d08f7d33,350,349
test,0xbcd954a95940a74570b3fcf0908da975c1dd72d4,217,216
test,0xbd1e1ea13de6f320e89f33a7076b29d1a00506d8,818,817
test,0xbd33a26cbbf7895e18e22115efedde194bc3beba,806,805
test,0xbd3696b01a487b012ba99628b06a1a7859f5ca23,1182,1181
test,0xbd5af6f705e4582c3f2b368ccf278ce39c3cfc17,958,957
test,0xBD60d6dB0B4fBfa01e4EE1C69A8d1510638f0DeB,435,434
test,0xbe00f2ee3f4cc6d44953fae9139a34322f7c0871,1229,1228
test,0xbe13bf3657f9d7eee0cfca3d8730017cfe97dbd5,676,675
test,0xbe5c1c298d0088886146a906cdfd83539a8cc0ad,672,671
test,0xBEB9eF514a379B997e0798FDcC901Ee474B6D9A1,1363,1362
test,0xbed9ed7c86fab36d25f2759856d1d9fcc98a5837,60,59
test,0xbeebcfe2fbb3c72884341be2b73ae0fc6559b8fc,308,307
test,0xbf18f246b9301f231e9561b35a3879769bb46375,972,971
test,0xbf2372f0a8aa11ae522f58f9a65f151291f435c8,738,737
test,0xbF43a143881De80700f63a7da29819d1b0A7d027,476,475
test,0xbf614eaf32e40581455242579b8e20d03551212f,16,15
test,0xc00b9bdb6b2ae341b4321be4b2a752ae6a5db18c,738,737
test,0xc0289015dfc96c1a141ce742f9e36edfb72cbc8d,317,316
test,0xc029ba3dc12e1834571e821d94a07de0a01138ea,1891,1890
test,0xc02bec520cc8d726f859a7e5539f98f72676692a,741,740
test,0xc0906ffaf08cc17d64b625e71cb7d40914c6514f,818,817
test,0xc0a7d3f28fa50e68c7276b3071967e896f3c6555,350,349
test,0xc0aa69e24533f99fd95757e471d93ba7ea4b1c50,1610,1609
test,0xc0d6b253124c7718965f755e832c5418112cf28d,605,604
test,0xc0e3cf6d466b2273f3aa105c96325830ba884ba1,533,532
test,0xc0f05302e655ae0081e029a0f2b3e02ebb287a21,508,507
test,0xc1128d09f0f7c0f01f5417eaf2661d8d4d80b92a,1220,1219
test,0xc11dc13b466addc1c84dfb92ccc1c49b98a5e60b,336,335
test,0xc1232a20ccaeabff0c40de4b14321dd75283177d,668,667
test,0xc1466074bc6daa0c388be07d35152a822230c3f5,429,428
test,0xC16b542ff490e01fcc0DC58a60e1EFdc3e357cA6,1017,1016
test,0xc16cf13922c18de7842374f9baace4489f1d24af,1244,1243
test,0xc17aba26ac6324b834b8d0be9217625d47a00b5a,1009,1008
test,0xC1FbB18de504e0bba8514Ff741F3109D790ed087,112,111
test,0xc20fa8213f9055e213ac2bd5d88d450590cc8540,490,489
test,0xc230b2F84121d6CEFaD03d8a9b6c791931d7952A,335,334
test,0xc27991197774bb932599abdfcd35a266267839c6,350,349
test,0xC27B9094e8FA5b313B934f6be5969B5d6c8EB9bA,317,316
test,0xc2b26fd43667ddb770689b13f95e4421080b7206,296,295
test,0xc2ce550194fd9f06d5fcec83637cb0d16eb1bc85,350,349
test,0xC2D346915414047795418b16694CA0B3F01251a6,961,960
test,0xc2db3637b64503a821adb44bcf0f1a3a88823a4b,342,341
test,0xc2eaf62d3db7c960d8bb5d2d6a800dd817c8e596,634,633
test,0xC304fb0D2DEf2C934fDf76a9dFf11f4c9a469dAD,1972,1971
test,0xc3381616cd3e498b913f243a0f47038cf932bd2b,350,349
test,0xc349d0f5dbdaf14dab04daf5521284448c948ec5,427,426
test,0xc36b7ce1BFA6981A56fF72a63D32bc4371921a69,3360,3359
test,0xc3951d77737733174152532e8b0f27e2c4e9f0dc,667,666
test,0xc3972ac283b3a7a56125674631a5c254f7f373cf,587,586
test,0xc39f7bb97b31102c923daf02ba3d1bd16424f4bb,646,645
test,0xc3aafbe201dd0545764214c72e9bfffeee796a12,966,965
test,0xc3af5103551287cfc8f12d7bfe208e0c2c3c3ff1,708,707
test,0xc3b643bb85318b6a0e1b46c30365adacdf9469c2,3369,3368
test,0xc3b7663ab5b9322871374af1fc967a926abe841a,997,996
test,0xc3ef562cc403c8f9edf7c3826655fbf50f4ddde8,288,287
test,0xc40fbbb7fdc42f40b20d9c94ab54d705af9d2a81,350,349
test,0xC4529EA3F838A7E27a673A87BFE844a5B8B1E4E2,340,339
test,0xc4a9c937caa3b997a249d5e03d19e711d8a47e81,291,290
test,0xc4c0666cf5bdd798485bfea2e9ff3e7f8fba359d,82,81
test,0xc4e8cb21436e79ba9ed0abeaec010a1982125b80,1510,1509
test,0xc502c37f8b801e9144e785fcd7817b6a85529a95,540,539
test,0xc52a597ae473d74e07fca0515bd065e1455d9e47,417,416
test,0xc559d2901afe996aa5397058b84f9ea8d0720ad3,331,330
test,0xc55ae125e160a3898e494d249176275d618bed6a,102,101
test,0xc58f14af29ec15bbbf2734fe7f4fe8bc4448d38f,1261,1260
test,0xc5aaeeac76eb1d44f9e0d1a899db8fd5e7079069,999,998
test,0xc5bfCb042f5bc5402D7F6980F17695bf8147Dfb0,875,874
test,0xc5d275df1b6176d732aeb4a234e905c002424ec7,223,222
test,0xc5d3b25a2ca77316b637106a749cd5e92a8e4702,544,543
test,0xc5e139e84b4d0e302767faf76e8fc844eb601d6d,573,572
test,0xc5e837bfd1d772dd41aad726214e9a563b1a74a7,3486,3485
test,0xc617d97a7ce654ef24bf8d419cbb2eea2862cdc1,544,543
test,0xc645aeaaa073d73254a49156e69b3e16bb3a25e4,128,127
test,0xc66ab491d49c791367433162019d816926caf884,1048,1047
test,0xc68844a8ba6467275cc7e877e8561a6f1fc24c33,1143,1142
test,0xc6a702a8aa7e9464399c05fb1e9caf6513de9a08,353,352
test,0xc6af0481f8bd1b64e8e3551e6b1eb1503dc33b54,526,525
test,0xC6E36b93FC34Ff4eF6Aecc72771E88e57Ff8C4aa,1919,1918
test,0xC735ba2f48CaFF798c3A4e9E22CdBF62fF804fd0,2025,2024
test,0xc75175d7de7e8036f7c00a8e89f30dcf6e733f2e,836,835
test,0xc76cb10ea30b059665f74098968d80282e6c633b,287,286
test,0xc7825cc6c45eb1249234cb3c20700a41008cc0be,350,349
test,0xc7b4cab2a65d1d70d3e418aa18c3cc2da4215ef6,172,171
test,0xc7e4a9147601fdbc7d1c2fb8b6c2ffcb2469f293,63,62
test,0xc7ec86c02bf9b8e84a7222e272f8da1ba718eb1e,350,349
test,0xC8110527a0b803c0ba15456861d720864915b6ED,7214,7213
test,0xc825aa83f12e4d225ea1f21511a68e7aa78a002f,985,984
test,0xC857602cbD31145209B5C44e32861be724Bf37c9,384,383
test,0xc876b7545c2b6bfac4cd82db1ebd33f70d738277,1471,1470
test,0xc886d9b4de5f9b5578fabd9151571f5fb8869d9d,1072,1071
test,0xc894ad246aa19eff9891eaf322d3ced05d25ad2d,533,532
test,0xc8a8d2a81cc86b95beb04e5a320d7e53f3c627dd,519,518
test,0xc8ad4c3cd4d71c4aac486ec9e5741dd270b7f5b0,837,836
test,0xc8d9b34e5913cd935095cae813dd345a6896c11c,1934,1933
test,0xc8dbd480377235849b039343c27e4aca381b590a,1276,1275
test,0xc8e3aa7718cf72f927b845d834be0b93c66b34e1,352,351
test,0xc8f0905fe0de49b39963804fdff5f8d0aee8e11f,685,684
test,0xc9010d9ae0f893d176ed1901868cf0b9e6e47763,117,116
test,0xc93734c95c079a7eddec2c03ac04b2da64e71223,350,349
test,0xc939a768bca271e0c69c2c530a8c20dc1cfb60be,2571,2570
test,0xc93fb7b0d3a853e2dab76fe5340f48db87f92f16,350,349
test,0xc943ae4364115518ce94906d4af797809335a67a,390,389
test,0xc956b7eb0121d76cc498b7540a4e4834684d17ea,350,349
test,0xc96d4c01834ab2f35be35632ea6a9a708343895d,386,385
test,0xc995cc54e563c67bbc95773c96ba96cadd8b07cc,363,362
test,0xc9D202B7dB1C08dB49bff77010E2d388bBC42979,688,687
test,0xc9ecab309aef735586f45413d0aeaa4adcc4f654,1065,1064
test,0xc9ed11cbed7b5eebbe7980b8b96df226fc68b8d0,399,398
test,0xca0dfc56241779f1f51866b79651b4c617c7c51b,358,357
test,0xcA16D1013f8E9BE2f964905964fcd0512Aa93120,742,741
test,0xca260ffffb0270ee07ec6892fa9d44f040454e4d,61,60
test,0xca6f6e8be2fc32946d38a92f7452578a8170ca97,1109,1108
test,0xca83bd8c4c7b1c0409b25fbd7e70b1ef57629ff4,1383,1382
test,0xcac22085b233b435f696fa8741dca5b3368065da,1358,1357
test,0xcadbdd55d5c7ae3bc199c64163369fd50477b73e,2317,2316
test,0xcae348eeb5d0b9fd59a8fd179d8b3e8a7b871b5f,277,276
test,0xcaffa1d66eae19887319ab9aeca5bd9aeb9d2dde,643,642
test,0xcb22b112bfb0b01ba37a5a74c2be29120e510ed6,1426,1425
test,0xcb3adebc3303cf4c0a5a3498982c2a6649697c07,718,717
test,0xcbd1dc6d55f20c9b4639752544d7eecf261abbed,1319,1318
test,0xcbde55fd7042a8e2ff915d51b4500635c9a3f7d7,614,613
test,0xcbe717fb2923f4226271cc4c1d5ef2c076fb3247,364,363
test,0xcbeea2e0c48f5bed015fe53bdc8fb643cfef7969,439,438
test,0xcc1dcbe19c426033078c63e582c1ffef1fb4c8e0,2142,2141
test,0xcc5881497064310a7516836f5e167f3f0225da73,350,349
test,0xcC88937F325d1C6B97da0AFDbb4cA542EFA70870,468,467
test,0xccB43bd43Ab4470D8Bb0daE58f829AD474781a03,381,380
test,0xccbf21ba6ef00802ab06637896b799f7101f54a2,614,613
test,0xCCcA48874780f9c42b162c9617bC6324c5142C22,852,851
test,0xcD0506fa31Ed0900B062E03D257E5e9b5063068a,476,475
test,0xcd0c369b76224d48e3632efc9f05de2f0b5c07e4,382,381
test,0xCd0ccF4B0746026445e17659dC3b5cAFe87bffc8,1547,1546
test,0xcd85b6cfcb0abe69c8c727b45fdef1c9327cd642,421,420
test,0xCdA1bBE093D7174e1f54bD48ED4FF165D5e982Be,667,666
test,0xcda4377806cb09f226aa4840a9df8b5c2b7744ec,963,962
test,0xcdcab3c098870fd305bb415259240a3a3e480d91,472,471
test,0xcDe6050497608585Ea0ab85cB3A546D0D3Bbd63D,512,511
test,0xcde881f8b37b41577c65a3904579fff6bb94f3c8,916,915
test,0xce08e97536b992d8da761e95db4eff0c649fce93,42,41
test,0xce75e5aa182ee99ea1be60aa13b3f2eed172730e,286,285
test,0xce831af117375e6286eb3c46d696ee3dbf4f4f50,721,720
test,0xceace976b81e39647188828c384ea5dfc3f925ea,823,822
test,0xceb4cd1ce2b6809dff06b70a8455990ec040dd41,1768,1767
test,0xcf150b933af065083ae80addac56f9a7b3324436,719,718
test,0xcf2d2f07aa110aef3c14c9be731f9e51fcd665eb,350,349
test,0xcf3a6ec03b0e8e8525933d4e2439d4d5ee2763ce,1016,1015
test,0xcf73613e6c0a68e57b1e3c73b612a1c7376691a7,133,132
test,0xcf77b582bbb9afda0abe1d7cedefbaa312c5c45f,1149,1148
test,0xcf7a2f536ff54fc2fc13f963eff8e3130d6a3574,548,547
test,0xcfa37a2cbba3d6fb8e8ad8976572ccf9aab6ef94,361,360
test,0xd013b100aa17fbc70be8ced563a49feaacc5fd1d,479,478
test,0xd037a81b22e7f814bc6f87d50e5bd67d8c329fa2,403,402
test,0xd04ee655b0dadc293e02c41fadaa8bbb80c855f8,350,349
test,0xd056d21719e7e2bc216cb74fb18a3d0f1542af6e,314,313
test,0xd0691eff48d64e93469c7560f9ed7b8a5efb019f,539,538
test,0xd079763792f984aef8bdda31a68b405031dfb367,383,382
test,0xd0bb51fb630f4cb5e2c7dff44380aa3c2a9518bf,350,349
test,0xd1265BFe57597840f89971B7e67538BAC780F9ad,707,706
test,0xd139103f7338f6508b2cbc1d010b45df4346d90d,2142,2141
test,0xd14B307A8A9f5dAe852216d7860A6E302a533B2F,1290,1289
test,0xd15f47fb5aa0d4fd0d49497de87cefe49c1f6f82,549,548
test,0xd1632efa392925089785b43410c529f8959a8d9a,1145,1144
test,0xd16c735522daa367cef9336d8ee496391d81ea68,41,40
test,0xd1915A2bCC4B77794d64c4e483E43444193373Fa,274,273
test,0xd198ae437005abfad5a115ff01d52786167def29,561,560
test,0xd1d45e794adeb5f0d6f936cb776d76c7b27cc61b,676,675
test,0xd1f87ccf24dd28dc54a66ad8a3ecf1326ef603da,510,509
test,0xd21d0eaa659606bb6112c4576a02d74b5c591f3e,544,543
test,0xd21daa01e682f849c8e21bd945bc040103091640,957,956
test,0xd2267d73e9a53e55aad8e2045b9b02faf8ff171a,551,550
test,0xd23f2533B726C9Cb1Fb9ed109b82e5A8F01c881e,355,354
test,0xd2606c9bc5efe092a8925e7d6ae2f63a84c5fdea,380,379
test,0xd26114cd6ee289accf82350c8d8487fedb8a0c07,794,793
test,0xd282aaabc2b194ebba0da2b98ef1c9c66eb24931,215,214
test,0xd2adaf0260581824b2b93f6a51862e33852f1d31,1141,1140
test,0xd323d4adc5184f154e929ecc3826219b8de56c64,350,349
test,0xD332F2C09856322225E31723A611E5Db35453a8a,2309,2308
test,0xd348e07a2806505b856123045d27aeed90924b50,1308,1307
test,0xd3759eb6394dc1a2fe30d81c86631a0ecd1368e9,618,617
test,0xd37748a09dec934dacc27bcee6ab448d23c746c2,353,352
test,0xd3e74ac8ecb37649488e6c918452e04e51eccf19,880,879
test,0xd3f9db6a2ebb18617a2e279b07887e4c6f35b5f1,39,38
test,0xd40775e917492a9f8afd740d52770d27682be02d,1880,1879
test,0xd43947ad59b1a616a4a171632b11d9a4091c3448,353,352
test,0xd44c0f04ba0c500a153417a3a8f40b6f63e67734,296,295
test,0xd468cB0Faf54B8a383f8DF78b0c34d825B5246f7,410,409
test,0xd4b6752783610bca95c9a44649090428ce70b83e,586,585
test,0xd4bb1a23145161b943dafe6ca64fe7d03ef486fc,133,132
test,0xD4C2A79144df5704972E29cB54F1C88C58Dc0bBD,320,319
test,0xd4e26b4e8e9881e8905315aba189b694f2307757,893,892
test,0xd50141c028088b1e5b8bd2896597e4cc1ae7f444,350,349
test,0xd5107e77d5f3b0035d152413c89851cbeafa9a60,482,481
test,0xd51fc46e0b22a6ddcca5f7716a4edd14e97f94db,392,391
test,0xd559f20296ff4895da39b5bd9add54b442596a61,1058,1057
test,0xd56fff99716259555cb74b4809e3df437e2f1e66,350,349
test,0xd59695c56e652d2f4e6f10fdd7eb6b49cdcfa361,285,284
test,0xd59c5c3dc9468667b8939fec073cc72df49f8fac,350,349
test,0xd5c8575a674d78c305aa8f45028c3868a05b16de,566,565
test,0xd68cb2a1f51171c295cac3a7d27c15068922de8a,1393,1392
test,0xd69de9ceb34257b4985f2e0cab8687ecb38612c2,399,398
test,0xd69df0fc2342e01f691e9d289553848491ca1059,361,360
test,0xd6bfdba0af4958dada0a1862e2c7f24c80b0f575,361,360
test,0xd6D7d5722B5925F36055D27E1742B27bEbad5BB7,129,128
test,0xd6ffe28d964770b0c6ec8a4c84065cdd52b392d3,6651,6650
test,0xd70d884ec2a69ab23c2b32a674818960d2da9b77,350,349
test,0xd71d4e11CBdAe6f534B5783726Bab4fa1E3EbF5B,758,757
test,0xD71De30B6D531d5F0D72728bE1b8851AFc60E8be,356,355
test,0xd72d080b579cddd5e0b2790071aef5fdf66ee597,728,727
test,0xd75fcba95c692c3d7a4246b7e6bcb1f27331ec6f,350,349
test,0xd79f598f7620d959b19a35749926ef7b2629dc5f,258,257
test,0xd7b06571942f1c76ceda0e26db8dd4c1acb59cbf,318,317
test,0xd7f21117ea7f137e12d89b16adbf683f71d72c9c,2119,2118
test,0xd7fc38b61704c29749bfe792b7778e5ee1b12e31,350,349
test,0xD80dF9C12982e1746c4F3Dfc75E267d404527Ffc,330,329
test,0xd810650bd094a2eba59912ecfc07ee108699116c,620,619
test,0xd8198de1d2cb356eeb2699c66cb01afbc127aff1,285,284
test,0xd83c82d9ead90cdd59be89b9a893bfce3826e2fd,350,349
test,0xd85f7bfd410c90ed2978cc8ef80ea1634636eb54,423,422
test,0xD86537f88d095EB63cfA9c19B816Da8736b94a35,551,550
test,0xd86fce1890bf98fc086b264a66ca96c7e3b03b40,978,977
test,0xd8950fDeaa10304B7A7Fd03a2FC66BC39f3c711a,692,691
test,0xD8a19038Ca6d75227Ad5a5d7ec335a111ad6E141,238,237
test,0xd8d35869b4672f529922ed9adbc45bc783670582,157,156
test,0xd8edaba25d931d3a297ddcb58dd325d0fc0ea46f,350,349
test,0xd8fa24717834bb1e79440cef2e40a3203bacd52e,609,608
test,0xd9139a5c587a9e16e4a09110f36d11712e42aeb1,1009,1008
test,0xd92134cdabcc812c816c7318c1a2605ad72cc5bb,350,349
test,0xD934eE44c22fE8cF0f43bf66620b3001D9172904,57,56
test,0xd9a0658b7cc9ec0c57e8b20c0920d08f17e747be,513,512
test,0xd9c58ef8afcfe2df9884724de1614205a7b5f3f5,1208,1207
test,0xd9fa8ca8e4c9d8089861640f384b42f66db4cc15,839,838
test,0xda1e79b074a5500a763132c5bba56aadf564235f,2323,2322
test,0xda7c27c04f66842faf20644814b644e25e1766ea,3581,3580
test,0xda9378ae021239378752acfb1821bb6ed9309371,125,124
test,0xdaa69c490a9bc1fbefa2e5e776993f65988823d7,402,401
test,0xdabe47206ec8bb074b6d138071542b808dcdc36a,1635,1634
test,0xdac17f958d2ee523a2206206994597c13d831ec7,1143,1142
test,0xdb03170241b7a789934b677a64fa49e7783b41d5,385,384
test,0xdb2d47958c9de982d059526d3506fe31b012570d,361,360
test,0xDB8C2adBcC73601271c779A3c81C282Aca110009,769,768
test,0xdb9dfb67c6388291476b0c1db3b59838c447e1ec,598,597
test,0xdbcbe2aff0c41c165006284ecf20bd422945e5bf,358,357
test,0xdbe36b52ae46a1e843d33aa3215851f4c11a6a6c,344,343
test,0xdBF98dF5DAd9077f457e1dcf85Aa9420BcA8B761,2860,2859
test,0xdc20655a6de13496dd385f7ab903e4e6150e55a5,665,664
test,0xdc817da224c9d2e0f79dd6a9804d2c9eb6be28d7,350,349
test,0xdc8adca00787b665abbaacaef37c8bb629ebaa8f,151,150
test,0xdc926b36b7faadaa1daa1c8bfb60b6e7a88fadae,561,560
test,0xdcab5d235131b02ab93f7e9bf3daed22d464be8a,3012,3011
test,0xdcf14a9cba1d5ee6d4671c20c559373f331910ea,540,539
test,0xdd1ac79efafbe76f75ce46231525eca0a6cef342,1003,1002
test,0xdd1eb182e1b17b2bf937131a8a861e6eeb792f2b,399,398
test,0xdd26a77e7901221d5c407bc329ed5c20cfaee766,385,384
test,0xDD28848AD5eddcBAe7E9134C6ee344086665D2E0,539,538
test,0xdd39457768927c7d13b7854931eb4e800fb1f347,181,180
test,0xdd70a308ed4b507e76da1f956c72c71d0a98dfa5,2148,2147
test,0xdd91f935b89f9ceaa56f549db5747d37c4f8bc6f,546,545
test,0xdd9734d041637868bbcdc963b0cea2db77dca3a7,47,46
test,0xddbb8546b50a94d961fe38f1518ce366cac322ea,730,729
test,0xDdCAf6c604592b37f775F3d303A02013BBD7AD93,7276,7275
test,0xde115bd181400de3140719417164f838605f3f34,318,317
test,0xde3ef098c2b8a1f1598a272e959c479b8376265d,1005,1004
test,0xde6c1dd8404827149f6edc09e50476aa0cd7b4ab,349,348
test,0xde7ba6d4e76b5a21a84edded794d6e13f721e585,350,349
test,0xde94ce573dbfeaf8418ed50556adab54b785ef08,359,358
test,0xde9c81e767f7df2f613f046f64ed7bce75166b5f,2746,2745
test,0xdee5d321084cfd5425a14354dbff5063025e1846,1748,1747
test,0xdf3e88b6a29eea886a822cecf25802a388070eed,833,832
test,0xDf66051D2505fcaF8601fe5E6A7c63C81FbAD176,704,703
test,0xdf68995f07882120b44da1d0fabf41ca1681deec,2094,2093
test,0xdf6c1af2e588c79f5726c1c4aaf0e9e8fbd2483e,350,349
test,0xdfa0a65cd0c0b83d27baeaaa785e786e2a3cad82,1143,1142
test,0xdfa4e277c04ebb2d3fd711fb3580cea4053ac079,301,300
test,0xdfb761b2b2fe97b098555f547dcd76b6516efc98,1231,1230
test,0xdfbc1d50439e52a99207a50b395e0a34dcb9bf28,982,981
test,0xe08e68b9441b6f9d339b4b2d72fe1b7264a157f3,508,507
test,0xe08e9e1606fac93c07fa7ecd9415437fac501fb4,613,612
test,0xe0d69883e1e4e82274b30da4557720148c48ecb3,233,232
test,0xe0e85967afcb4c6cd4f696b58f24f96456591db1,1884,1883
test,0xe0e95e0ca34235dc58f5bac209c00a7a65dc703b,544,543
test,0xe0fdbc042fdccbeb197c40ea511ecd1b8e65c019,1614,1613
test,0xe120c1ECBfdFeA7F0A8f0Ee30063491E8c26fedf,405,404
test,0xe17276888d1b3c0eac64309c15f5d4195d24c695,1798,1797
test,0xe178b1183eec75ee999436e379fadb1099f00baa,350,349
test,0xe178fcd87f510779afb324ec2784e594bd49aab0,350,349
test,0xe19269f733821ce865a0f414db76f3298bc42f11,350,349
test,0xe199C41103020a325Ee17Fd87934dfe7Ac747AD4,596,595
test,0xE1a6b457841eC3201a541E823b916BBd0885e1Db,456,455
test,0xe1aDb04a93D76588BBA237e042202Ac83942689E,330,329
test,0xe1aea071dc996d1dc5e2b7164b4c708f10e72001,1305,1304
test,0xe1d4a7850e95e9c652b7309cdc9d950859d98673,219,218
test,0xe2180685321858e1d5282274283a09f32724b6e3,1742,1741
test,0xe22028fbce0bed9261a8ec4f54cca45a6c1fb395,96,95
test,0xe22d79fd4a829f928ff1eb260c875c6a6e1fb8fb,762,761
test,0xe23266201b2ad708cf9916240783ebe0405b3881,350,349
test,0xe2880b091344eaee0d7b20e3973a89b8a4932abb,350,349
test,0xe28e08bc165ab3e2b1ad1594e255f7cf85916d02,296,295
test,0xe2fe80062dce049caae1e89966d0856cbbb77626,471,470
test,0xe344757aea83ac838f22e757991489993e5d3760,4967,4966
test,0xe367A80419A1f5180296A953428EBc2871E537e5,3403,3402
test,0xe37b0c4c42e02c82a023d79600dc6465cfb94eb9,281,280
test,0xe3eeb1be813f81c04979f8d0b5d2012da78da0c8,617,616
test,0xe3ef1f1784ac64de052faa7cae038abdc59e9c73,183,182
test,0xe403fd53eb2ab7735df442191f9a03dffa459e6f,2048,2047
test,0xe40c3374a3657f1d81279e6ac5b69f4a8d6cecf5,1872,1871
test,0xe41981bd27b1684fc9f4230a12607649ace1b4c8,626,625
test,0xe41a1f73979cb25def133fb3a529d540057188f2,1274,1273
test,0xe43ac1714f7394173b15e7cff31a63d523ce4fb9,1538,1537
test,0xe46786c25bd4d042e7acf518a225c1896a01129e,91,90
test,0xe47e81cd155ee4591a124d0b0eaed1e8481e94d8,1880,1879
test,0xe4a0221439db516c2212475b3fb71ecc9ce4b4ba,833,832
test,0xe5540268aeead01756ee310cb0bc04e06b720e04,361,360
test,0xe5568ad7f29e67890bfe8f76a0f50b4113a62c77,2323,2322
test,0xe58aff48f738b4a719d1790587cdc91a3560d7e1,514,513
test,0xe59000e2b24b90e02d2d4d7fea0eca438a3a66c6,345,344
test,0xE5a04D98538231b0fAb9ABa60cd73cE4fF3039DF,6457,6456
test,0xe5a89eb6b03d8b176d0eca7cf78d58d5ff499ae4,589,588
test,0xe5ed4bd856790dde4de0dd411afcd0221256fd08,536,535
test,0xe640d8c3d7e101e3d6f44bc5901e04f57ec90433,350,349
test,0xe642b6f79041c60d8447679b3a499f18d8b03b81,3429,3428
test,0xe676922f11a93c9dc2b756dc2f0a724e322d966d,217,216
test,0xe697a883c3a9feb713b69fc06fb9b3421f978dc1,242,241
test,0xe6a35eb57489ec9b12ca093487f5dabf53725527,361,360
test,0xe6b103240e861dbc228b7043eb12d999813f3000,350,349
test,0xe6c06F67dB6D927289A7F79230e3c6bb6EE29E55,1223,1222
test,0xe702e16d904f191ab75b8dbb5504960eae5af950,3525,3524
test,0xe71340383c92bb5ff427d70cd1a95e61054ef956,506,505
test,0xe75e8cf3e820f1f8af1e2f7c679cacf57aaf7f73,1390,1389
test,0xE769D988CedA1559aeE07963e59e62bd730dbBa6,1117,1116
test,0xe771d80fdf3a08f15942af54fce5ce29737321ff,350,349
test,0xE7E25a3D83abdC4a4273792CCa7865889a7b0Df3,172,171
test,0xe80379891c15394938980D152dcf127D5888Aa4c,335,334
test,0xe85083dec29ca5287a00a29f667a8c5489cdf297,1917,1916
test,0xe85e5c05886b821f9075e1e29b1e347bf4e6b4b7,666,665
test,0xe8fed6f214e2c0853313f6cef16312494a683f4a,143,142
test,0xe9cb09eee7f922c339701cb8750bb8bf60e340f7,415,414
test,0xe9db9cff901ab53e869b1f8c8cceef0be60947b3,605,604
test,0xe9de1c630753a15d7021cc563429c21d4887506f,748,747
test,0xe9e4afe548256ba90ee7d63f24eac11250f67450,388,387
test,0xe9fc1fdaad4dcf78edc701854683bb30cc365133,631,630
test,0xea1f346faf023f974eb5adaf088bbcdf02d761f4,746,745
test,0xea24a71be925e1bd939159bee897917343c1df65,350,349
test,0xea24a873e32eb93c13aee7526eb5e430c95f4219,967,966
test,0xea3a23c53dbb15164bca835be54f6bb913333b79,636,635
test,0xea42ea8f6ad836d7ceda84d1ddebcbc685c0142c,1334,1333
test,0xea4a98478457637e5e5bbfecb3f8917cb68885af,63,62
test,0xea50bb4a550b10c6859170500c21a73f3e362490,532,531
test,0xEa6278DbbE7CBb567E9E825d998c05432f0bdCf3,1623,1622
test,0xea7b6b33781b3e45f0de64b67e07ad2676b13c9a,350,349
test,0xeaaa3585ffdcc973a22929d09179dc06d517b84d,542,541
test,0xeabafcdc7a7ad024b3bfa76c5d9d768dd1c87a46,327,326
test,0xeb30a047fb51da2ec987db551522fe63aff2cc76,1451,1450
test,0xeb671a8e9a19ac40d2f3413dd141cac6449660d3,903,902
test,0xeb72f169016fec42b63ae5e87207f0fb274408c7,990,989
test,0xebc86d834756621444a8a26b4cf81b625fe310cd,1308,1307
test,0xebe2fd893f62429f739500e0b746d6bdb7e51c2b,350,349
test,0xec09cc854227b0051e70156269b8c0ca4e9ae93e,811,810
test,0xec1fad45235757028f219553262d88f9d22edd86,505,504
test,0xec2374b274a8c04c0ec52dab10bc78078589ab62,9085,9084
test,0xec4d29fd22066e75746eb68cb51d8a7df7d28356,5315,5314
test,0xec5aa93136896c571304d6887327a5ab1029d236,269,268
test,0xecaad8df0dee0b9ed45ffd1191b024701f21506c,545,544
test,0xecbc75c64a4deb24e57355b3be6f9fd5ced31081,350,349
test,0xecff23f7d4a08c2b2792c7470332b9cbc229554b,544,543
test,0xed17658ad6b3fe87c7dc7323d0e77c4116a23626,644,643
test,0xed26c38f8c1b007c945b28a8acbc4e05243ab768,216,215
test,0xed2a2294bd1045b96386d21d22a13b343140bf9d,379,378
test,0xed37a1395e3c9db3e6543ea770b91ea0e8bd4f05,392,391
test,0xed5a55797caecca39811ac3cc0ee085cafc05953,472,471
test,0xed5b79ef128a9b6da1a3a1aab935bcbf465e7f83,438,437
test,0xed6c0654cd61de5b1355ae4e9d9c786005e9d5bd,1266,1265
test,0xeda2b1cc85743ad07d6eb8e5a22cdbe142c10e6d,6198,6197
test,0xedd7c94fd7b4971b916d15067bc454b9e1bad980,810,809
test,0xedd9ad476fbB9f4b27530446459a07aEFfcF9777,982,981
test,0xedeebaf43f17d90a2799aa21fef016efe472d411,372,371
test,0xee61d0f4d7da6953b4e3ca62cbe10c16045b6a67,658,657
test,0xee6a5e65a087380c7991c928b94fb7113e9c758e,358,357
test,0xee8bd1502c3e9f6c543781467c01592ac51cfbb8,616,615
test,0xee8c1500e3b5d8463980f8cfd8f2d58b692c4980,1066,1065
test,0xeeb57f30149898d6fa74c2797ce8012d09ffdf73,350,349
test,0xEEd78ab9c66E90bde341143555D2a48C0869C80D,361,360
test,0xeef8102a0d46d508f171d7323bceffc592835f13,833,832
test,0xef6338d6f390e36954355dcc13380df67b154247,565,564
test,0xef6ad5b5e389b3676ca1c666d88821d4d5cad2ae,346,345
test,0xef7149290d68db4ae877c8fa32e89f99939eb2bd,216,215
test,0xef90b9fea51c983827ba3b79c3c19a9751fc7e99,1436,1435
test,0xefab21b4de8b0a8c167e9afa8183e0e14cef400f,1492,1491
test,0xefd57b75cad5ac36ba102a88e34374a7bb68acf3,463,462
test,0xefdbec62ad88e50c872b027489b47be1d906fdd6,350,349
test,0xeFFE278ec085677D7FFe1c9AFBB6cc938b2b1BC1,3403,3402
test,0xefFe3381cf128b514772d981Ce12C1C3A041e69c,1972,1971
test,0xf001f36acb8a11158eae0983b6bc24ae0c7239dd,681,680
test,0xf0300337E920aE843040A71584f870aE719bf5eD,1085,1084
test,0xf03045a4c8077e38f3b8e2ed33b8aee69edf869f,532,531
test,0xf03754fae0beecf94166524a90eceb19e43fee8a,533,532
test,0xf03cde4e3e7242d03e88e181d843af5f316b9db8,344,343
test,0xf066a61ebcb0a11ec3921cf9fbcca4561877526f,549,548
test,0xf0686f485e25cd6b7c505cead4aec5ea18600d1a,1580,1579
test,0xf072f26100522ff1d5ecf40e74db5c25643b3e36,954,953
test,0xf079dd66fd50624d1ea26185ea3bf41ca4606187,350,349
test,0xf084d5bc3e35e3d903260267ebd545c49c6013d0,494,493
test,0xf0993c8cc3680040a735100f986bf6a44770aed1,489,488
test,0xf0d20ae17804be1e5fd400f04991aeb0ffed5a03,646,645
test,0xf0e59df97fb1a44a9169fd4eaa33cbd5a6e9f4eb,350,349
test,0xF0f8B0B8DBB1124261FC8d778E2287e3Fd2Cf4f5,345,344
test,0xf0fad39d378a45fee79d6c69071c049ec682ec84,350,349
test,0xf12a2e2a1a1d714d6c7db114806411596a09b10a,977,976
test,0xf15f61643eea73be40ad9b72c09ed381fac7a256,564,563
test,0xf1a35ded3f2f48d2a036f4ef586b725ceb0dddeb,350,349
test,0xf1a47b728439730e9f83054d7c352575bf13f0b4,1067,1066
test,0xf1be2effd5158b94129d9e5533e0070e87f00d60,1306,1305
test,0xf204af93aa5da4364e30d3f92ea1d259cd8d6a7f,590,589
test,0xf20b76ed9d5467fdcdc1444455e303257d2827c7,758,757
test,0xf226fd053b0e942e9f96ba9981b657c032a6ccf0,353,352
test,0xf243ca2da0ed65846d61c6a6060510e149b1c314,350,349
test,0xF244176246168F24e3187f7288EdbCA29267739b,4906,4905
test,0xf2639c722cf9f1fecb409ae9506e75f8ee5ea522,725,724
test,0xF265b27C698f9687eD04876e2f99D8BE45ECDC57,651,650
test,0xf26a3792ac7bc158f9c2df197be569d4842c24be,617,616
test,0xf270f361edca19f7063184b0e6b4f264468ecbc1,399,398
test,0xf2d54df240befec98766b9a012051322c72b5bea,350,349
test,0xf2deb55ee8a995a2c9ce9dc619791dff9a102907,350,349
test,0xf2e51e32d1f546423364a040ef1a6d2f05e31482,723,722
test,0xf2ec4048d9458cefe224c1630ccfb1b15fadeeff,350,349
test,0xf2fe041b99cc26153063227246eb00e01a959262,931,930
test,0xf300cc72613d575a4567405c2a07d2aaf182aebf,949,948
test,0xf302e819f3b6e3c1dd869ffdc3cf82646ccd4748,275,274
test,0xf30ce9807e55bb1bbdf0417fed1e2e518bcc03bc,1169,1168
test,0xf31ceee690ac4fae272dda93dbd2306483b86e34,1127,1126
test,0xf355164187e533b1969b4de46737c4e8bc9ae7e2,361,360
test,0xf359d9e7da8794e77322f9bbd3f6e588665109be,11,10
test,0xf363dc63fde10df67a305faddd0116060d7de3f3,211,210
test,0xf382CCBd3D203C10706059fFDCfe053308955792,758,757
test,0xf394f7d76b8efce4cdb80c7f919c9dcd1d33cec6,910,909
test,0xF3981E5ff82CAAA5d4cb4fbA540b06c20c3d3dbE,1547,1546
test,0xf39C702594792B91aec6d881C9e6ebD2022A2271,646,645
test,0xf3a092e04be4d687f7a47e7131b9f6d496ebedea,497,496
test,0xf3a8f103574bc64358e372ed68e95db0b2bb0936,3098,3097
test,0xf3edd86eda24922d6178737e834c78368c36ec8e,617,616
test,0xf412af62269a0b3b10ea727df81231cdc5bb6364,544,543
test,0xf441b73b0a196aa67d32aee230aab5e54eef4765,1066,1065
test,0xf4555ccf9f069366b0a9b847e4f23f978cfe74c0,617,616
test,0xf4616ecab980a817791008cb88e516e0a156296f,539,538
test,0xF47fcf487177a1f39c4c4F26dA5cf762d02bf2cA,687,686
test,0xf486f1c63c4d32b1109bbedd1c1896b69ed93be3,233,232
test,0xf4991089fdc65a9e23771adef47544742a0096c4,349,348
test,0xf4a0767888e483143671f873b40376a7d20ba3e4,1539,1538
test,0xf4acd4f5b97648800f579a8acee52cd5f8571342,126,125
test,0xf4fff780f5b0e8c855563564339a22674de8aa1b,941,940
test,0xf51dfcef44e139edb16b00cf67b5f49f70d4ac3f,352,351
test,0xf543684592a3a7ca59e951458031b54d6df25f1b,355,354
test,0xf55acf113cb1628f27b23d61fe6df12f43294694,743,742
test,0xf5618f27f08e4ed6890103385bb9f756822b5d27,2344,2343
test,0xf5797ef01af8b94b6396020ec817fc3c6a2b737a,611,610
test,0xf5a467995fceb971b708ef0dee3220ee3b9b6296,697,696
test,0xf5aca7f577de131c176d6a2069eb90b494a34fff,364,363
test,0xf5b464dbd43887c3c2f2be7c12db3427d3a57ba7,350,349
test,0xf5b59c107f3f7b1c2a7c3d09234bd0a055ad8d55,127,126
test,0xf5caA669Af1A00A4feC356Fec8FdD559C824B3bb,1956,1955
test,0xf5f01f5cc75b29c277ec4ea82874bc443c4167b0,680,679
test,0xf5f4a0b0a2153028d518a3f887e0028688351029,1071,1070
test,0xf60b1c49ef7432d7618144c4ed8b029fca7803ca,350,349
test,0xf60c8366055b8c899976f21812b23efca8c97ffb,92,91
test,0xf643f640511a4Fb900c2cD4164fF2312288b248b,361,360
test,0xf64ffb283982246c12cebaf37b9841f8895d5d34,354,353
test,0xf6962cfe3b9618374097d51bc6691efb3974d06f,974,973
test,0xf6b55acbbc49f4524aa48d19281a9a77c54de10f,1550,1549
test,0xf6b6aa0ef0f5edc2c1c5d925477f97eaf66303e7,1125,1124
test,0xf6cfe53d6febaeea051f400ff5fc14f0cbbdaca1,1716,1715
test,0xf724d311d67ad260f7c892d25e556fa12d2a5552,350,349
test,0xf728b0ABDd7F796a79c3DE6AF7B7819418BE20Be,624,623
test,0xf74503c8d80b145d622c8f97a7ed322cbff23d61,320,319
test,0xf77f4810e7521298a6e2a04f82a6c3492706d74f,350,349
test,0xf7ae0daa230bf3fb3c0e5e01e7a6e0a142c6cf7e,747,746
test,0xf7B54dDFe88AcE53FbF7a9b3D9f8FE9452a78ab4,1274,1273
test,0xf7cbc0eee75f9c3b0acdd5c8d7c0312095188e24,174,173
test,0xf7ceaf2ee0a1e237e624e0e5c8b7cc0d28f01088,1394,1393
test,0xf7d24c5e3dcaa07f942f1c307361cdcaacc3e05c,941,940
test,0xf7f6b7164fb3ab456715d2e8b84e8baac8bd09a9,352,351
test,0xf7f6c2836293a661be2690fbacae97f3f027e9c4,3255,3254
test,0xf82eb93feaa4deaa72c561fb67d845d81b7eaeb7,760,759
test,0xf83cb334a6e2b44f4bfbddd94966b144b3cbfd1a,546,545
test,0xf85a2e95fa30d005f629cbe6c6d2887d979fff2a,1262,1261
test,0xf85c702d1cdf1edd343b2fb46c2ae743208d4ab1,595,594
test,0xf87865c9e297c4373714a0c29990f47408848b82,389,388
test,0xf87a7ec94884f44d9de33d36b73f42c7c0dd38b1,809,808
test,0xf896dd064e91dabd441102bed530f2c13b9c9fdb,350,349
test,0xf8e06e4e4a80287fdca5b02dccecaa9d0954840f,691,690
test,0xf8ef303406cbcbfc82af008d45210c835ad2f736,1584,1583
test,0xf8fd58e7df025bb1ae62e522425e0f44df323c20,746,745
test,0xf920a9283a9c291018febef266aec1516d07f678,350,349
test,0xf92698aa5cf655b092d98548b292bb150998888d,1189,1188
test,0xf9293569e274aedf6b79efa2427a608e874dfb1c,55,54
test,0xf97c1c0752312134c60cbfdf311e36d912a6aed6,342,341
test,0xf982DD51D5b65CF12EeF59b7d77B415766235abc,444,443
test,0xf9982d56a3bca3e2808c537bba1909baa29f131a,350,349
test,0xf99f901124cbbe180984a247ba94cfba0c764b2e,543,542
test,0xf9b317973590419c63c8484dc271084e54c16590,435,434
test,0xf9b8986790f34d5147bf831d0bbc739986b36dd6,750,749
test,0xf9bea6a897f842bbe90562b06a0a13b1890b688c,913,912
test,0xf9d4f02060C4E12fa2de5433B5eb5cA035cb3e50,108,107
test,0xfa1ba7dbb7b20439e75ca45173cf45c95a9301ea,889,888
test,0xfa5e85584c895483af162b6b87b6e8730bd41183,969,968
test,0xfa846c47077cc1f47bc073ee391d979ad5bd2888,296,295
test,0xfa8a5aa144f4e9fef3c1506ccc4ad3dcc5799fd0,544,543
test,0xfa9392a584ac77f04479eefbee57c72e85a74811,471,470
test,0xfaaad14ff8d00e28959094dd8cf90b6dcd7f5a3e,350,349
test,0xfaac705fb942836070fd11c6fb1bd784e9ce48a5,2526,2525
test,0xFAB42D6Bf63475953263298AB3E7fF7ba418cd9A,379,378
test,0xfac50f760d114de38bf0a6d44f31a9c22f778db3,239,238
test,0xfada6a9bc9a5c7ca147ee6a7cdc428938deb7662,576,575
test,0xfae0300c03a1ea898176bcb39f919c559f64f4ff,113,112
test,0xfaf8cbe7ae1bb6d2986ba94a375458d325832bd8,129,128
test,0xfb2b6dc87b0d2ceffdabd0e8d320c9471d6d9084,419,418
test,0xfb30849bf147c8fec02970a28c623da6ecadee60,342,341
test,0xfb3ddcabbdc9545b271c999cd13a1390ff75d28c,489,488
test,0xfb4994a4F1e97572B97F50C75e32ED37Eb16E37E,283,282
test,0xFB7Aa013425B762cF2D8FEFd05F3CD4B9Ab3Df11,624,623
test,0xfb838ae5980c8d3beb3f8df6e0232aad4a1f5a17,592,591
test,0xfb950d858dab0594f4cffb77201215ee46d8b304,436,435
test,0xfb9ec6af1705b4d93213e32cb245eb08e931eeb8,551,550
test,0xfba8d67c720cf3a876fd1825329c33060ddbc2ae,877,876
test,0xfbd0e642295ac9b203ff1f2ff6bec6ce639bfb34,207,206
test,0xfbd9c261dd547bc8b51e09c03e9fb75fb49eb806,1944,1943
test,0xfc28ec0aed2513eab08fabccbef5df6c34b0abb5,350,349
test,0xfc2c4d8f95002c14ed0a7aa65102cac9e5953b5e,733,732
test,0xfc4f1acaaed191715cd50b9bc5311f7ad076424e,782,781
test,0xfc5201a5f4c47f15ea98bca12eff0bf809f402f0,350,349
test,0xfc5cda7a2ecdc31de3b060e988ddff7d000f66ed,683,682
test,0xfc5de599c9fe4e5cf0744aef3139ae53aa30a566,2646,2645
test,0xfc6edbcc2a30466b256e6987bb85d39ea286e9d1,1010,1009
test,0xfca79bfc77572f504d0b25933e18e93f5f98b33c,1972,1971
test,0xfcac7a7515e9a9d7619fa77a1fa738111f66727e,620,619
test,0xfcb48fdcc479b38068c06ee94249b1516adf09cb,350,349
test,0xfcbf397ee8217f7a3dd3c81e2c03f621590f9c28,263,262
test,0xfcc2230d5c1c119a205006fb9083f00cd5573cf1,507,506
test,0xfcc4bb716c8158f91665f1d3f8db8763d821fcf6,566,565
test,0xfcc5b18f1f51956e0abb411e7b86c76586ab4ef9,3450,3449
test,0xfd040d229e265d976a9e51a18ad627693a71471a,287,286
test,0xfd0df7b58bd53d1dd4835ecd69a703b4b26f7816,1239,1238
test,0xFD1E3d3E641f224CE8e1117866CF3F01ed2D5D9f,68,67
test,0xfd3893a521214ff225b8ea0cb271bf7c874d544b,102,101
test,0xfd3ba915b8fe30c7a5449c0aeceff40ff420a6fc,499,498
test,0xfd5f64d259bef6f2c9249973416ade195846fa0b,350,349
test,0xfd5fb2880b5b725bf8f4ebd3cd30d23aa65dc5fb,221,220
test,0xfd660ef8666ecc397041ee5e057681ae804ba18f,131,130
test,0xfd73fc5ff21a31402bbbaa716a28183819b3053c,544,543
test,0xfd89de68b246eb3e21b06e9b65450ac28d222488,813,812
test,0xfd95392e1ce28a6debff90feb0a28a1392df738b,1689,1688
test,0xfe08e4473f56fe9ed8e4d78592922fc5ce5f6215,350,349
test,0xfe17e67e1b2a69c24a4643442185ec821be0643a,360,359
test,0xfe1e365ebbb792dab452b94d07a46e8a628d5881,192,191
test,0xFE39cDEd08AD8C1BcDAda411c377AE4d474df463,364,363
test,0xfe4332fc6b2ae399439e017f5019e9086e591f71,908,907
test,0xfe81b2bb25c34dfb2a023d1378a5f41759973067,465,464
test,0xfea795702ac6c7e117d9148aff4dcc12f19e7d42,400,399
test,0xfec6896d1918232b70b1981d7f5503bc0b89522e,4016,4015
test,0xfedae5642668f8636a11987ff386bfd215f942ee,1478,1477
test,0xfef55728bf49bd294be3759cc952b971ea4b3d74,1012,1011
test,0xff030dca3c6d546328945b6c1bcdb4f5ba2b22da,1660,1659
test,0xff1642f2ed00d802cc305be21e6dc1d1e4f19a67,617,616
test,0xff1f9c77a0f1fd8f48cfeee58b714ca03420ddac,1914,1913
test,0xff3519eeeea3e76f1f699ccce5e23ee0bdda41ac,530,529
test,0xff3b832855a9193b224ce0522da53ca8aecad813,494,493
test,0xff4f3ab463056a5a63c0ed83ecaf57d78a2e53db,353,352
test,0xFF603F43946A3A28DF5E6A73172555D8C8b02386,565,564
test,0xff774723dc0b7ae8a9756a2f03b95d376db54dec,355,354
test,0xff79802399bb12e503a13633f71bf7ae1da9c9a1,364,363
test,0xff873e1c70c910edd8542dcdebb47c8ea5c6192f,7231,7230
test,0xff8a1ba752fe5df494b02d77525ec6fa76cecb93,165,164
test,0xffb19d540d842244a1642c35e46ecf9919bc8fe7,551,550
test,0xffc70fba8d4fd318089062662a155c98f8ba3e5e,350,349
test,0xfFc80F7403FF8C1AEe200AD110fE0fa28D213445,272,271
test,0xffe2e9b263458d5e5f4d9e132caa085bab1af3ec,965,964
test,0xffed1cb392e36bdf5004450ab76fab23a5337c05,350,349
test,0xfff3d3b591e792eb3d937327b4b786db37ba2087,602,601
